# number,node1,node2,length,width
0,0,1,4,3
1,1,2,19,3
2,2,3,174,3
3,3,4,53,3
4,4,5,44,3
5,5,6,40,3
6,6,7,11,3
7,7,8,16,3
8,8,9,4,3
9,9,10,4,3
10,10,11,16,3
11,11,12,256,3
12,12,13,63,3
13,13,14,4,3
14,14,15,20,3
15,15,0,4,3
16,0,16,4,3
17,16,17,30,3
18,17,18,4,3
19,18,19,4,3
20,19,20,30,3
21,20,0,4,3
22,0,21,4,3
23,21,22,10,3
24,22,23,61,3
25,24,25,9,3
26,25,26,15,3
27,26,27,5,3
28,27,28,10,3
29,28,0,4,3
30,9,29,4,3
31,29,30,14,3
32,30,31,18,3
33,31,32,19,3
34,32,33,19,3
35,33,34,19,3
36,34,35,4,3
37,36,37,12,3
38,37,38,13,3
39,38,39,8,3
40,39,9,4,3
41,40,41,36,3
42,41,42,9,3
43,42,9,4,3
44,43,44,4,3
45,44,45,43,3
46,45,46,21,3
47,46,47,19,3
48,47,48,18,3
49,48,49,20,3
50,49,50,19,3
51,50,51,18,3
52,51,52,18,3
53,52,53,14,3
54,53,9,4,3
55,18,54,4,3
56,54,55,10,3
57,55,56,59,3
58,18,57,4,3
59,57,58,15,3
60,58,59,15,3
61,59,60,112,3
62,60,61,34,3
63,61,62,42,3
64,62,63,11,3
65,63,64,4,3
66,64,65,4,3
67,65,66,10,3
68,66,67,200,3
69,67,68,4,3
70,68,69,15,3
71,69,18,4,3
72,70,71,55,3
73,71,72,5,3
74,72,73,10,3
75,73,18,4,3
76,56,74,48,3
77,74,75,9,3
78,76,77,89,3
79,77,56,11,3
80,78,79,10,3
81,79,80,26,3
82,80,81,8,3
83,81,82,8,3
84,82,83,8,3
85,83,84,11,3
86,84,85,105,3
87,85,86,21,3
88,86,87,22,3
89,87,88,14,3
90,88,89,8,3
91,89,90,8,3
92,90,91,14,3
93,91,92,39,3
94,92,93,51,3
95,93,94,57,3
96,94,95,15,3
97,95,82,8,3
98,96,97,29,3
99,97,98,5,3
100,98,99,2,3
101,99,100,3,3
102,100,101,1,3
103,101,102,1,3
104,102,103,2,3
105,103,104,11,3
106,104,105,12,3
107,105,106,8,3
108,106,82,8,3
109,82,107,8,3
110,107,108,14,3
111,108,109,94,3
112,110,111,28,3
113,111,112,57,3
114,112,113,17,3
115,113,82,8,3
116,114,78,35,3
117,115,116,5,3
118,116,117,37,3
119,117,118,9,3
120,118,89,8,3
121,89,119,8,3
122,119,120,13,3
123,120,121,13,3
124,121,122,106,3
125,122,123,13,3
126,123,124,8,3
127,124,125,8,3
128,125,126,11,3
129,126,127,119,3
130,127,128,14,3
131,128,89,8,3
132,129,130,53,3
133,130,131,16,3
134,131,132,13,3
135,132,89,8,3
136,133,134,7,3
137,134,135,7,3
138,135,136,15,3
139,136,137,19,3
140,137,138,8,3
141,138,139,15,3
142,139,140,22,3
143,140,141,12,3
144,142,143,7,3
145,143,144,14,3
146,144,145,3,3
147,145,146,15,3
148,146,147,9,3
149,147,148,7,3
150,148,149,5,3
151,149,150,9,3
152,150,136,25,3
153,151,152,9,3
154,152,153,47,3
155,153,133,8,3
156,154,155,9,3
157,155,156,76,3
158,156,133,9,3
159,141,157,54,3
160,157,158,25,3
161,158,159,11,3
162,160,161,11,3
163,161,162,48,3
164,162,141,10,3
165,163,164,60,3
166,164,165,14,3
167,166,167,6,3
168,167,168,55,3
169,168,163,9,3
170,159,169,11,3
171,169,170,24,3
172,170,163,27,3
173,165,171,13,3
174,171,172,18,3
175,172,173,68,3
176,165,174,10,3
177,174,175,61,3
178,175,176,6,3
179,177,178,6,3
180,178,179,72,3
181,179,166,7,3
182,180,181,9,3
183,181,182,34,3
184,182,166,6,3
185,176,183,6,3
186,183,184,58,3
187,184,166,6,3
188,185,186,39,3
189,186,187,11,3
190,187,188,7,3
191,188,189,7,3
192,189,190,16,3
193,190,191,73,3
194,191,192,69,3
195,192,193,13,3
196,193,194,8,3
197,194,195,8,3
198,195,196,14,3
199,196,197,28,3
200,197,198,23,3
201,198,199,5,3
202,199,200,85,3
203,200,201,16,3
204,201,188,7,3
205,202,203,6,3
206,203,204,3,3
207,204,205,36,3
208,205,206,7,3
209,206,207,6,3
210,207,208,12,3
211,208,209,35,3
212,209,210,5,3
213,210,211,46,3
214,211,212,12,3
215,212,188,7,3
216,188,213,7,3
217,213,214,13,3
218,214,215,4,3
219,215,216,95,3
220,216,217,11,3
221,217,218,8,3
222,219,220,90,3
223,220,221,13,3
224,221,188,7,3
225,222,223,9,3
226,223,185,41,3
227,224,225,96,3
228,225,185,6,3
229,226,227,8,3
230,227,228,77,3
231,228,229,80,3
232,229,185,5,3
233,226,230,42,3
234,230,231,13,3
235,231,194,8,3
236,194,232,8,3
237,232,233,14,3
238,233,234,37,3
239,235,236,39,3
240,236,237,14,3
241,237,194,8,3
242,238,239,46,3
243,239,240,7,3
244,240,241,9,3
245,241,242,9,3
246,242,243,13,3
247,243,244,151,3
248,244,245,14,3
249,245,246,12,3
250,246,247,13,3
251,247,248,13,3
252,248,249,150,3
253,249,250,15,3
254,250,241,9,3
255,251,252,11,3
256,252,253,93,3
257,253,254,11,3
258,254,241,9,3
259,241,255,9,3
260,255,256,15,3
261,256,235,140,3
262,234,257,142,3
263,257,258,16,3
264,258,241,9,3
265,259,260,8,3
266,260,238,51,3
267,261,262,2,3
268,262,263,110,3
269,263,246,8,3
270,246,264,12,3
271,264,265,102,3
272,265,266,8,3
273,266,261,10,3
274,261,267,10,3
275,267,268,8,3
276,268,269,102,3
277,269,246,13,3
278,270,271,12,3
279,271,272,35,3
280,272,273,8,3
281,273,246,8,3
282,246,274,12,3
283,274,275,8,3
284,275,276,35,3
285,276,270,15,3
286,270,277,13,3
287,277,278,44,3
288,278,279,8,3
289,279,246,13,3
290,246,280,13,3
291,280,281,10,3
292,281,282,145,3
293,283,284,146,3
294,284,285,7,3
295,285,286,10,3
296,286,246,12,3
297,159,287,11,3
298,287,288,24,3
299,288,289,42,3
300,159,290,11,3
301,290,291,25,3
302,291,292,32,3
303,292,293,34,3
304,293,294,22,3
305,294,295,8,3
306,295,296,6,3
307,296,297,4,3
308,297,298,43,3
309,298,299,15,3
310,159,300,12,3
311,300,301,63,3
312,301,302,76,3
313,302,303,11,3
314,303,304,7,3
315,304,305,7,3
316,305,306,10,3
317,306,307,76,3
318,307,308,64,3
319,308,159,11,3
320,180,309,46,3
321,309,310,23,3
322,310,159,11,3
323,311,312,10,3
324,312,313,88,3
325,313,314,4,3
326,314,315,23,3
327,315,159,12,3
328,289,316,9,3
329,316,317,48,3
330,289,318,76,3
331,318,319,15,3
332,319,320,7,3
333,321,322,9,3
334,322,323,40,3
335,323,270,13,3
336,324,325,13,3
337,325,326,21,3
338,326,327,4,3
339,327,328,25,3
340,328,329,1,3
341,329,299,17,3
342,299,330,13,3
343,330,331,13,3
344,331,332,14,3
345,332,333,2,3
346,333,334,13,3
347,334,142,7,3
348,235,335,8,3
349,335,336,18,3
350,336,337,7,3
351,337,338,7,3
352,338,339,18,3
353,339,340,50,3
354,340,341,4,3
355,320,342,7,3
356,342,343,13,3
357,343,344,38,3
358,345,346,46,3
359,346,347,9,3
360,347,320,7,3
361,177,348,7,3
362,348,349,33,3
363,349,350,10,3
364,350,320,7,3
365,320,351,7,3
366,351,352,15,3
367,352,180,72,3
368,353,354,17,3
369,354,355,38,3
370,355,356,14,3
371,356,320,7,3
372,344,357,6,3
373,357,358,24,3
374,358,359,7,3
375,360,361,47,3
376,361,344,10,3
377,362,345,25,3
378,360,363,8,3
379,363,364,36,3
380,364,345,6,3
381,365,366,38,3
382,366,345,8,3
383,367,368,8,3
384,368,369,18,3
385,369,370,64,3
386,370,371,18,3
387,371,372,7,3
388,372,373,7,3
389,373,374,17,3
390,374,375,64,3
391,375,376,27,3
392,376,367,8,3
393,377,378,29,3
394,378,379,8,3
395,379,367,8,3
396,367,380,8,3
397,380,381,7,3
398,381,382,18,3
399,382,383,21,3
400,383,384,28,3
401,384,385,10,3
402,385,386,9,3
403,386,387,15,3
404,387,388,23,3
405,388,389,14,3
406,389,390,14,3
407,390,367,8,3
408,391,392,44,3
409,392,393,9,3
410,393,367,8,3
411,394,395,46,3
412,395,396,4,3
413,396,397,11,3
414,397,367,8,3
415,372,398,7,3
416,398,399,23,3
417,399,400,2,3
418,401,402,7,3
419,402,403,27,3
420,403,404,10,3
421,404,372,7,3
422,405,406,119,3
423,406,407,23,3
424,407,372,7,3
425,408,377,60,3
426,409,410,10,3
427,410,377,51,3
428,411,412,35,3
429,412,413,27,3
430,413,414,9,3
431,414,415,9,3
432,415,416,19,3
433,416,417,47,3
434,417,418,48,3
435,418,419,32,3
436,419,420,17,3
437,420,421,13,3
438,421,422,94,3
439,422,423,6,3
440,424,425,22,3
441,425,426,7,3
442,426,427,4,3
443,427,428,6,3
444,428,429,4,3
445,429,430,5,3
446,430,431,46,3
447,431,432,26,3
448,432,414,9,3
449,414,433,9,3
450,433,434,9,3
451,434,435,9,3
452,435,436,6,3
453,436,437,8,3
454,437,438,53,3
455,414,439,9,3
456,439,440,30,3
457,440,441,8,3
458,442,443,5,3
459,443,444,19,3
460,444,445,51,3
461,445,446,30,3
462,446,447,61,3
463,447,448,16,3
464,448,449,4,3
465,449,450,11,3
466,450,414,9,3
467,451,452,8,3
468,452,453,131,3
469,453,454,44,3
470,454,455,44,3
471,455,456,26,3
472,456,414,9,3
473,457,458,25,3
474,458,459,7,3
475,459,460,6,3
476,460,414,9,3
477,461,462,6,3
478,462,463,19,3
479,463,411,60,3
480,424,464,35,3
481,464,465,9,3
482,465,411,8,3
483,423,466,6,3
484,466,467,195,3
485,467,468,7,3
486,468,469,7,3
487,469,470,116,3
488,470,471,78,3
489,471,423,6,3
490,472,473,28,3
491,473,474,18,3
492,474,475,12,3
493,475,476,15,3
494,476,477,69,3
495,477,478,9,3
496,478,423,6,3
497,423,479,6,3
498,479,480,20,3
499,480,481,14,3
500,481,482,14,3
501,482,483,9,3
502,483,484,21,3
503,484,485,63,3
504,461,486,6,3
505,486,487,8,3
506,487,488,7,3
507,488,424,47,3
508,489,490,3,3
509,490,491,52,3
510,491,492,89,3
511,492,493,15,3
512,494,495,16,3
513,495,496,4,3
514,496,497,32,3
515,497,498,8,3
516,498,489,3,3
517,499,500,71,3
518,500,501,36,3
519,501,502,28,3
520,502,503,10,3
521,503,489,3,3
522,504,505,17,3
523,505,506,10,3
524,506,507,91,3
525,507,508,7,3
526,508,509,40,3
527,509,510,10,3
528,510,511,17,3
529,512,513,83,3
530,513,514,86,3
531,514,515,100,3
532,515,511,20,3
533,516,517,7,3
534,517,518,2,3
535,518,519,38,3
536,519,511,9,3
537,520,521,3,3
538,521,522,40,3
539,522,523,17,3
540,523,524,13,3
541,524,525,13,3
542,525,526,15,3
543,526,527,15,3
544,527,528,18,3
545,528,529,11,3
546,529,530,35,3
547,530,511,22,3
548,531,532,153,3
549,532,533,10,3
550,533,534,2,3
551,534,535,9,3
552,535,504,6,3
553,520,536,9,3
554,536,537,83,3
555,537,538,26,3
556,538,504,15,3
557,539,540,36,3
558,540,512,78,3
559,541,542,76,3
560,542,543,9,3
561,543,544,67,3
562,544,545,7,3
563,545,546,65,3
564,546,547,6,3
565,547,512,7,3
566,548,549,6,3
567,549,550,12,3
568,550,551,47,3
569,551,552,8,3
570,552,553,8,3
571,553,554,12,3
572,554,555,10,3
573,555,556,28,3
574,556,557,36,3
575,557,558,79,3
576,558,516,10,3
577,548,559,6,3
578,559,560,7,3
579,560,561,8,3
580,561,562,15,3
581,562,563,52,3
582,563,564,1,3
583,564,565,19,3
584,565,566,13,3
585,566,567,15,3
586,567,568,16,3
587,568,569,5,3
588,569,570,19,3
589,570,571,8,3
590,571,572,9,3
591,572,573,9,3
592,573,574,5,3
593,574,575,14,3
594,575,576,18,3
595,576,577,4,3
596,577,516,6,3
597,578,579,11,3
598,579,580,11,3
599,580,581,9,3
600,581,582,9,3
601,582,583,6,3
602,583,584,20,3
603,584,516,6,3
604,585,586,14,3
605,586,587,19,3
606,587,588,23,3
607,588,589,27,3
608,589,590,16,3
609,590,591,28,3
610,591,592,19,3
611,592,593,18,3
612,593,594,33,3
613,594,595,49,3
614,595,596,65,3
615,596,597,4,3
616,597,520,11,3
617,598,599,8,3
618,599,600,71,3
619,600,601,19,3
620,601,602,18,3
621,602,603,55,3
622,603,604,19,3
623,604,605,22,3
624,605,606,4,3
625,606,520,8,3
626,539,607,22,3
627,607,608,350,3
628,608,609,15,3
629,609,610,16,3
630,610,611,14,3
631,611,612,7,3
632,612,613,5,3
633,613,614,8,3
634,614,615,6,3
635,615,616,9,3
636,616,617,6,3
637,617,618,4,3
638,618,619,16,3
639,619,620,144,3
640,620,621,8,3
641,621,622,4,3
642,623,624,32,3
643,624,625,8,3
644,625,626,8,3
645,626,627,9,3
646,627,615,8,3
647,628,629,10,3
648,629,630,43,3
649,630,539,7,3
650,622,631,4,3
651,631,632,26,3
652,632,633,8,3
653,633,634,3,3
654,634,635,3,3
655,635,636,8,3
656,636,637,26,3
657,637,622,4,3
658,622,638,4,3
659,638,639,7,3
660,639,623,110,3
661,640,641,87,3
662,642,643,66,3
663,643,640,4,3
664,644,640,87,3
665,641,645,22,3
666,645,646,7,3
667,646,647,5,3
668,647,648,8,3
669,648,649,96,3
670,650,651,68,3
671,651,641,4,3
672,650,642,86,3
673,652,642,86,3
674,653,654,38,3
675,654,642,25,3
676,655,656,4,3
677,656,657,4,3
678,657,658,7,3
679,658,659,9,3
680,659,660,4,3
681,660,661,23,3
682,662,663,12,3
683,663,664,3,3
684,664,665,13,3
685,665,661,23,3
686,666,667,5,3
687,667,668,8,3
688,668,669,375,3
689,669,670,6,3
690,670,671,9,3
691,671,661,14,3
692,661,672,8,3
693,672,673,6,3
694,673,674,5,3
695,674,675,4,3
696,675,676,3,3
697,676,677,6,3
698,677,678,24,3
699,678,679,101,3
700,679,680,45,3
701,681,682,2,3
702,682,683,122,3
703,683,684,36,3
704,684,685,36,3
705,685,686,50,3
706,686,687,31,3
707,687,688,11,3
708,688,689,143,3
709,689,690,13,3
710,690,691,6,3
711,691,692,8,3
712,692,661,19,3
713,693,694,7,3
714,694,695,24,3
715,695,696,9,3
716,696,697,11,3
717,697,661,11,3
718,698,699,108,3
719,699,655,5,3
720,662,700,9,3
721,700,701,24,3
722,701,702,5,3
723,702,655,7,3
724,703,662,21,3
725,704,705,9,3
726,705,706,13,3
727,706,707,11,3
728,707,708,13,3
729,708,666,5,3
730,704,709,9,3
731,709,710,3,3
732,710,711,24,3
733,711,712,6,3
734,712,666,5,3
735,713,714,4,3
736,714,715,8,3
737,715,716,6,3
738,716,717,28,3
739,717,718,23,3
740,718,719,19,3
741,719,720,23,3
742,720,721,58,3
743,721,722,8,3
744,722,723,14,3
745,723,666,5,3
746,666,724,5,3
747,724,725,7,3
748,725,726,30,3
749,726,727,29,3
750,727,728,3,3
751,728,729,3,3
752,729,730,3,3
753,730,731,2,3
754,731,732,6,3
755,732,733,3,3
756,733,734,2,3
757,734,735,8,3
758,735,736,3,3
759,736,737,10,3
760,737,738,5,3
761,738,739,4,3
762,739,740,3,3
763,740,741,3,3
764,741,742,3,3
765,742,743,4,3
766,743,744,3,3
767,744,745,3,3
768,745,746,24,3
769,746,747,14,3
770,747,748,8,3
771,748,749,7,3
772,749,750,14,3
773,750,751,17,3
774,751,752,4,3
775,752,753,4,3
776,753,754,3,3
777,754,755,3,3
778,755,756,11,3
779,756,757,5,3
780,757,758,9,3
781,758,759,15,3
782,759,760,12,3
783,760,761,10,3
784,761,762,45,3
785,762,763,10,3
786,763,764,11,3
787,764,765,13,3
788,765,766,13,3
789,766,767,8,3
790,767,768,35,3
791,768,769,5,3
792,769,770,3,3
793,770,771,3,3
794,771,772,5,3
795,772,773,28,3
796,773,774,5,3
797,774,775,7,3
798,775,776,5,3
799,776,777,22,3
800,777,778,8,3
801,778,779,4,3
802,779,780,9,3
803,780,781,5,3
804,781,782,4,3
805,782,783,24,3
806,783,784,13,3
807,784,785,8,3
808,785,786,7,3
809,786,787,12,3
810,787,788,9,3
811,788,789,10,3
812,789,790,14,3
813,790,791,20,3
814,791,792,22,3
815,792,793,8,3
816,793,794,6,3
817,794,795,7,3
818,795,796,5,3
819,796,797,32,3
820,797,798,10,3
821,798,799,6,3
822,799,800,7,3
823,800,801,7,3
824,801,802,4,3
825,802,803,3,3
826,803,804,12,3
827,804,805,5,3
828,805,806,6,3
829,806,807,4,3
830,807,808,4,3
831,808,809,24,3
832,809,810,3,3
833,810,811,4,3
834,811,812,4,3
835,812,813,3,3
836,813,814,4,3
837,814,815,7,3
838,815,816,5,3
839,816,817,6,3
840,817,818,5,3
841,818,819,11,3
842,819,820,12,3
843,820,821,5,3
844,821,822,6,3
845,822,823,9,3
846,823,824,5,3
847,824,825,4,3
848,825,826,3,3
849,826,827,3,3
850,827,828,10,3
851,828,829,13,3
852,829,830,22,3
853,830,831,4,3
854,831,832,2,3
855,832,833,4,3
856,833,834,4,3
857,834,835,3,3
858,835,836,4,3
859,836,837,3,3
860,837,838,3,3
861,838,839,7,3
862,839,840,7,3
863,840,841,3,3
864,841,842,4,3
865,842,843,11,3
866,843,844,3,3
867,844,845,19,3
868,845,846,18,3
869,846,847,10,3
870,847,848,7,3
871,848,849,4,3
872,849,850,3,3
873,850,851,3,3
874,851,852,2,3
875,852,853,6,3
876,853,854,13,3
877,854,855,2,3
878,855,856,25,3
879,856,857,7,3
880,857,858,7,3
881,858,859,6,3
882,859,860,6,3
883,860,861,3,3
884,861,862,2,3
885,862,863,2,3
886,863,864,22,3
887,864,865,12,3
888,865,866,22,3
889,866,867,15,3
890,867,868,10,3
891,868,869,13,3
892,869,870,20,3
893,680,871,63,3
894,871,872,10,3
895,872,873,8,3
896,873,874,110,3
897,875,876,5,3
898,876,877,152,3
899,877,878,21,3
900,878,680,27,3
901,879,880,4,3
902,880,881,115,3
903,881,681,2,3
904,882,883,4,3
905,883,884,16,3
906,884,885,88,3
907,885,886,7,3
908,887,888,6,3
909,888,889,135,3
910,889,886,8,3
911,890,891,35,3
912,891,886,9,3
913,892,893,2,3
914,893,894,17,3
915,894,886,7,3
916,882,895,4,3
917,895,896,21,3
918,896,897,4,3
919,897,898,4,3
920,898,899,22,3
921,899,882,4,3
922,882,900,4,3
923,900,901,50,3
924,901,902,9,3
925,902,903,5,3
926,904,905,29,3
927,905,882,4,3
928,906,907,93,3
929,907,887,8,3
930,908,909,17,3
931,909,887,8,3
932,910,911,39,3
933,911,887,9,3
934,912,890,34,3
935,910,913,144,3
936,913,890,6,3
937,914,915,4,3
938,915,916,7,3
939,916,917,88,3
940,917,890,6,3
941,918,919,6,3
942,919,920,143,3
943,920,892,2,3
944,921,922,5,3
945,922,923,27,3
946,923,892,2,3
947,904,924,6,3
948,924,925,112,3
949,925,892,2,3
950,903,926,5,3
951,926,927,9,3
952,927,928,18,3
953,928,929,10,3
954,930,931,5,3
955,931,932,50,3
956,932,933,7,3
957,933,903,5,3
958,903,934,5,3
959,934,935,8,3
960,935,904,21,3
961,936,937,32,3
962,937,938,6,3
963,938,903,5,3
964,939,940,13,3
965,940,941,19,3
966,941,942,11,3
967,942,903,5,3
968,943,944,10,3
969,944,945,15,3
970,945,946,39,3
971,943,947,10,3
972,947,948,149,3
973,948,949,15,3
974,949,950,8,3
975,950,951,8,3
976,951,952,13,3
977,952,953,13,3
978,953,954,78,3
979,954,955,56,3
980,955,943,10,3
981,943,956,10,3
982,956,957,53,3
983,943,958,10,3
984,958,959,21,3
985,959,960,31,3
986,961,962,31,3
987,962,963,21,3
988,963,943,10,3
989,964,965,8,3
990,965,966,12,3
991,966,967,93,3
992,967,943,10,3
993,968,969,38,3
994,969,970,15,3
995,970,943,10,3
996,946,971,43,3
997,971,972,6,3
998,972,973,5,3
999,974,975,99,3
1000,975,946,5,3
1001,976,977,20,3
1002,977,96,2,3
1003,109,978,51,3
1004,979,980,21,3
1005,980,981,57,3
1006,981,982,28,3
1007,982,983,8,3
1008,983,984,8,3
1009,984,985,8,3
1010,985,986,8,3
1011,986,987,37,3
1012,987,988,6,3
1013,979,989,22,3
1014,989,990,13,3
1015,990,991,14,3
1016,991,992,30,3
1017,992,993,4,3
1018,993,994,5,3
1019,994,995,5,3
1020,995,996,4,3
1021,996,997,4,3
1022,997,998,4,3
1023,998,999,6,3
1024,1000,1001,9,3
1025,1001,1002,13,3
1026,1002,1003,19,3
1027,1003,979,9,3
1028,988,1004,6,3
1029,1004,1005,29,3
1030,1005,1006,3,3
1031,1006,1007,4,3
1032,1007,1008,4,3
1033,1008,1009,4,3
1034,1009,1010,4,3
1035,1010,1011,7,3
1036,1011,1012,5,3
1037,1012,999,7,3
1038,1013,1014,14,3
1039,1014,1015,7,3
1040,1015,1016,19,3
1041,1016,1017,141,3
1042,1017,1018,5,3
1043,1018,988,6,3
1044,1019,1020,3,3
1045,1020,1021,5,3
1046,1021,1022,24,3
1047,1022,1023,8,3
1048,1023,1024,21,3
1049,1024,1025,63,3
1050,1025,1026,5,3
1051,1026,1027,79,3
1052,1027,1028,14,3
1053,1028,988,6,3
1054,1029,1030,3,3
1055,1030,1031,8,3
1056,1031,1032,6,3
1057,1032,1033,6,3
1058,1033,1034,17,3
1059,1034,1035,7,3
1060,1035,1036,3,3
1061,1036,1037,2,3
1062,1037,1038,5,3
1063,1038,1039,29,3
1064,1039,1040,115,3
1065,1040,1041,53,3
1066,1041,1042,10,3
1067,1042,1043,9,3
1068,1043,1044,4,3
1069,1044,1045,13,3
1070,1045,1046,126,3
1071,1046,1047,59,3
1072,1047,1048,9,3
1073,1048,988,6,3
1074,999,1049,7,3
1075,1049,1050,5,3
1076,1050,1051,5,3
1077,1051,1052,4,3
1078,1052,1053,6,3
1079,999,1054,6,3
1080,1054,1055,4,3
1081,1055,1056,5,3
1082,1056,1057,23,3
1083,1057,1058,27,3
1084,1058,1059,146,3
1085,1059,1060,5,3
1086,1060,1061,5,3
1087,1061,43,4,3
1088,957,1062,34,3
1089,1062,1063,6,3
1090,1063,1064,12,3
1091,1064,964,8,3
1092,1065,1066,46,3
1093,1066,957,7,3
1094,202,1067,6,3
1095,1067,1068,31,3
1096,1068,1069,2,3
1097,1069,1070,2,3
1098,1070,1071,1,3
1099,1071,1072,1,3
1100,1072,1073,7,3
1101,1073,1074,1,3
1102,1074,1075,2,3
1103,1075,1076,1,3
1104,1076,1077,2,3
1105,1077,1078,17,3
1106,1078,1079,4,3
1107,1079,1080,21,3
1108,1080,1081,9,3
1109,1081,1082,12,3
1110,1082,1083,5,3
1111,1084,1085,4,3
1112,1085,1086,10,3
1113,1086,1087,17,3
1114,1087,1088,26,3
1115,1088,202,7,3
1116,218,1089,8,3
1117,1089,1090,24,3
1118,1090,1091,7,3
1119,1091,1092,11,3
1120,1092,1093,9,3
1121,1093,1094,8,3
1122,1094,1095,22,3
1123,1095,218,8,3
1124,218,1096,8,3
1125,1096,1097,11,3
1126,1097,219,9,3
1127,1083,1098,9,3
1128,1098,1099,17,3
1129,1099,1100,5,3
1130,1100,1101,20,3
1131,1101,1102,7,3
1132,1102,1103,5,3
1133,1103,1104,5,3
1134,1104,1105,20,3
1135,1105,1106,20,3
1136,1106,1107,56,3
1137,1107,218,8,3
1138,1108,1109,9,3
1139,1109,1110,11,3
1140,1110,1111,27,3
1141,1111,1112,13,3
1142,1113,1114,117,3
1143,1114,1115,8,3
1144,1115,1116,10,3
1145,1116,1117,12,3
1146,1117,1118,29,3
1147,1118,1119,4,3
1148,1119,1120,10,3
1149,1120,1121,10,3
1150,1121,1108,9,3
1151,1122,1123,6,3
1152,1123,1124,66,3
1153,1124,1125,5,3
1154,1125,1126,6,3
1155,1126,1127,6,3
1156,1127,1128,9,3
1157,1128,1129,8,3
1158,1129,1108,9,3
1159,1130,1131,8,3
1160,1131,1132,32,3
1161,1132,1133,5,3
1162,1133,1134,15,3
1163,1134,1108,9,3
1164,1112,1135,14,3
1165,1135,1136,28,3
1166,1136,1137,6,3
1167,1112,1138,13,3
1168,1138,1139,46,3
1169,1139,1137,6,3
1170,1140,1141,9,3
1171,1141,1142,177,3
1172,1142,1143,6,3
1173,1143,1112,14,3
1174,1140,1144,9,3
1175,1144,1113,41,3
1176,1145,1146,5,3
1177,1146,1147,19,3
1178,1147,1148,21,3
1179,1148,1113,121,3
1180,1130,1149,10,3
1181,1149,1150,54,3
1182,1150,1151,4,3
1183,1151,1152,4,3
1184,1152,1153,76,3
1185,1153,1130,8,3
1186,1154,1155,85,3
1187,1155,1156,4,3
1188,1156,1130,10,3
1189,1157,1158,6,3
1190,1158,1159,47,3
1191,1159,1151,3,3
1192,1157,1160,6,3
1193,1160,1161,56,3
1194,1161,1151,4,3
1195,1162,1163,88,3
1196,1163,1164,4,3
1197,1164,1157,6,3
1198,75,1165,13,3
1199,1165,1166,29,3
1200,1166,1157,6,3
1201,1167,1168,87,3
1202,1168,1169,5,3
1203,1169,1151,4,3
1204,1170,1171,5,3
1205,1171,1172,61,3
1206,1172,1173,5,3
1207,1173,64,4,3
1208,1174,1175,65,3
1209,1175,1176,5,3
1210,1176,64,4,3
1211,70,23,30,3
1212,23,1177,14,3
1213,1177,1178,24,3
1214,1178,1179,23,3
1215,23,1180,11,3
1216,1180,1181,12,3
1217,1181,1182,326,3
1218,1182,1183,5,3
1219,1183,1184,31,3
1220,1184,1185,4,3
1221,1186,1187,115,3
1222,1187,23,15,3
1223,1188,1189,41,3
1224,1189,1190,9,3
1225,1191,1192,65,3
1226,1192,1190,9,3
1227,1193,1194,20,3
1228,1194,1190,10,3
1229,1195,1196,10,3
1230,1196,1197,22,3
1231,1197,1198,11,3
1232,1198,1190,8,3
1233,1199,1200,6,3
1234,1200,1188,46,3
1235,1201,1202,62,3
1236,1202,1188,5,3
1237,1203,1204,143,3
1238,1204,1188,6,3
1239,1205,1191,31,3
1240,1206,1207,28,3
1241,1207,1208,27,3
1242,1208,1191,5,3
1243,1209,1210,72,3
1244,1210,1191,4,3
1245,1211,1212,10,3
1246,1212,1193,117,3
1247,1213,1214,9,3
1248,1214,1215,38,3
1249,1215,1195,9,3
1250,1206,1216,74,3
1251,1216,1195,7,3
1252,1217,698,115,3
1253,1218,1219,3,3
1254,1219,698,49,3
1255,1220,1221,144,3
1256,1221,1199,4,3
1257,1222,1223,61,3
1258,1223,1199,6,3
1259,1203,1220,46,3
1260,1224,1225,5,3
1261,1225,1220,160,3
1262,1217,1222,162,3
1263,1201,1222,55,3
1264,1226,1227,4,3
1265,1227,1228,8,3
1266,1228,1229,7,3
1267,1229,1230,72,3
1268,1230,912,7,3
1269,1224,1231,11,3
1270,1231,1232,12,3
1271,1232,1233,114,3
1272,1233,912,5,3
1273,1226,1234,4,3
1274,1234,1235,8,3
1275,1235,1236,9,3
1276,1236,1237,2,3
1277,1238,1239,51,3
1278,1239,1240,36,3
1279,1240,1241,9,3
1280,1241,1242,7,3
1281,1242,1226,4,3
1282,1226,1243,4,3
1283,1243,1244,10,3
1284,1244,1245,21,3
1285,1245,914,4,3
1286,914,1246,4,3
1287,1246,1247,21,3
1288,1247,1248,10,3
1289,1248,1226,4,3
1290,1249,1250,12,3
1291,1250,1251,10,3
1292,1251,1252,8,3
1293,1252,1226,4,3
1294,910,1224,37,3
1295,1253,1238,27,3
1296,1254,1255,4,3
1297,1255,1238,39,3
1298,1256,1257,5,3
1299,1257,1258,68,3
1300,1258,1259,14,3
1301,1259,1260,10,3
1302,1260,1261,6,3
1303,1261,1262,11,3
1304,1262,1253,18,3
1305,1263,1264,4,3
1306,1264,1265,15,3
1307,1265,1266,7,3
1308,1266,1267,12,3
1309,1267,1268,6,3
1310,1268,1254,5,3
1311,1269,1270,26,3
1312,1270,1271,18,3
1313,1271,1272,15,3
1314,1272,1273,11,3
1315,1273,1274,16,3
1316,1274,1275,7,3
1317,1275,1254,5,3
1318,1276,1277,53,3
1319,1277,1254,6,3
1320,1278,1279,7,3
1321,1279,1280,20,3
1322,1280,1281,21,3
1323,1281,1282,6,3
1324,1283,1284,7,3
1325,1284,1285,9,3
1326,1285,1282,42,3
1327,1286,1287,8,3
1328,1287,1288,25,3
1329,1288,1282,7,3
1330,1289,1290,8,3
1331,1290,1291,2,3
1332,1291,1292,3,3
1333,1292,1293,2,3
1334,1293,1294,3,3
1335,1294,1295,8,3
1336,1295,1296,97,3
1337,1296,1282,10,3
1338,1297,1278,45,3
1339,1298,1299,4,3
1340,1299,1300,26,3
1341,1300,1301,8,3
1342,1301,1302,35,3
1343,1302,1303,46,3
1344,1303,1278,22,3
1345,1283,1304,7,3
1346,1304,1305,18,3
1347,1305,1306,93,3
1348,1306,1289,11,3
1349,1307,1308,20,3
1350,1308,1309,37,3
1351,1309,1310,12,3
1352,1310,1283,7,3
1353,1283,1311,7,3
1354,1311,1312,17,3
1355,1312,1313,40,3
1356,1314,1315,43,3
1357,1315,1316,17,3
1358,1316,1283,7,3
1359,1317,1318,52,3
1360,1318,1319,19,3
1361,1319,1283,7,3
1362,1320,1321,4,3
1363,1321,1322,15,3
1364,1322,1286,10,3
1365,1323,1324,7,3
1366,1324,1325,64,3
1367,1325,1286,7,3
1368,1289,1326,14,3
1369,1326,1327,18,3
1370,1327,1328,4,3
1371,1328,1329,7,3
1372,1330,1331,4,3
1373,1331,1332,9,3
1374,1332,1333,32,3
1375,1333,1320,4,3
1376,1334,1335,7,3
1377,1335,1336,66,3
1378,1336,1337,32,3
1379,1337,1338,1,3
1380,1338,1320,6,3
1381,1339,1340,44,3
1382,1340,1341,7,3
1383,1341,1330,3,3
1384,1342,1343,4,3
1385,1343,1344,101,3
1386,1344,1345,1,3
1387,1345,1330,9,3
1388,1346,1347,57,3
1389,1347,1330,10,3
1390,1348,1349,9,3
1391,1349,1350,7,3
1392,1350,1351,11,3
1393,1351,1334,7,3
1394,1342,1352,5,3
1395,1352,1334,25,3
1396,1353,362,90,3
1397,1354,1355,39,3
1398,1355,362,5,3
1399,1356,1357,6,3
1400,1357,1358,37,3
1401,1358,362,6,3
1402,1359,1353,33,3
1403,1360,1361,42,3
1404,1361,1353,6,3
1405,1362,1363,37,3
1406,1363,1353,7,3
1407,1362,1354,91,3
1408,365,1354,25,3
1409,160,1364,8,3
1410,1364,1354,36,3
1411,1360,1356,86,3
1412,360,1356,26,3
1413,1365,1366,22,3
1414,1366,1356,3,3
1415,365,317,43,3
1416,317,1367,18,3
1417,1367,160,5,3
1418,151,1368,8,3
1419,1368,1369,88,3
1420,1362,1370,35,3
1421,1370,151,10,3
1422,160,1371,7,3
1423,1371,1372,76,3
1424,1372,151,9,3
1425,1369,1373,9,3
1426,1373,1374,35,3
1427,1374,154,10,3
1428,1375,1376,11,3
1429,1376,1377,72,3
1430,1377,154,9,3
1431,1378,1359,63,3
1432,1379,1380,27,3
1433,1380,1359,6,3
1434,1381,1360,23,3
1435,1382,1360,39,3
1436,1383,1384,8,3
1437,1384,1385,40,3
1438,1385,1386,40,3
1439,1386,1362,7,3
1440,1348,1387,9,3
1441,1387,1388,41,3
1442,1375,1389,9,3
1443,1389,1390,14,3
1444,1390,1388,18,3
1445,1369,1391,85,3
1446,1391,1388,7,3
1447,1383,1392,88,3
1448,1392,1393,1,3
1449,1393,1394,8,3
1450,1394,1348,9,3
1451,1395,1396,16,3
1452,1396,1397,11,3
1453,1397,1348,9,3
1454,1329,1398,7,3
1455,1398,1399,7,3
1456,1399,1400,9,3
1457,1400,1375,31,3
1458,1401,1217,60,3
1459,703,1402,9,3
1460,1402,1403,5,3
1461,1403,1404,88,3
1462,1404,1218,3,3
1463,1401,1405,113,3
1464,1405,1218,3,3
1465,1406,1407,14,3
1466,1407,1408,29,3
1467,1408,1218,3,3
1468,1406,1409,19,3
1469,1409,1410,44,3
1470,1410,1411,13,3
1471,1411,1412,75,3
1472,1412,1413,16,3
1473,1413,1414,4,3
1474,1414,1415,24,3
1475,1415,1416,15,3
1476,1416,1417,11,3
1477,1417,1418,12,3
1478,1419,1420,13,3
1479,1420,1421,27,3
1480,1421,1422,38,3
1481,1422,1406,17,3
1482,703,1423,60,3
1483,1423,1424,37,3
1484,1424,1406,13,3
1485,1425,1426,53,3
1486,1426,1406,15,3
1487,1418,1427,12,3
1488,1427,1428,42,3
1489,1428,1429,27,3
1490,1429,1430,10,3
1491,1430,1431,1,3
1492,1431,1432,7,3
1493,1432,1433,6,3
1494,1433,1434,8,3
1495,1434,1435,10,3
1496,1435,1436,12,3
1497,1437,1438,55,3
1498,1438,1439,18,3
1499,1439,1440,5,3
1500,1440,1418,12,3
1501,1418,1441,12,3
1502,1441,1442,50,3
1503,1442,1443,34,3
1504,1443,1444,6,3
1505,1444,1445,26,3
1506,1445,1446,5,3
1507,1446,1447,18,3
1508,1447,1448,3,3
1509,1448,1449,17,3
1510,1449,1450,5,3
1511,1450,1451,4,3
1512,1451,1452,2,3
1513,1452,1453,7,3
1514,1453,1454,9,3
1515,1454,1455,16,3
1516,1455,1456,20,3
1517,1456,1457,39,3
1518,1457,1458,42,3
1519,1458,1418,3,3
1520,1459,1460,26,3
1521,1460,1461,7,3
1522,1461,1418,12,3
1523,1418,1462,3,3
1524,1462,1463,36,3
1525,1463,1464,15,3
1526,1464,1465,8,3
1527,1466,1467,23,3
1528,1467,1468,26,3
1529,1468,1419,14,3
1530,1469,1470,6,3
1531,1470,1471,11,3
1532,1471,1472,24,3
1533,1472,1473,3,3
1534,1473,1474,1,3
1535,1474,1475,38,3
1536,1475,1476,4,3
1537,1476,1477,45,3
1538,1477,1419,7,3
1539,1478,1174,57,3
1540,1479,1174,106,3
1541,76,1174,126,3
1542,1480,1481,56,3
1543,1481,1170,7,3
1544,1482,1483,33,3
1545,1483,1484,89,3
1546,1484,1170,5,3
1547,1485,1486,39,3
1548,1486,1170,5,3
1549,1487,1488,7,3
1550,1488,1489,73,3
1551,1489,548,6,3
1552,1490,1491,7,3
1553,1491,1492,14,3
1554,1492,1493,36,3
1555,1493,1494,18,3
1556,1494,1495,18,3
1557,1495,1496,15,3
1558,1496,1497,17,3
1559,1497,1498,32,3
1560,1498,1499,27,3
1561,1499,1500,37,3
1562,1500,1501,10,3
1563,1501,1502,20,3
1564,1502,1503,9,3
1565,1503,1504,7,3
1566,1504,1505,7,3
1567,1505,1506,8,3
1568,1506,1507,8,3
1569,1507,1508,5,3
1570,1508,1509,9,3
1571,1509,1510,8,3
1572,1510,1511,12,3
1573,1511,1512,26,3
1574,1512,1513,2,3
1575,1513,1514,34,3
1576,1514,1515,33,3
1577,1515,1516,19,3
1578,1516,1517,27,3
1579,1517,1518,22,3
1580,1518,1519,39,3
1581,1519,1520,9,3
1582,1520,1521,24,3
1583,1521,1522,21,3
1584,1522,1523,35,3
1585,1523,1524,53,3
1586,1524,1525,58,3
1587,1525,1526,26,3
1588,1526,1527,9,3
1589,1527,1528,12,3
1590,1528,1529,10,3
1591,1529,1530,16,3
1592,1530,1531,40,3
1593,1531,1532,39,3
1594,1532,1533,48,3
1595,1533,1534,45,3
1596,1534,1535,17,3
1597,1535,1536,24,3
1598,1536,1537,9,3
1599,1537,1538,11,3
1600,1538,1539,10,3
1601,1539,1540,11,3
1602,1540,1541,20,3
1603,1541,1542,39,3
1604,1542,1543,41,3
1605,1543,1544,14,3
1606,1544,1545,85,3
1607,1545,1546,10,3
1608,1546,1547,32,3
1609,1547,1548,9,3
1610,1548,1549,20,3
1611,1549,1550,24,3
1612,1550,1551,21,3
1613,1551,1552,9,3
1614,1552,1553,8,3
1615,1553,1554,7,3
1616,1554,1555,7,3
1617,1555,1556,16,3
1618,1556,1557,9,3
1619,1557,548,6,3
1620,1558,1559,7,3
1621,1559,1560,18,3
1622,1560,548,6,3
1623,1561,1562,95,3
1624,1562,1563,28,3
1625,1563,1487,6,3
1626,598,1564,5,3
1627,1564,1565,63,3
1628,1565,1487,10,3
1629,1566,1567,30,3
1630,1567,1568,11,3
1631,1568,1569,203,3
1632,1569,1570,60,3
1633,1185,1567,66,3
1634,1566,1571,62,3
1635,1572,1573,92,3
1636,1573,1574,54,3
1637,1574,1575,58,3
1638,1575,1576,59,3
1639,1576,1566,11,3
1640,1572,1570,22,3
1641,1570,1577,120,3
1642,1577,1578,21,3
1643,1579,1580,6,3
1644,1580,1581,99,3
1645,1581,1582,29,3
1646,1582,1583,7,3
1647,1584,1585,6,3
1648,1585,1586,47,3
1649,1586,1587,19,3
1650,1587,1588,213,3
1651,1588,1579,6,3
1652,1589,1590,66,3
1653,1590,1591,63,3
1654,1591,1579,6,3
1655,1592,1593,19,3
1656,1593,1594,21,3
1657,1594,1595,19,3
1658,1595,1596,23,3
1659,1596,1597,22,3
1660,1597,1598,11,3
1661,1598,1599,211,3
1662,1599,1579,6,3
1663,1583,1600,9,3
1664,1600,1601,19,3
1665,1601,1602,13,3
1666,1602,1603,18,3
1667,1603,1604,8,3
1668,1604,1605,7,3
1669,1583,1606,3,3
1670,1606,1607,56,3
1671,1607,1605,7,3
1672,1608,1609,8,3
1673,1609,1610,31,3
1674,1610,1583,3,3
1675,1611,1612,8,3
1676,1612,1613,16,3
1677,1613,1614,31,3
1678,1614,1615,5,3
1679,1615,1616,4,3
1680,1616,1617,11,3
1681,1617,1618,8,3
1682,1618,1619,7,3
1683,1619,1620,4,3
1684,1620,1621,4,3
1685,1621,1622,5,3
1686,1622,1623,5,3
1687,1623,1624,5,3
1688,1624,1625,4,3
1689,1625,1626,6,3
1690,1626,1627,5,3
1691,1627,1628,5,3
1692,1628,1629,4,3
1693,1629,1630,5,3
1694,1630,1631,5,3
1695,1631,1632,19,3
1696,1632,1633,2,3
1697,1633,1634,16,3
1698,1634,1635,4,3
1699,1635,1636,29,3
1700,1636,1637,7,3
1701,1637,1638,12,3
1702,1638,1639,7,3
1703,1639,1640,7,3
1704,1640,1641,6,3
1705,1641,1642,5,3
1706,1642,1643,217,3
1707,1643,1644,2,3
1708,1644,1645,4,3
1709,1645,1646,3,3
1710,1646,1647,81,3
1711,1647,1648,14,3
1712,1648,1649,47,3
1713,1649,1650,2,3
1714,1650,1651,2,3
1715,1651,1652,37,3
1716,1652,1653,50,3
1717,1653,1654,6,3
1718,1654,1655,7,3
1719,1655,1656,33,3
1720,1656,1657,14,3
1721,1657,1583,9,3
1722,1000,1658,9,3
1723,1658,1659,11,3
1724,1659,1660,121,3
1725,1660,1661,9,3
1726,1000,1662,9,3
1727,1662,1663,12,3
1728,1663,1664,57,3
1729,1664,1019,3,3
1730,1019,1665,3,3
1731,1665,1666,55,3
1732,1666,1667,12,3
1733,1667,1000,9,3
1734,1000,1668,9,3
1735,1668,1669,10,3
1736,1669,1670,39,3
1737,1053,1671,66,3
1738,1671,1672,23,3
1739,1672,1673,25,3
1740,1673,1674,13,3
1741,1674,1000,9,3
1742,1675,1676,24,3
1743,1676,1677,17,3
1744,1677,1678,41,3
1745,1678,1679,10,3
1746,1679,1000,9,3
1747,978,1680,115,3
1748,1680,1681,21,3
1749,1681,1682,11,3
1750,1682,1000,9,3
1751,1661,1683,29,3
1752,1683,1684,21,3
1753,1684,110,14,3
1754,1019,1685,3,3
1755,1685,1686,9,3
1756,1686,1687,15,3
1757,1687,1688,24,3
1758,1688,1689,3,3
1759,1689,1690,3,3
1760,1690,1691,25,3
1761,1691,1692,13,3
1762,1692,1693,10,3
1763,1693,1019,3,3
1764,1694,1695,98,3
1765,1695,1696,15,3
1766,1696,1697,4,3
1767,1697,1698,9,3
1768,1698,1699,6,3
1769,1699,1019,3,3
1770,1329,1700,7,3
1771,1700,1701,17,3
1772,1701,1702,92,3
1773,1702,1703,14,3
1774,1703,142,7,3
1775,142,1704,7,3
1776,1704,1705,15,3
1777,1705,1706,84,3
1778,1706,1707,22,3
1779,1707,1329,7,3
1780,1708,1709,6,3
1781,1709,1710,51,3
1782,1710,1711,8,3
1783,1711,1329,7,3
1784,1329,1712,7,3
1785,1712,1713,5,3
1786,1713,1714,17,3
1787,1714,1715,10,3
1788,1715,1317,58,3
1789,1716,1717,8,3
1790,1717,1718,40,3
1791,1718,1719,10,3
1792,1719,142,7,3
1793,1720,1721,3,3
1794,1721,1722,15,3
1795,1722,1723,114,3
1796,1723,1724,17,3
1797,1725,1726,48,3
1798,1726,1724,9,3
1799,1727,1728,65,3
1800,1728,1729,43,3
1801,1729,1730,21,3
1802,1730,1720,9,3
1803,1731,1732,2,3
1804,1732,1733,52,3
1805,1733,1734,50,3
1806,1734,1735,25,3
1807,1735,1736,22,3
1808,1736,1737,20,3
1809,1737,1738,21,3
1810,1738,1739,20,3
1811,1739,1740,20,3
1812,1740,1720,14,3
1813,1741,1725,152,3
1814,1578,1742,22,3
1815,1742,1743,21,3
1816,1743,1572,118,3
1817,1731,1744,2,3
1818,1744,1745,34,3
1819,1745,1742,13,3
1820,1746,1747,86,3
1821,1747,1742,23,3
1822,1578,1748,22,3
1823,1748,1749,82,3
1824,1750,1751,39,3
1825,1751,1752,127,3
1826,1752,1578,15,3
1827,1746,1753,11,3
1828,1753,1754,5,3
1829,1754,1755,24,3
1830,1755,1756,12,3
1831,1756,1757,9,3
1832,1757,1758,54,3
1833,1758,1759,11,3
1834,1759,1731,2,3
1835,1760,1761,5,3
1836,1761,1762,31,3
1837,1762,1763,7,3
1838,1763,1764,38,3
1839,1764,1765,11,3
1840,1765,1766,61,3
1841,1766,1767,137,3
1842,1767,1768,143,3
1843,1768,1769,37,3
1844,1769,1770,28,3
1845,1770,1771,68,3
1846,1771,1772,10,3
1847,1772,1731,2,3
1848,1749,1773,69,3
1849,1746,1774,9,3
1850,1774,1749,11,3
1851,1775,1750,34,3
1852,1750,1776,26,3
1853,1776,1777,235,3
1854,1777,1778,15,3
1855,1778,1779,13,3
1856,1779,1780,12,3
1857,1780,1781,12,3
1858,1781,1782,12,3
1859,1782,1783,12,3
1860,1783,1784,12,3
1861,1784,1785,12,3
1862,1785,1786,11,3
1863,1786,1787,11,3
1864,1787,1788,14,3
1865,1788,1789,21,3
1866,1789,1790,11,3
1867,1790,1791,11,3
1868,1791,1792,11,3
1869,1792,1793,11,3
1870,1793,1794,11,3
1871,1794,1795,10,3
1872,1795,1796,10,3
1873,1796,1797,11,3
1874,1797,1798,36,3
1875,1798,1799,23,3
1876,1799,1800,39,3
1877,1800,1801,56,3
1878,1801,1802,81,3
1879,1802,1803,26,3
1880,1804,1805,195,3
1881,1805,1806,16,3
1882,1806,1807,13,3
1883,1807,1808,11,3
1884,1808,1809,10,3
1885,1809,1810,10,3
1886,1810,1811,10,3
1887,1811,1812,9,3
1888,1812,1813,10,3
1889,1813,1814,10,3
1890,1814,1815,10,3
1891,1815,1816,10,3
1892,1816,1817,11,3
1893,1817,1818,11,3
1894,1818,1819,11,3
1895,1819,1820,10,3
1896,1820,1821,11,3
1897,1821,1822,11,3
1898,1822,1823,13,3
1899,1823,1824,16,3
1900,1824,1825,234,3
1901,1825,1750,26,3
1902,1826,1827,12,3
1903,1827,1828,13,3
1904,1828,1829,13,3
1905,1829,1830,7,3
1906,1830,1831,6,3
1907,1831,1832,5,3
1908,1832,1833,6,3
1909,1833,1834,6,3
1910,1834,1835,14,3
1911,1835,1836,15,3
1912,1836,1837,15,3
1913,1837,1838,13,3
1914,1838,1839,36,3
1915,1839,1840,36,3
1916,1840,1841,86,3
1917,1841,1842,28,3
1918,1842,1843,15,3
1919,1843,1844,7,3
1920,1844,1845,9,3
1921,1846,1847,49,3
1922,1847,1848,15,3
1923,1848,1849,31,3
1924,1849,1850,8,3
1925,1850,1851,14,3
1926,1851,1852,32,3
1927,1852,1853,50,3
1928,1853,1854,71,3
1929,1854,1855,69,3
1930,1855,1856,51,3
1931,1856,1857,59,3
1932,1857,1858,96,3
1933,1858,1859,32,3
1934,1859,1860,31,3
1935,1860,1861,81,3
1936,1861,1845,11,3
1937,1862,1863,9,3
1938,1863,1864,112,3
1939,1864,1865,25,3
1940,1865,1866,5,3
1941,1866,1845,5,3
1942,1867,1868,4,3
1943,1868,1869,9,3
1944,1869,1870,158,3
1945,1870,1871,7,3
1946,1871,1845,4,3
1947,1029,1872,5,3
1948,1872,1873,39,3
1949,1873,1826,5,3
1950,1874,1875,75,3
1951,1875,1876,9,3
1952,1876,1877,7,3
1953,1877,1826,7,3
1954,1878,1846,62,3
1955,1879,1880,2,3
1956,1880,1881,26,3
1957,1881,1882,102,3
1958,1882,1883,37,3
1959,1883,1884,6,3
1960,1884,1846,29,3
1961,1885,1886,54,3
1962,1886,1887,6,3
1963,1887,1888,3,3
1964,1888,1862,8,3
1965,1889,1890,3,3
1966,1890,1891,5,3
1967,1891,1892,100,3
1968,1892,1893,11,3
1969,1893,1894,2,3
1970,1894,1862,8,3
1971,1895,1896,16,3
1972,1896,1862,72,3
1973,1897,1898,2,3
1974,1898,1899,6,3
1975,1899,1900,91,3
1976,1900,1901,36,3
1977,1901,1902,5,3
1978,1902,1867,11,3
1979,1760,1903,95,3
1980,1903,1904,14,3
1981,1904,1905,15,3
1982,1905,1906,52,3
1983,1906,1907,22,3
1984,1907,1908,28,3
1985,1908,1909,18,3
1986,1909,1910,22,3
1987,1910,1911,18,3
1988,1911,1912,21,3
1989,1912,1913,11,3
1990,1913,1914,14,3
1991,1914,1915,11,3
1992,1915,1916,137,3
1993,1916,1917,65,3
1994,1917,1918,47,3
1995,1918,1919,30,3
1996,1919,1920,19,3
1997,1920,1921,13,3
1998,1921,1922,14,3
1999,1922,1923,15,3
2000,1923,1924,11,3
2001,1924,1925,7,3
2002,1925,1926,12,3
2003,1926,1927,14,3
2004,1927,1928,19,3
2005,1928,1929,10,3
2006,1929,1930,92,3
2007,1930,1931,8,3
2008,1931,1932,9,3
2009,1932,1933,96,3
2010,1933,1934,20,3
2011,1934,1935,16,3
2012,1935,1936,15,3
2013,1936,1937,52,3
2014,1937,1938,33,3
2015,1938,1939,7,3
2016,1939,1940,23,3
2017,1940,1941,23,3
2018,1941,1942,21,3
2019,1942,1867,11,3
2020,1775,1943,136,3
2021,1943,1867,18,3
2022,1944,1945,11,3
2023,1945,1946,16,3
2024,1946,1947,3,3
2025,1947,1948,16,3
2026,1949,1950,22,3
2027,1950,1951,19,3
2028,1951,1948,14,3
2029,1952,1953,49,3
2030,1953,1954,24,3
2031,1954,1955,50,3
2032,1955,1956,12,3
2033,1956,1957,24,3
2034,1957,1948,15,3
2035,1958,1959,13,3
2036,1959,1960,51,3
2037,1960,1961,96,3
2038,1961,1948,12,3
2039,1962,1963,39,3
2040,1963,1964,9,3
2041,1964,1965,21,3
2042,1965,1966,35,3
2043,1966,1944,18,3
2044,1967,1968,8,3
2045,1968,1969,6,3
2046,1969,1970,4,3
2047,1970,1971,22,3
2048,1971,1972,27,3
2049,1972,1944,10,3
2050,1973,1974,121,3
2051,1974,1975,16,3
2052,1975,1976,16,3
2053,1976,1977,9,3
2054,1977,1944,8,3
2055,1978,1949,56,3
2056,1979,1980,3,3
2057,1980,1981,53,3
2058,1981,1949,6,3
2059,1982,1983,7,3
2060,1983,1984,158,3
2061,1984,1949,7,3
2062,1982,1985,7,3
2063,1985,1986,40,3
2064,1986,1952,11,3
2065,1967,1987,8,3
2066,1987,1988,16,3
2067,1988,1989,16,3
2068,1989,1990,19,3
2069,1990,1991,17,3
2070,1991,1992,13,3
2071,1992,1952,17,3
2072,1993,1994,27,3
2073,1994,1995,6,3
2074,1995,1952,11,3
2075,1996,1997,89,3
2076,1997,1998,16,3
2077,1998,1999,11,3
2078,1999,2000,11,3
2079,2000,2001,16,3
2080,2001,2002,8,3
2081,2002,1952,8,3
2082,2003,2004,11,3
2083,2004,2005,107,3
2084,2005,2006,21,3
2085,2006,1958,13,3
2086,1973,2007,39,3
2087,2007,2008,6,3
2088,2008,1958,3,3
2089,2009,2010,26,3
2090,2010,2011,12,3
2091,2011,2012,8,3
2092,2012,2013,6,3
2093,2013,1958,3,3
2094,2014,2015,53,3
2095,2015,2016,13,3
2096,2016,2017,4,3
2097,2017,2018,4,3
2098,2018,2019,15,3
2099,2019,2020,46,3
2100,1996,2021,66,3
2101,2021,2022,16,3
2102,2022,2023,22,3
2103,2023,2024,9,3
2104,2024,2025,12,3
2105,2025,2017,4,3
2106,2017,2026,4,3
2107,2026,2027,15,3
2108,2027,2028,42,3
2109,2028,2029,87,3
2110,2029,2030,61,3
2111,2030,2031,32,3
2112,2031,2032,14,3
2113,2032,2033,4,3
2114,2033,2034,4,3
2115,2034,2035,14,3
2116,2035,2036,223,3
2117,2036,2037,15,3
2118,2037,2017,4,3
2119,2038,2039,46,3
2120,2039,2040,15,3
2121,2040,2017,4,3
2122,2041,2042,84,3
2123,2042,2043,32,3
2124,2043,2044,8,3
2125,2044,2045,2,3
2126,2045,2014,11,3
2127,2046,2047,50,3
2128,2047,2048,5,3
2129,2048,2014,9,3
2130,2049,2050,6,3
2131,2050,2051,18,3
2132,2051,2052,27,3
2133,2052,2014,12,3
2134,2020,2053,97,3
2135,2054,2055,3,3
2136,2055,2056,36,3
2137,2056,2020,5,3
2138,2057,2058,13,3
2139,2058,2059,27,3
2140,2059,2060,113,3
2141,2060,2061,12,3
2142,2062,2063,18,3
2143,2063,2064,49,3
2144,2064,2065,77,3
2145,2065,2061,13,3
2146,2066,2067,19,3
2147,2067,2068,3,3
2148,2068,2069,33,3
2149,2069,2070,5,3
2150,2070,2071,2,3
2151,2071,2072,16,3
2152,2072,2061,12,3
2153,2073,2074,16,3
2154,2074,2075,29,3
2155,2075,2061,8,3
2156,2041,2076,74,3
2157,2076,2077,104,3
2158,2077,2057,12,3
2159,2078,2079,21,3
2160,2079,2080,57,3
2161,2080,2057,8,3
2162,2081,2082,6,3
2163,2082,2083,33,3
2164,2083,2057,10,3
2165,2084,2085,19,3
2166,2085,2086,73,3
2167,2086,2062,19,3
2168,2087,2088,4,3
2169,2088,2089,16,3
2170,2089,2062,17,3
2171,2090,2091,15,3
2172,2091,2062,19,3
2173,2092,2093,9,3
2174,2093,2066,56,3
2175,2094,2095,12,3
2176,2095,2096,83,3
2177,2096,2097,2,3
2178,2097,2098,1,3
2179,2098,2099,9,3
2180,2099,2066,48,3
2181,2100,2073,23,3
2182,2101,2102,4,3
2183,2102,2103,111,3
2184,2103,2104,6,3
2185,2104,2073,33,3
2186,2105,2106,8,3
2187,2106,2107,6,3
2188,2107,2108,115,3
2189,2109,2110,14,3
2190,2110,2108,8,3
2191,2108,2111,17,3
2192,2111,2112,16,3
2193,2112,2113,13,3
2194,2113,2114,17,3
2195,2114,2115,4,3
2196,2105,2116,8,3
2197,2116,2117,33,3
2198,2118,2119,24,3
2199,2119,2120,10,3
2200,2120,2121,20,3
2201,2121,2105,8,3
2202,2105,2122,8,3
2203,2122,2123,8,3
2204,2123,2124,50,3
2205,2124,2125,15,3
2206,2125,2126,3,3
2207,2126,2127,4,3
2208,2127,2128,7,3
2209,2128,2129,4,3
2210,2129,2130,3,3
2211,2130,2131,1,3
2212,2131,2132,6,3
2213,2133,2134,7,3
2214,2134,2135,3,3
2215,2135,2136,3,3
2216,2136,2137,9,3
2217,2137,2138,6,3
2218,2138,2139,8,3
2219,2139,2105,8,3
2220,2140,2141,22,3
2221,2141,2105,8,3
2222,2084,2142,12,3
2223,2142,2143,6,3
2224,2143,2144,81,3
2225,2144,2145,7,3
2226,2145,2109,16,3
2227,2146,2147,10,3
2228,2147,2109,14,3
2229,2109,2148,18,3
2230,2148,2149,3,3
2231,2149,2150,9,3
2232,2150,2151,39,3
2233,2151,2152,6,3
2234,2152,2153,19,3
2235,2153,2154,11,3
2236,2154,2155,11,3
2237,2155,2156,73,3
2238,2156,2157,3,3
2239,2157,2109,21,3
2240,2115,2158,4,3
2241,2158,2159,41,3
2242,2159,2160,6,3
2243,2160,2161,7,3
2244,2161,2162,5,3
2245,2162,2163,3,3
2246,2163,2117,6,3
2247,2164,2165,10,3
2248,2165,2166,39,3
2249,2166,2167,6,3
2250,2167,2115,4,3
2251,2146,2168,10,3
2252,2168,2169,60,3
2253,2169,2170,12,3
2254,2170,2115,4,3
2255,2117,2171,1,3
2256,2171,2172,33,3
2257,2172,2173,12,3
2258,2173,2174,6,3
2259,2174,2175,6,3
2260,2175,2176,15,3
2261,2176,2177,110,3
2262,2177,2178,15,3
2263,2178,2179,7,3
2264,2164,2180,49,3
2265,2180,2181,11,3
2266,2181,2174,6,3
2267,2174,2182,6,3
2268,2182,2183,38,3
2269,2183,2184,7,3
2270,2184,2140,11,3
2271,2185,2186,45,3
2272,2186,2187,10,3
2273,2187,2174,6,3
2274,2188,2189,67,3
2275,2189,2190,6,3
2276,2190,2191,8,3
2277,2191,2174,6,3
2278,2192,2193,43,3
2279,2193,2194,11,3
2280,2194,2195,7,3
2281,2195,2196,7,3
2282,2196,2197,21,3
2283,2197,2198,30,3
2284,2195,2199,7,3
2285,2199,2200,22,3
2286,2200,2201,79,3
2287,2201,2202,8,3
2288,2202,2203,7,3
2289,2203,2204,7,3
2290,2204,2205,7,3
2291,2205,2206,79,3
2292,2206,2207,20,3
2293,2207,2195,7,3
2294,2195,2208,7,3
2295,2208,2209,13,3
2296,2209,2210,33,3
2297,2210,2211,11,3
2298,2211,2212,5,3
2299,2212,2213,5,3
2300,2213,2214,10,3
2301,2214,2215,35,3
2302,2215,2216,11,3
2303,2216,2195,7,3
2304,2217,2218,31,3
2305,2218,2219,19,3
2306,2219,2195,7,3
2307,2220,2221,6,3
2308,2221,2222,51,3
2309,2222,2192,7,3
2310,2223,2224,44,3
2311,2224,2192,7,3
2312,2225,2226,49,3
2313,2226,2192,9,3
2314,2198,2227,82,3
2315,2227,2228,7,3
2316,2228,304,7,3
2317,2225,2229,44,3
2318,2229,2198,9,3
2319,2230,2231,45,3
2320,2231,2232,10,3
2321,2232,304,7,3
2322,304,2233,7,3
2323,2233,2234,5,3
2324,2234,2235,43,3
2325,2235,2217,36,3
2326,2236,2230,63,3
2327,2237,2238,38,3
2328,2238,2230,7,3
2329,2239,2240,38,3
2330,2240,2230,8,3
2331,2241,2242,6,3
2332,2242,2243,21,3
2333,2243,1013,14,3
2334,2241,2244,4,3
2335,2244,2245,16,3
2336,2245,1013,15,3
2337,2246,2247,6,3
2338,2247,2248,11,3
2339,2248,2249,2,3
2340,2249,2250,3,3
2341,2250,2251,3,3
2342,2251,2252,1,3
2343,2252,2253,3,3
2344,2253,2254,2,3
2345,2254,2255,2,3
2346,2255,2256,3,3
2347,2256,2257,10,3
2348,2257,2258,4,3
2349,2258,2259,5,3
2350,2259,1013,14,3
2351,2260,2261,9,3
2352,2261,2262,1,3
2353,2262,2263,38,3
2354,2263,2264,14,3
2355,2264,2265,6,3
2356,2265,2266,5,3
2357,2266,1013,15,3
2358,2267,2268,55,3
2359,2268,2269,11,3
2360,2269,1053,17,3
2361,2270,2271,6,3
2362,2271,2272,32,3
2363,2272,324,11,3
2364,2273,2274,6,3
2365,2274,2275,13,3
2366,2275,324,10,3
2367,1716,2276,6,3
2368,2276,2277,81,3
2369,2277,324,9,3
2370,2278,2279,8,3
2371,2279,2280,1,3
2372,2280,2281,67,3
2373,2281,1307,20,3
2374,2282,2283,42,3
2375,2283,1307,13,3
2376,2284,2285,3,3
2377,2285,2286,44,3
2378,2286,2287,4,3
2379,2287,1307,16,3
2380,2288,2289,7,3
2381,2289,2290,57,3
2382,2290,1307,16,3
2383,2291,2292,49,3
2384,2292,1313,9,3
2385,1313,2293,71,3
2386,2293,2294,18,3
2387,2294,2295,8,3
2388,75,2296,27,3
2389,2296,2297,10,3
2390,2297,2298,28,3
2391,2298,2299,9,3
2392,2300,2301,177,3
2393,2301,2296,14,3
2394,2302,2303,8,3
2395,2303,2304,29,3
2396,2304,2296,12,3
2397,2305,2306,88,3
2398,2306,75,13,3
2399,2299,2307,11,3
2400,2307,2308,21,3
2401,2308,24,9,3
2402,2299,2309,9,3
2403,2309,2310,39,3
2404,2310,24,9,3
2405,2311,2312,177,3
2406,2312,2313,6,3
2407,2313,2299,11,3
2408,2314,2315,7,3
2409,2315,2316,8,3
2410,2316,2300,160,3
2411,2311,2317,52,3
2412,2317,2300,6,3
2413,2318,2319,49,3
2414,2319,2300,3,3
2415,1478,2305,125,3
2416,1162,2305,53,3
2417,76,2305,57,3
2418,2320,2321,17,3
2419,2321,2322,8,3
2420,2322,2323,5,3
2421,2324,2325,9,3
2422,2325,2326,11,3
2423,2326,2327,28,3
2424,2327,2328,13,3
2425,2328,2329,6,3
2426,2329,2330,17,3
2427,2330,2331,63,3
2428,2331,2332,29,3
2429,2332,2323,4,3
2430,2333,2334,60,3
2431,2334,2320,10,3
2432,2335,2336,162,3
2433,2336,2320,9,3
2434,2333,2337,5,3
2435,2337,2338,134,3
2436,2338,2324,9,3
2437,2339,2340,9,3
2438,2340,2341,41,3
2439,2341,2342,10,3
2440,2342,2343,24,3
2441,2343,2344,24,3
2442,2344,2345,21,3
2443,2345,2346,114,3
2444,2346,2347,42,3
2445,2347,2348,16,3
2446,2348,2349,22,3
2447,2349,2350,8,3
2448,2350,2351,13,3
2449,2351,2352,29,3
2450,2352,2353,9,3
2451,2353,2324,9,3
2452,2354,2355,7,3
2453,2355,1561,39,3
2454,2356,2357,5,3
2455,2357,2358,51,3
2456,2358,598,19,3
2457,2359,2360,15,3
2458,2360,598,6,3
2459,874,2361,173,3
2460,2361,634,3,3
2461,875,2362,39,3
2462,2362,874,4,3
2463,2363,2364,44,3
2464,2364,634,3,3
2465,634,2365,3,3
2466,2365,644,85,3
2467,2366,2367,13,3
2468,2367,2368,51,3
2469,2368,2369,5,3
2470,2369,634,3,3
2471,2363,875,173,3
2472,2370,2371,8,3
2473,2371,585,13,3
2474,2372,2373,34,3
2475,2373,2374,16,3
2476,2374,2375,10,3
2477,2375,585,8,3
2478,2376,2377,74,3
2479,2377,2378,25,3
2480,2378,2379,14,3
2481,2379,2380,13,3
2482,2380,2370,9,3
2483,2339,2381,16,3
2484,2381,2382,21,3
2485,2382,2383,6,3
2486,2383,2384,7,3
2487,2384,2372,37,3
2488,1571,2385,7,3
2489,2385,2386,34,3
2490,2386,2387,6,3
2491,2387,2388,323,3
2492,2388,2389,13,3
2493,2389,70,10,3
2494,1571,2390,8,3
2495,2390,2391,17,3
2496,2391,2392,17,3
2497,2392,2393,7,3
2498,2393,2394,71,3
2499,2394,2395,3,3
2500,2396,2397,10,3
2501,2397,2398,12,3
2502,2398,2399,118,3
2503,2400,2401,17,3
2504,2401,2402,22,3
2505,2402,2403,29,3
2506,2403,2404,43,3
2507,2404,2405,4,3
2508,2405,2406,4,3
2509,2406,2407,4,3
2510,2407,2408,4,3
2511,2408,2409,4,3
2512,2409,2410,4,3
2513,2410,2411,4,3
2514,2411,2396,10,3
2515,2396,2412,10,3
2516,2412,2413,18,3
2517,2413,2414,137,3
2518,2414,2415,3,3
2519,2416,2417,42,3
2520,2417,2418,84,3
2521,2418,2419,5,3
2522,2419,2420,24,3
2523,2420,2421,18,3
2524,2421,2422,1,3
2525,2422,2423,8,3
2526,2423,2424,5,3
2527,2424,2425,8,3
2528,2425,2396,10,3
2529,2426,2427,123,3
2530,2427,2428,15,3
2531,2428,2396,10,3
2532,2429,2430,142,3
2533,2430,2431,21,3
2534,2431,2396,10,3
2535,2399,2432,3,3
2536,2432,2433,163,3
2537,2433,2434,6,3
2538,2400,2435,6,3
2539,2435,2436,61,3
2540,2436,2437,3,3
2541,2437,2399,8,3
2542,2438,2400,132,3
2543,2439,2440,34,3
2544,2440,2441,16,3
2545,2441,2400,7,3
2546,2415,2442,3,3
2547,2442,2443,41,3
2548,2443,2444,12,3
2549,2444,2445,11,3
2550,2445,2446,10,3
2551,2446,2447,10,3
2552,2447,2448,9,3
2553,2448,2449,9,3
2554,2449,2450,10,3
2555,2450,2451,10,3
2556,2451,2452,11,3
2557,2452,2453,10,3
2558,2453,2454,10,3
2559,2454,2455,9,3
2560,2455,2456,9,3
2561,2456,2457,9,3
2562,2457,2458,8,3
2563,2458,2459,9,3
2564,2459,2460,9,3
2565,2460,2461,10,3
2566,2461,2462,10,3
2567,2462,2463,9,3
2568,2463,2464,9,3
2569,2464,2465,8,3
2570,2465,2466,8,3
2571,2466,2467,8,3
2572,2467,2468,9,3
2573,2468,2469,9,3
2574,2469,2470,13,3
2575,2470,2471,13,3
2576,2471,2472,65,3
2577,2472,2473,65,3
2578,2473,2474,24,3
2579,2415,2475,3,3
2580,2475,2476,84,3
2581,2415,2477,3,3
2582,2477,2429,21,3
2583,2429,2478,21,3
2584,2478,2415,3,3
2585,2479,2480,143,3
2586,2480,2481,14,3
2587,2481,2482,16,3
2588,2482,2483,32,3
2589,2483,2484,11,3
2590,2484,2485,9,3
2591,2485,2486,8,3
2592,2486,2487,9,3
2593,2487,2488,8,3
2594,2488,2489,9,3
2595,2489,2490,9,3
2596,2490,2491,8,3
2597,2491,2492,8,3
2598,2492,2493,9,3
2599,2493,2494,8,3
2600,2494,2495,10,3
2601,2495,2496,10,3
2602,2496,2497,11,3
2603,2497,2498,10,3
2604,2498,2499,10,3
2605,2499,2500,10,3
2606,2500,2501,10,3
2607,2501,2502,10,3
2608,2502,2503,9,3
2609,2503,2504,9,3
2610,2504,2505,10,3
2611,2505,2506,10,3
2612,2506,2507,11,3
2613,2507,2508,10,3
2614,2508,2509,11,3
2615,2509,2510,42,3
2616,2510,2415,3,3
2617,2511,2416,51,3
2618,2512,2513,53,3
2619,2513,2514,51,3
2620,2514,2515,4,3
2621,2515,2516,6,3
2622,2516,2416,4,3
2623,2517,2518,23,3
2624,2519,2520,12,3
2625,2520,2521,139,3
2626,2521,2518,24,3
2627,2518,2522,21,3
2628,2522,2523,19,3
2629,2523,2524,20,3
2630,2524,2525,20,3
2631,2525,2526,17,3
2632,2526,1592,16,3
2633,2527,2528,14,3
2634,2528,2529,33,3
2635,2529,2530,13,3
2636,2530,2518,19,3
2637,2531,2532,16,3
2638,2532,2533,19,3
2639,2533,2534,155,3
2640,2534,2517,18,3
2641,2517,2535,20,3
2642,2535,2536,60,3
2643,2537,2538,25,3
2644,2538,2539,25,3
2645,2539,2540,24,3
2646,2540,2541,22,3
2647,2541,2542,21,3
2648,2542,2543,18,3
2649,2543,2544,20,3
2650,2544,2545,19,3
2651,2545,2546,18,3
2652,2546,2547,22,3
2653,2547,2548,21,3
2654,2548,2517,20,3
2655,2549,2550,167,3
2656,2550,2519,8,3
2657,1584,2551,6,3
2658,2551,2552,71,3
2659,2552,2553,21,3
2660,2553,2519,10,3
2661,2554,2555,68,3
2662,2555,2519,10,3
2663,1584,2556,6,3
2664,2556,2557,32,3
2665,2557,2558,128,3
2666,2558,2559,3,3
2667,2559,1592,7,3
2668,2560,2531,82,3
2669,2561,2562,16,3
2670,2562,2563,21,3
2671,2563,2564,25,3
2672,2564,2531,23,3
2673,2536,2565,83,3
2674,2560,2566,73,3
2675,2566,2567,130,3
2676,2567,2536,16,3
2677,1605,2568,7,3
2678,2568,2569,2,3
2679,2569,2570,25,3
2680,2570,2571,16,3
2681,2571,2572,9,3
2682,1611,2573,8,3
2683,2573,2574,16,3
2684,2574,2575,18,3
2685,2575,2576,14,3
2686,2576,2577,23,3
2687,2577,2578,11,3
2688,2578,2579,10,3
2689,2579,2580,11,3
2690,2580,2581,10,3
2691,2581,2582,7,3
2692,2582,2583,6,3
2693,2583,2584,6,3
2694,2584,2585,6,3
2695,2585,2586,46,3
2696,2586,2587,17,3
2697,2587,2588,17,3
2698,2588,2589,8,3
2699,2589,2590,6,3
2700,2590,2591,5,3
2701,2591,2592,5,3
2702,2592,2593,4,3
2703,2593,2594,3,3
2704,2594,2595,4,3
2705,2595,2596,4,3
2706,2596,2597,10,3
2707,2597,2598,94,3
2708,2598,2599,110,3
2709,2599,2600,7,3
2710,2600,2601,2,3
2711,2601,2602,2,3
2712,2602,2603,2,3
2713,2603,2604,92,3
2714,2604,2605,5,3
2715,2605,2606,5,3
2716,2606,2607,45,3
2717,2607,2608,4,3
2718,2608,2609,6,3
2719,2609,2610,95,3
2720,2610,2611,5,3
2721,2611,1605,7,3
2722,1608,2612,8,3
2723,2612,2613,42,3
2724,2613,2614,67,3
2725,2614,2615,54,3
2726,2615,2616,114,3
2727,2616,2617,11,3
2728,2617,2537,35,3
2729,1608,2618,8,3
2730,2618,2619,5,3
2731,2619,2620,15,3
2732,2620,2621,4,3
2733,2621,2622,5,3
2734,2622,2623,7,3
2735,2623,2624,29,3
2736,2624,1608,8,3
2737,2625,2626,110,3
2738,2626,2627,9,3
2739,2627,2628,8,3
2740,2628,2629,23,3
2741,2629,1608,8,3
2742,2630,2631,121,3
2743,2631,2632,15,3
2744,2632,2633,7,3
2745,2634,2635,7,3
2746,2635,2636,13,3
2747,2636,2630,47,3
2748,2633,2637,7,3
2749,2637,2638,15,3
2750,2638,2639,126,3
2751,2640,2641,10,3
2752,2641,2642,55,3
2753,2642,2643,7,3
2754,2643,2633,7,3
2755,2644,2645,20,3
2756,2645,2646,34,3
2757,2646,2647,9,3
2758,2647,2633,7,3
2759,2633,2648,7,3
2760,2648,2649,16,3
2761,2649,2650,121,3
2762,2651,2652,127,3
2763,2652,2653,13,3
2764,2653,2633,7,3
2765,2639,2654,36,3
2766,2654,2655,21,3
2767,2655,2656,8,3
2768,2657,2658,6,3
2769,2658,2659,6,3
2770,2659,2660,50,3
2771,2660,2639,9,3
2772,2661,2662,6,3
2773,2662,2663,61,3
2774,2663,2640,4,3
2775,2664,2665,8,3
2776,2665,2666,177,3
2777,2666,2640,6,3
2778,2657,2667,7,3
2779,2667,2668,121,3
2780,2668,2669,3,3
2781,2669,2640,6,3
2782,2670,2671,207,3
2783,2671,2672,249,3
2784,2670,2673,51,3
2785,2673,2674,18,3
2786,2674,2675,2,3
2787,2675,2676,3,3
2788,2676,2677,16,3
2789,2677,2670,51,3
2790,2678,2679,26,3
2791,2679,2680,11,3
2792,2680,2681,9,3
2793,2681,2682,9,3
2794,2682,2683,26,3
2795,2683,2684,45,3
2796,2685,2686,13,3
2797,2686,2687,10,3
2798,2687,2681,9,3
2799,2681,2688,9,3
2800,2688,2689,21,3
2801,2689,2690,98,3
2802,2690,2691,71,3
2803,2692,2693,79,3
2804,2693,2694,44,3
2805,2694,2695,29,3
2806,2695,2696,24,3
2807,2696,2697,21,3
2808,2697,2681,9,3
2809,2698,2699,36,3
2810,2699,2700,26,3
2811,2700,2681,9,3
2812,2701,2702,2,3
2813,2702,2703,28,3
2814,2703,2678,2,3
2815,2692,2704,5,3
2816,2704,2705,2,3
2817,2705,2706,12,3
2818,2706,2707,17,3
2819,2707,2708,16,3
2820,2708,2709,23,3
2821,2709,2710,54,3
2822,2710,2711,19,3
2823,2711,2712,16,3
2824,2712,2713,32,3
2825,2713,2678,12,3
2826,2714,2715,22,3
2827,2715,2716,31,3
2828,2716,2717,59,3
2829,2717,2678,12,3
2830,2684,2718,189,3
2831,2718,2719,19,3
2832,2719,2675,9,3
2833,2714,2720,15,3
2834,2720,2721,64,3
2835,2721,2722,6,3
2836,2722,2684,7,3
2837,2675,2723,2,3
2838,2723,2724,14,3
2839,2724,2725,67,3
2840,2675,2726,9,3
2841,2726,2727,12,3
2842,2727,2725,67,3
2843,2675,2728,9,3
2844,2728,2729,15,3
2845,2729,2730,21,3
2846,2731,2732,33,3
2847,2732,2733,11,3
2848,2733,2734,8,3
2849,2734,2675,9,3
2850,2735,2736,17,3
2851,2736,2737,8,3
2852,2737,2738,8,3
2853,2738,2675,9,3
2854,2739,2740,68,3
2855,2740,2741,15,3
2856,2741,2675,3,3
2857,2739,2742,68,3
2858,2742,2743,16,3
2859,2743,2675,9,3
2860,2744,2745,6,3
2861,2745,2746,16,3
2862,2746,2747,145,3
2863,2747,2748,39,3
2864,2748,2749,32,3
2865,2749,2750,22,3
2866,2750,2751,60,3
2867,2751,2752,50,3
2868,2752,2753,41,3
2869,2753,2754,56,3
2870,2754,2755,39,3
2871,2755,2756,40,3
2872,2756,2757,40,3
2873,2757,2758,39,3
2874,2758,2759,30,3
2875,2759,2760,41,3
2876,2760,2761,29,3
2877,2761,2762,80,3
2878,2762,2763,57,3
2879,2763,2764,8,3
2880,2764,2765,15,3
2881,2766,2767,9,3
2882,2767,2768,6,3
2883,2768,2769,20,3
2884,2769,2770,10,3
2885,2770,2744,13,3
2886,2744,2771,13,3
2887,2771,2772,18,3
2888,2772,2773,30,3
2889,2773,2774,30,3
2890,2774,2775,40,3
2891,2775,2776,18,3
2892,2776,2777,22,3
2893,2777,2778,5,3
2894,2778,2779,5,3
2895,2779,2780,18,3
2896,2780,2781,28,3
2897,2781,2782,30,3
2898,2782,2783,59,3
2899,2783,2744,13,3
2900,2744,2784,10,3
2901,2784,2785,80,3
2902,2785,2786,67,3
2903,2786,2787,32,3
2904,2787,2788,8,3
2905,2788,2789,9,3
2906,2789,2790,9,3
2907,2790,2791,11,3
2908,2792,2793,21,3
2909,2793,2794,14,3
2910,2794,2744,13,3
2911,2765,2795,17,3
2912,2795,2796,36,3
2913,2796,2797,82,3
2914,2797,2798,6,3
2915,2799,2800,6,3
2916,2800,2801,106,3
2917,2801,2802,46,3
2918,2802,2765,12,3
2919,2803,2804,10,3
2920,2804,2765,12,3
2921,2798,2805,6,3
2922,2805,2806,90,3
2923,2807,2808,39,3
2924,2808,2809,52,3
2925,2809,2810,6,3
2926,2810,2798,6,3
2927,2798,2811,6,3
2928,2811,2812,73,3
2929,2812,2813,9,3
2930,2814,2815,9,3
2931,2815,2816,48,3
2932,2816,2817,6,3
2933,2817,2798,6,3
2934,2818,2819,6,3
2935,2819,2820,222,3
2936,2820,2798,6,3
2937,2806,2821,88,3
2938,2821,2822,41,3
2939,2822,2818,6,3
2940,2823,2807,70,3
2941,2824,2825,33,3
2942,2825,2826,15,3
2943,2826,2827,7,3
2944,2827,2828,33,3
2945,2828,2807,76,3
2946,2829,2830,8,3
2947,2830,2831,21,3
2948,2831,2832,21,3
2949,2832,2833,44,3
2950,2833,2834,102,3
2951,2834,2835,13,3
2952,2835,2836,6,3
2953,2836,2837,6,3
2954,2837,2838,14,3
2955,2838,2839,103,3
2956,2839,2840,46,3
2957,2840,2841,19,3
2958,2841,2842,22,3
2959,2842,2829,5,3
2960,2843,2844,9,3
2961,2844,2845,109,3
2962,2845,2846,19,3
2963,2846,2829,8,3
2964,2829,2847,5,3
2965,2847,2848,15,3
2966,2848,2849,46,3
2967,2849,2850,21,3
2968,2850,2851,15,3
2969,2851,2852,12,3
2970,2852,2853,13,3
2971,2853,2854,12,3
2972,2854,2855,16,3
2973,2855,2856,10,3
2974,2856,2857,5,3
2975,2829,2858,6,3
2976,2858,2859,18,3
2977,2859,2860,24,3
2978,2860,2861,18,3
2979,2861,2862,20,3
2980,2862,2863,35,3
2981,2863,2864,38,3
2982,2864,2865,47,3
2983,2865,2866,2,3
2984,2866,2818,6,3
2985,2818,2867,6,3
2986,2867,2868,28,3
2987,2868,2869,24,3
2988,2869,2870,34,3
2989,2870,2871,30,3
2990,2871,2872,20,3
2991,2872,2873,18,3
2992,2873,2874,24,3
2993,2874,2875,23,3
2994,2875,2829,8,3
2995,2876,2877,9,3
2996,2877,2878,45,3
2997,2878,2879,16,3
2998,2879,2829,6,3
2999,2836,2880,6,3
3000,2880,2881,15,3
3001,2881,2882,46,3
3002,2882,2883,7,3
3003,2884,2885,4,3
3004,2885,2886,7,3
3005,2886,2887,21,3
3006,2887,2888,14,3
3007,2888,2836,6,3
3008,2889,2890,3,3
3009,2890,2891,31,3
3010,2891,2892,13,3
3011,2892,2836,6,3
3012,2893,2894,80,3
3013,2894,2895,3,3
3014,2895,2896,10,3
3015,2896,2836,6,3
3016,2897,2843,39,3
3017,2898,2843,39,3
3018,2899,2900,82,3
3019,2900,2843,7,3
3020,2901,2902,9,3
3021,2902,2903,16,3
3022,2903,2904,46,3
3023,2901,2905,9,3
3024,2905,2906,15,3
3025,2906,2907,80,3
3026,2907,2908,13,3
3027,2908,2909,7,3
3028,2909,2910,7,3
3029,2910,2911,13,3
3030,2911,2912,80,3
3031,2912,2913,14,3
3032,2913,2901,10,3
3033,2901,2914,9,3
3034,2914,2915,17,3
3035,2915,2916,41,3
3036,2916,2917,7,3
3037,2917,2918,7,3
3038,2918,2919,41,3
3039,2919,2920,17,3
3040,2920,2901,9,3
3041,2901,2921,10,3
3042,2921,2922,19,3
3043,2922,2923,48,3
3044,2923,2924,6,3
3045,2924,2925,6,3
3046,2925,2926,47,3
3047,2926,2927,19,3
3048,2927,2901,9,3
3049,2928,2929,47,3
3050,2929,2930,16,3
3051,2930,2901,9,3
3052,2931,2932,17,3
3053,2932,2904,11,3
3054,2904,2933,80,3
3055,2933,2934,11,3
3056,2934,2935,7,3
3057,2936,2937,20,3
3058,2937,2938,8,3
3059,2938,2935,7,3
3060,2935,2939,7,3
3061,2939,2940,154,3
3062,2940,2941,12,3
3063,2941,2942,5,3
3064,2935,2943,7,3
3065,2943,2944,13,3
3066,2944,2945,47,3
3067,2946,2947,18,3
3068,2947,2948,10,3
3069,2948,2935,7,3
3070,2949,2950,30,3
3071,2950,2935,7,3
3072,2951,2936,27,3
3073,2952,2936,66,3
3074,2931,2953,81,3
3075,2953,2936,8,3
3076,2954,2955,42,3
3077,2955,2956,11,3
3078,2956,2942,5,3
3079,2942,2957,5,3
3080,2957,2958,10,3
3081,2958,2959,19,3
3082,2959,2960,30,3
3083,2960,2961,21,3
3084,2961,2962,4,3
3085,2962,2963,15,3
3086,2963,2964,6,3
3087,2964,2965,5,3
3088,2965,2966,15,3
3089,2966,2967,2,3
3090,2967,2968,23,3
3091,2968,2969,27,3
3092,2969,2970,22,3
3093,2970,2971,9,3
3094,2971,2942,5,3
3095,2942,2972,5,3
3096,2972,2973,11,3
3097,2973,2974,2,3
3098,2974,2949,125,3
3099,2975,2976,31,3
3100,2976,2977,8,3
3101,2977,2942,5,3
3102,2978,2954,64,3
3103,2979,2954,36,3
3104,2980,2954,40,3
3105,2981,2982,53,3
3106,2982,2983,7,3
3107,2983,2964,6,3
3108,2964,2984,6,3
3109,2984,2985,16,3
3110,2985,2986,142,3
3111,2986,2987,11,3
3112,2987,2988,6,3
3113,2988,2989,6,3
3114,2989,2990,11,3
3115,2990,2991,141,3
3116,2991,2992,14,3
3117,2992,2964,5,3
3118,2964,2993,5,3
3119,2993,2994,10,3
3120,2994,2995,13,3
3121,2995,2996,30,3
3122,2997,2998,30,3
3123,2998,2999,14,3
3124,2999,3000,10,3
3125,3000,2964,5,3
3126,914,3001,4,3
3127,3001,3002,8,3
3128,3002,3003,4,3
3129,3003,3004,7,3
3130,3004,897,4,3
3131,897,3005,4,3
3132,3005,3006,7,3
3133,3006,3007,13,3
3134,3007,914,4,3
3135,1276,3008,30,3
3136,3008,3009,10,3
3137,3009,3010,6,3
3138,3010,897,4,3
3139,3011,3012,6,3
3140,3012,3013,16,3
3141,3013,3014,17,3
3142,3014,3015,18,3
3143,3015,3016,13,3
3144,3016,3017,18,3
3145,3017,3018,15,3
3146,3018,3019,12,3
3147,3019,3020,3,3
3148,3021,3022,18,3
3149,3022,3023,23,3
3150,3023,3024,16,3
3151,3024,3025,13,3
3152,3025,3011,7,3
3153,3011,3026,7,3
3154,3026,3027,20,3
3155,3027,3028,13,3
3156,3028,3029,24,3
3157,3029,3030,24,3
3158,3031,3032,8,3
3159,3032,3033,26,3
3160,3033,3034,24,3
3161,3034,3035,15,3
3162,3035,3036,15,3
3163,3036,3011,6,3
3164,3037,3038,10,3
3165,3038,3039,17,3
3166,3039,3011,6,3
3167,3040,3041,87,3
3168,3041,3042,2,3
3169,3042,3043,18,3
3170,3043,3011,7,3
3171,3020,3044,3,3
3172,3044,3045,11,3
3173,3045,3046,28,3
3174,3046,3047,40,3
3175,3047,3048,75,3
3176,3048,3049,14,3
3177,3049,3050,18,3
3178,3050,3051,12,3
3179,3051,3052,4,3
3180,3052,3053,4,3
3181,3053,3054,12,3
3182,3054,3055,57,3
3183,3055,3056,44,3
3184,3056,3057,7,3
3185,3057,3058,38,3
3186,3058,3059,9,3
3187,3059,3060,21,3
3188,3060,3061,11,3
3189,3061,3020,3,3
3190,3062,3063,7,3
3191,3063,3064,7,3
3192,3064,3065,29,3
3193,3065,3066,7,3
3194,3066,3020,3,3
3195,3020,3067,3,3
3196,3067,3068,12,3
3197,3068,3069,4,3
3198,3069,3070,9,3
3199,3070,3071,9,3
3200,3071,3072,14,3
3201,3072,3073,15,3
3202,3073,3074,17,3
3203,3074,3037,8,3
3204,3075,3076,4,3
3205,3076,3077,3,3
3206,3077,3078,2,3
3207,3078,3079,42,3
3208,3079,3080,7,3
3209,3080,3020,3,3
3210,3081,3082,15,3
3211,3082,3021,115,3
3212,3083,3084,3,3
3213,3084,3085,16,3
3214,3085,3021,7,3
3215,3030,3086,15,3
3216,3086,3087,17,3
3217,3087,3088,10,3
3218,3088,3089,27,3
3219,3089,3090,25,3
3220,3090,3091,32,3
3221,3091,3092,111,3
3222,3092,3093,44,3
3223,3093,3094,23,3
3224,3094,3095,27,3
3225,3095,3096,18,3
3226,3096,3097,13,3
3227,3097,3098,14,3
3228,3098,3099,13,3
3229,3099,3100,14,3
3230,3100,3101,28,3
3231,3101,3102,47,3
3232,3102,3103,35,3
3233,3103,3104,19,3
3234,3104,3105,11,3
3235,3105,3106,18,3
3236,3107,3108,5,3
3237,3108,3109,22,3
3238,3109,3110,4,3
3239,3110,3111,4,3
3240,3111,3030,6,3
3241,3112,3113,24,3
3242,3113,3114,9,3
3243,3114,3115,69,3
3244,3115,3116,12,3
3245,3116,3117,5,3
3246,3117,3118,5,3
3247,3118,3119,12,3
3248,3119,3120,22,3
3249,3120,3121,22,3
3250,3121,3122,63,3
3251,3122,3123,18,3
3252,3117,3124,5,3
3253,3124,3125,15,3
3254,3125,3126,107,3
3255,3126,3127,47,3
3256,3127,3128,20,3
3257,3128,3129,5,3
3258,3129,3130,7,3
3259,3130,3131,6,3
3260,3131,3132,6,3
3261,3132,3133,12,3
3262,3133,3134,75,3
3263,3134,3135,100,3
3264,3135,3136,15,3
3265,3136,3117,5,3
3266,3137,3138,6,3
3267,3138,3139,108,3
3268,3139,3140,3,3
3269,3140,3141,8,3
3270,3141,3117,5,3
3271,3142,3112,29,3
3272,3143,3144,2,3
3273,3144,3145,35,3
3274,3145,3112,5,3
3275,3146,3147,12,3
3276,3147,3148,33,3
3277,3148,3149,7,3
3278,3149,3123,5,3
3279,3123,3150,72,3
3280,3150,3151,5,3
3281,3151,3152,32,3
3282,3152,3153,8,3
3283,3154,3155,6,3
3284,3155,3156,11,3
3285,3156,3157,26,3
3286,3157,3158,25,3
3287,3158,3159,80,3
3288,3159,3160,7,3
3289,3160,3161,17,3
3290,3162,3163,17,3
3291,3163,3164,12,3
3292,3164,3165,5,3
3293,3165,3166,3,3
3294,3166,3167,4,3
3295,3167,3168,12,3
3296,3168,3169,1,3
3297,3169,3170,3,3
3298,3170,3171,6,3
3299,3171,3172,4,3
3300,3172,3154,6,3
3301,3153,3173,8,3
3302,3173,3174,21,3
3303,3174,3154,6,3
3304,3154,3175,6,3
3305,3175,3176,32,3
3306,3176,3153,8,3
3307,3153,3177,8,3
3308,3177,3178,6,3
3309,3178,3179,4,3
3310,3179,3180,12,3
3311,3180,3154,6,3
3312,3181,3182,21,3
3313,3182,3183,1,3
3314,3183,3184,2,3
3315,3184,3185,7,3
3316,3185,3154,6,3
3317,3186,3187,6,3
3318,3187,3188,33,3
3319,3188,3189,2,3
3320,3189,3190,3,3
3321,3190,3191,10,3
3322,3191,3192,7,3
3323,3192,3154,6,3
3324,3193,3194,40,3
3325,3194,3161,20,3
3326,3161,3195,17,3
3327,3195,3196,10,3
3328,3196,3197,26,3
3329,3197,3198,66,3
3330,3198,3186,6,3
3331,3199,3200,3,3
3332,3200,3201,3,3
3333,3201,3202,1,3
3334,3202,3203,2,3
3335,3203,3204,3,3
3336,3204,3205,8,3
3337,3205,3206,15,3
3338,3206,3207,11,3
3339,3207,3208,1,3
3340,3208,3209,92,3
3341,3209,3161,16,3
3342,3210,3211,3,3
3343,3211,3212,29,3
3344,3212,3213,2,3
3345,3213,3214,11,3
3346,3214,3161,19,3
3347,3215,3216,4,3
3348,3216,3217,32,3
3349,3217,3218,39,3
3350,3218,3162,3,3
3351,3219,3220,7,3
3352,3220,3221,33,3
3353,3221,3162,4,3
3354,3222,3223,18,3
3355,3223,3224,17,3
3356,3224,3225,12,3
3357,3225,3193,8,3
3358,3226,3227,6,3
3359,3227,3228,6,3
3360,3228,3229,7,3
3361,3229,3230,7,3
3362,3230,3231,12,3
3363,3231,3232,3,3
3364,3232,3233,4,3
3365,3233,3234,2,3
3366,3234,3235,10,3
3367,3235,3236,5,3
3368,3236,3237,4,3
3369,3237,3238,3,3
3370,3238,3239,10,3
3371,3239,3240,8,3
3372,3240,3193,16,3
3373,3181,3241,16,3
3374,3241,3242,10,3
3375,3242,3186,6,3
3376,3243,3244,19,3
3377,3244,3245,27,3
3378,3245,3186,6,3
3379,3246,3247,12,3
3380,3247,3248,16,3
3381,3248,3249,22,3
3382,3249,3250,34,3
3383,3250,3251,6,3
3384,3251,3252,10,3
3385,3252,3253,8,3
3386,3253,3254,4,3
3387,3254,3199,4,3
3388,3255,3256,9,3
3389,3256,3257,13,3
3390,3257,3258,15,3
3391,3258,3199,6,3
3392,3226,3259,4,3
3393,3259,3260,6,3
3394,3260,3261,4,3
3395,3261,3262,3,3
3396,3262,3263,26,3
3397,3263,3264,7,3
3398,3264,3210,3,3
3399,3265,3266,4,3
3400,3266,3267,16,3
3401,3267,3268,5,3
3402,3268,3210,3,3
3403,3269,3270,20,3
3404,3270,3271,20,3
3405,3271,3272,3,3
3406,3273,3274,7,3
3407,3274,3275,71,3
3408,3275,3276,21,3
3409,3276,3277,19,3
3410,3277,3278,5,3
3411,3278,3279,7,3
3412,3279,3272,3,3
3413,3280,3281,16,3
3414,3281,3282,15,3
3415,3282,3272,3,3
3416,3283,3284,11,3
3417,3284,3285,7,3
3418,3285,3269,7,3
3419,3286,3287,6,3
3420,3287,3288,33,3
3421,3288,3289,22,3
3422,3289,3269,14,3
3423,3290,3291,31,3
3424,3291,3273,7,3
3425,3292,3293,23,3
3426,3293,3294,14,3
3427,3294,3273,7,3
3428,3295,3296,10,3
3429,3296,3297,22,3
3430,3298,3299,10,3
3431,3299,3300,19,3
3432,3300,3301,21,3
3433,3301,3297,15,3
3434,3302,3303,6,3
3435,3303,3304,3,3
3436,3304,3305,7,3
3437,3305,3306,32,3
3438,3306,3295,6,3
3439,3307,3308,15,3
3440,3308,3295,16,3
3441,3309,3310,17,3
3442,3310,3298,15,3
3443,3311,3312,18,3
3444,3312,3313,18,3
3445,3313,3314,1,3
3446,3314,3315,14,3
3447,3315,3316,17,3
3448,3316,3317,4,3
3449,3317,3318,15,3
3450,3318,3298,7,3
3451,3319,3320,2,3
3452,3320,3307,17,3
3453,3321,3322,7,3
3454,3322,3323,9,3
3455,3323,3319,12,3
3456,3324,3325,35,3
3457,3325,3326,7,3
3458,3326,3327,4,3
3459,3328,3329,14,3
3460,3329,3330,18,3
3461,3330,3327,4,3
3462,3331,3332,67,3
3463,3332,3333,5,3
3464,3333,3327,4,3
3465,3321,3334,7,3
3466,3334,3335,8,3
3467,3335,3336,9,3
3468,3336,3337,14,3
3469,3337,3338,14,3
3470,3338,3327,4,3
3471,3339,3324,39,3
3472,3340,3324,52,3
3473,3341,3324,51,3
3474,3342,3343,7,3
3475,3343,3344,10,3
3476,3344,3328,10,3
3477,3345,3346,60,3
3478,3346,3347,1,3
3479,3347,3328,6,3
3480,3341,3348,7,3
3481,3348,3349,4,3
3482,3349,3350,2,3
3483,3350,3351,2,3
3484,3351,3352,12,3
3485,3352,3353,2,3
3486,3353,3354,2,3
3487,3354,3355,2,3
3488,3355,3356,2,3
3489,3356,3357,13,3
3490,3357,3358,2,3
3491,3358,3342,7,3
3492,3359,3360,13,3
3493,3360,3342,11,3
3494,3331,3345,40,3
3495,3361,3362,4,3
3496,3362,3345,75,3
3497,3361,3363,15,3
3498,3363,3364,6,3
3499,3365,3366,35,3
3500,3366,3364,46,3
3501,3359,3367,20,3
3502,3367,3368,15,3
3503,3368,3364,15,3
3504,3369,3370,4,3
3505,3370,3371,5,3
3506,3371,3361,32,3
3507,3369,3372,47,3
3508,3372,3373,13,3
3509,3373,3374,6,3
3510,3374,3365,7,3
3511,3375,3376,20,3
3512,3376,3365,14,3
3513,3377,3378,4,3
3514,3378,3379,10,3
3515,3379,3380,17,3
3516,3380,3381,20,3
3517,3381,3359,10,3
3518,3382,3383,16,3
3519,3383,3384,12,3
3520,3384,3385,16,3
3521,3385,3386,13,3
3522,3387,3388,6,3
3523,3388,3389,5,3
3524,3389,3390,15,3
3525,3390,3386,13,3
3526,3391,3392,10,3
3527,3392,3393,8,3
3528,3393,3394,6,3
3529,3394,3395,9,3
3530,3395,3396,9,3
3531,3396,3386,10,3
3532,3397,3398,3,3
3533,3398,3399,3,3
3534,3399,3400,5,3
3535,3400,3401,4,3
3536,3401,3402,8,3
3537,3402,3403,5,3
3538,3403,3404,2,3
3539,3404,3405,2,3
3540,3405,3406,15,3
3541,3406,3382,6,3
3542,3407,3408,16,3
3543,3408,3409,31,3
3544,3409,3382,14,3
3545,3391,3410,27,3
3546,3410,3387,8,3
3547,3411,3412,6,3
3548,3412,3413,10,3
3549,3413,3387,7,3
3550,3375,3414,21,3
3551,3414,3415,6,3
3552,3415,3416,5,3
3553,3416,3417,7,3
3554,3417,3387,6,3
3555,3418,3419,5,3
3556,3419,3420,45,3
3557,3420,3421,2,3
3558,3421,3422,6,3
3559,3423,3424,6,3
3560,3424,3425,38,3
3561,3425,3422,6,3
3562,3426,3427,4,3
3563,3427,3422,15,3
3564,3428,3429,35,3
3565,3429,3430,8,3
3566,3430,3431,37,3
3567,3431,3418,5,3
3568,3432,3433,7,3
3569,3433,3434,14,3
3570,3434,3435,59,3
3571,3435,3418,5,3
3572,3436,3423,37,3
3573,3437,3438,8,3
3574,3438,3439,25,3
3575,3439,3423,6,3
3576,3440,3441,4,3
3577,3441,3442,17,3
3578,3442,3426,5,3
3579,3428,3443,17,3
3580,3443,3444,9,3
3581,3444,3445,30,3
3582,3445,3446,1,3
3583,3446,3436,6,3
3584,3447,3448,8,3
3585,3448,3449,10,3
3586,3449,3450,2,3
3587,3450,3451,17,3
3588,3451,3437,8,3
3589,3452,3453,7,3
3590,3453,3454,11,3
3591,3454,3455,22,3
3592,3455,3456,14,3
3593,3456,3457,8,3
3594,3458,3459,6,3
3595,3459,3460,123,3
3596,3460,3461,8,3
3597,3461,3457,8,3
3598,3458,3462,6,3
3599,3462,3463,120,3
3600,3463,3464,7,3
3601,3464,3457,8,3
3602,3457,3465,8,3
3603,3465,3466,8,3
3604,3466,3467,83,3
3605,3468,3469,35,3
3606,3469,3470,2,3
3607,3470,3457,8,3
3608,3471,3472,7,3
3609,3472,3473,30,3
3610,3473,3474,7,3
3611,3474,3452,7,3
3612,3471,3475,7,3
3613,3475,3476,36,3
3614,3476,3477,5,3
3615,3477,3452,7,3
3616,3452,3478,7,3
3617,3478,3479,13,3
3618,3479,3480,43,3
3619,2395,3481,65,3
3620,3481,3482,7,3
3621,3482,3452,7,3
3622,3483,3484,6,3
3623,3484,3485,56,3
3624,3485,3458,6,3
3625,3483,3486,6,3
3626,3486,3487,55,3
3627,3487,3458,6,3
3628,3488,3489,65,3
3629,3489,3490,5,3
3630,3490,3458,6,3
3631,2395,3467,45,3
3632,3491,3492,1,3
3633,3492,3493,5,3
3634,3493,3494,4,3
3635,3494,3495,4,3
3636,3495,3496,9,3
3637,3496,3497,11,3
3638,3497,3498,13,3
3639,3498,3499,16,3
3640,3499,3500,19,3
3641,3500,3501,76,3
3642,3501,3502,22,3
3643,3502,3503,22,3
3644,3503,3504,63,3
3645,3504,3505,77,3
3646,3505,3467,6,3
3647,3467,3506,5,3
3648,3506,3507,50,3
3649,3507,3508,7,3
3650,3508,3509,4,3
3651,3509,3510,7,3
3652,3510,3511,4,3
3653,3511,3512,8,3
3654,3512,3513,16,3
3655,3513,3514,4,3
3656,3514,3515,3,3
3657,3515,3516,1,3
3658,3516,1185,6,3
3659,1670,3517,2,3
3660,3517,3518,18,3
3661,3518,3519,3,3
3662,2333,3520,151,3
3663,3520,531,12,3
3664,2335,3521,32,3
3665,3521,3522,123,3
3666,3522,531,6,3
3667,3523,3524,68,3
3668,3524,3525,52,3
3669,3525,578,8,3
3670,3526,3527,14,3
3671,3527,3528,16,3
3672,3528,3529,18,3
3673,3529,578,10,3
3674,3530,3523,47,3
3675,3531,3532,48,3
3676,3532,3533,14,3
3677,3533,3523,51,3
3678,3534,3535,9,3
3679,3535,3536,9,3
3680,3536,3537,1,3
3681,3537,3538,8,3
3682,3538,3539,14,3
3683,3539,3526,13,3
3684,3540,3541,4,3
3685,3541,3542,25,3
3686,3542,3531,50,3
3687,3530,3543,6,3
3688,3543,3544,62,3
3689,3544,3545,4,3
3690,3545,3546,4,3
3691,3546,3547,13,3
3692,3547,3548,2,3
3693,3548,3549,15,3
3694,3549,3531,12,3
3695,3550,3551,14,3
3696,3551,3552,4,3
3697,3552,3553,40,3
3698,3553,3554,19,3
3699,3554,3555,12,3
3700,3555,3556,4,3
3701,3556,3557,4,3
3702,3557,3558,4,3
3703,3558,3559,4,3
3704,3559,3560,9,3
3705,3560,3561,4,3
3706,3561,3562,4,3
3707,3562,3563,3,3
3708,3563,3564,3,3
3709,3564,3565,4,3
3710,3565,3566,5,3
3711,3566,3567,5,3
3712,3567,3568,7,3
3713,3568,3569,62,3
3714,3569,3570,9,3
3715,3570,3571,8,3
3716,3571,3572,12,3
3717,3572,3540,4,3
3718,3534,3573,11,3
3719,3573,3574,13,3
3720,3574,3530,5,3
3721,3575,3576,88,3
3722,3576,3577,16,3
3723,3577,704,9,3
3724,3578,3579,8,3
3725,3579,3580,10,3
3726,3580,3581,15,3
3727,3581,3582,17,3
3728,3582,3583,16,3
3729,3583,3584,6,3
3730,3584,3585,8,3
3731,3585,3586,7,3
3732,3586,3587,8,3
3733,3587,3588,7,3
3734,3588,704,9,3
3735,3589,3590,7,3
3736,3590,3591,26,3
3737,3591,713,11,3
3738,3592,3593,5,3
3739,3593,3594,5,3
3740,3594,3595,19,3
3741,3595,3596,18,3
3742,3596,3597,71,3
3743,3597,3598,39,3
3744,3598,3599,2,3
3745,3599,3600,8,3
3746,3600,3601,4,3
3747,3601,713,4,3
3748,1689,3602,3,3
3749,3602,3603,22,3
3750,3603,3604,12,3
3751,3604,3605,14,3
3752,3605,3606,6,3
3753,3606,3607,12,3
3754,3607,3608,22,3
3755,3608,1689,3,3
3756,3609,1694,66,3
3757,3610,3611,17,3
3758,3611,3612,104,3
3759,3612,3613,40,3
3760,3613,3614,29,3
3761,3614,3615,28,3
3762,3615,3616,71,3
3763,3616,3617,4,3
3764,3605,3618,2,3
3765,3618,3619,5,3
3766,3619,3620,68,3
3767,3620,3610,2,3
3768,3610,3621,9,3
3769,3621,3622,63,3
3770,3622,3623,10,3
3771,3623,3605,6,3
3772,3610,3624,17,3
3773,3624,3625,74,3
3774,3625,3605,14,3
3775,3605,3626,14,3
3776,3626,3627,10,3
3777,3627,3628,63,3
3778,3628,3610,17,3
3779,3629,3630,11,3
3780,3630,3631,3,3
3781,3631,3632,23,3
3782,3632,3633,1,3
3783,3633,3610,17,3
3784,3610,3634,2,3
3785,3634,3635,30,3
3786,3635,3636,13,3
3787,3636,3637,20,3
3788,3637,3638,2,3
3789,3638,3639,8,3
3790,3639,3640,5,3
3791,3640,3641,68,3
3792,3641,3610,9,3
3793,3617,3642,4,3
3794,3642,3643,5,3
3795,3643,3644,36,3
3796,3644,3645,3,3
3797,3645,3646,4,3
3798,3646,3647,4,3
3799,3647,3648,3,3
3800,3648,3649,36,3
3801,3649,3650,4,3
3802,3650,3617,4,3
3803,3651,3652,66,3
3804,3652,3653,66,3
3805,3653,3654,126,3
3806,3654,3655,5,3
3807,3655,3617,4,3
3808,1029,3656,37,3
3809,3656,3657,118,3
3810,3657,3658,63,3
3811,3658,3659,6,3
3812,3659,3617,4,3
3813,3617,3660,4,3
3814,3660,3661,6,3
3815,3661,3662,101,3
3816,3662,3663,28,3
3817,3663,3640,71,3
3818,3664,3665,17,3
3819,3665,3666,9,3
3820,3666,3667,11,3
3821,3667,3668,4,3
3822,3668,3669,4,3
3823,3669,3670,14,3
3824,3670,3671,126,3
3825,3668,3672,4,3
3826,3672,3673,12,3
3827,3673,3674,38,3
3828,3674,3675,4,3
3829,3676,3677,24,3
3830,3677,3678,15,3
3831,3678,3679,6,3
3832,3679,3680,8,3
3833,3680,3668,4,3
3834,3681,3682,4,3
3835,3682,3683,9,3
3836,3683,3684,30,3
3837,3684,3685,10,3
3838,3685,3668,4,3
3839,3686,3687,32,3
3840,3687,3688,95,3
3841,3688,3689,13,3
3842,3689,3668,4,3
3843,3690,3664,44,3
3844,3691,3692,136,3
3845,3692,3664,5,3
3846,3691,3693,39,3
3847,3693,3671,5,3
3848,3671,3694,81,3
3849,3694,3695,39,3
3850,3695,3696,40,3
3851,3696,3697,14,3
3852,3697,3698,4,3
3853,3699,3700,6,3
3854,3700,3701,11,3
3855,3701,3702,23,3
3856,3702,3703,10,3
3857,3703,3704,23,3
3858,3704,3705,12,3
3859,3705,3698,4,3
3860,3698,3706,4,3
3861,3706,3707,12,3
3862,3707,3708,30,3
3863,3708,3709,18,3
3864,3709,3710,10,3
3865,3711,3712,34,3
3866,3712,3713,34,3
3867,3713,3714,21,3
3868,3714,3715,2,3
3869,3715,3716,12,3
3870,3716,3698,4,3
3871,3698,3717,4,3
3872,3717,3718,14,3
3873,3718,3719,23,3
3874,3719,3720,28,3
3875,3721,3722,36,3
3876,3722,3723,12,3
3877,3723,3698,4,3
3878,3724,3699,40,3
3879,3725,3726,60,3
3880,3726,3727,5,3
3881,3727,3699,8,3
3882,3728,3729,3,3
3883,3729,3730,48,3
3884,3730,3710,7,3
3885,3710,3731,64,3
3886,3731,3732,33,3
3887,3732,3733,12,3
3888,3733,3734,3,3
3889,3735,3736,3,3
3890,3736,3737,9,3
3891,3737,3738,69,3
3892,3738,3739,43,3
3893,3739,3740,10,3
3894,3740,3741,2,3
3895,3711,3742,30,3
3896,3742,3743,10,3
3897,3743,3741,2,3
3898,3744,3745,52,3
3899,3745,3741,13,3
3900,3746,3747,40,3
3901,3747,3748,5,3
3902,3748,3741,13,3
3903,3749,3750,7,3
3904,3750,3751,4,3
3905,3751,3752,3,3
3906,3752,3753,2,3
3907,3753,3754,3,3
3908,3754,3755,2,3
3909,3755,3756,2,3
3910,3756,3757,1,3
3911,3757,3758,2,3
3912,3758,3759,2,3
3913,3759,3760,3,3
3914,3760,3761,3,3
3915,3761,3762,3,3
3916,3762,3763,3,3
3917,3763,3764,3,3
3918,3764,3765,2,3
3919,3765,3766,2,3
3920,3766,3767,7,3
3921,3767,3768,2,3
3922,3768,3769,2,3
3923,3769,3770,3,3
3924,3770,3771,3,3
3925,3771,3772,3,3
3926,3772,3773,2,3
3927,3773,3774,3,3
3928,3774,3775,3,3
3929,3775,3776,18,3
3930,3776,3777,21,3
3931,3777,3741,13,3
3932,3778,3779,46,3
3933,3779,3780,5,3
3934,3780,3741,13,3
3935,3781,3782,5,3
3936,3782,3783,4,3
3937,3783,3784,89,3
3938,3784,3785,5,3
3939,3785,3735,3,3
3940,3786,3787,51,3
3941,3787,3788,28,3
3942,3788,3789,17,3
3943,3789,3790,36,3
3944,3790,3791,29,3
3945,3791,3792,136,3
3946,3792,3793,6,3
3947,3793,3735,15,3
3948,3794,3795,6,3
3949,3795,3796,14,3
3950,3796,3797,18,3
3951,3797,3735,15,3
3952,1879,3798,12,3
3953,3798,3799,14,3
3954,3799,3800,20,3
3955,3800,3801,39,3
3956,3801,3802,118,3
3957,3802,3803,20,3
3958,3803,3804,24,3
3959,3804,3805,33,3
3960,3805,3806,34,3
3961,3806,3807,36,3
3962,3807,3808,24,3
3963,3808,3809,13,3
3964,3809,3810,15,3
3965,3810,3811,18,3
3966,3811,3812,21,3
3967,3812,3813,24,3
3968,3813,3814,27,3
3969,3814,3815,12,3
3970,3815,3735,15,3
3971,3816,3817,27,3
3972,3817,3818,11,3
3973,3818,3735,15,3
3974,3819,3820,51,3
3975,3820,3711,8,3
3976,3821,3822,6,3
3977,3822,3823,10,3
3978,3823,3824,21,3
3979,3781,3825,5,3
3980,3825,3826,13,3
3981,3826,3827,31,3
3982,3827,3828,13,3
3983,3828,3824,12,3
3984,3781,3829,5,3
3985,3829,3830,5,3
3986,3830,3831,10,3
3987,3831,3832,10,3
3988,3832,3833,41,3
3989,3833,3834,6,3
3990,3834,3824,6,3
3991,3835,3836,26,3
3992,3836,3837,11,3
3993,3837,3838,10,3
3994,3838,3839,4,3
3995,3839,3821,8,3
3996,3840,3841,19,3
3997,3841,3842,20,3
3998,3842,3843,16,3
3999,3843,3844,7,3
4000,3844,3845,14,3
4001,3845,3846,8,3
4002,3846,3847,6,3
4003,3847,3821,5,3
4004,3848,3849,24,3
4005,3849,3850,10,3
4006,3850,3851,4,3
4007,3851,3852,25,3
4008,3852,3853,15,3
4009,3853,3854,9,3
4010,3854,3855,10,3
4011,3855,3856,8,3
4012,3856,3857,6,3
4013,3857,3781,5,3
4014,3858,3859,15,3
4015,3859,3860,19,3
4016,3860,3861,47,3
4017,3861,3862,34,3
4018,3862,3863,31,3
4019,3863,3864,29,3
4020,3864,3865,15,3
4021,3865,3866,18,3
4022,3866,3867,13,3
4023,3867,3868,14,3
4024,3868,3869,11,3
4025,3869,3781,5,3
4026,3870,3871,7,3
4027,3871,3872,15,3
4028,3872,3873,15,3
4029,3873,3874,14,3
4030,3874,3875,13,3
4031,3875,3876,13,3
4032,3876,3877,8,3
4033,3870,3878,7,3
4034,3878,3879,7,3
4035,3879,3880,19,3
4036,3880,3881,17,3
4037,3881,3882,13,3
4038,3882,3883,9,3
4039,3883,3877,8,3
4040,3884,3885,6,3
4041,3885,3886,14,3
4042,3886,3887,2,3
4043,3887,3888,24,3
4044,3888,3870,7,3
4045,3884,3889,6,3
4046,3889,3890,8,3
4047,3890,3891,25,3
4048,3891,3892,7,3
4049,3892,3870,7,3
4050,3893,3894,13,3
4051,3894,3895,95,3
4052,3895,3081,14,3
4053,3896,3897,61,3
4054,3897,3898,4,3
4055,3898,3081,14,3
4056,3899,3900,10,3
4057,3900,3893,62,3
4058,3901,3902,9,3
4059,3902,3903,15,3
4060,3903,3904,3,3
4061,3904,3893,6,3
4062,3905,3896,74,3
4063,3906,3907,42,3
4064,3907,3908,34,3
4065,3908,3896,5,3
4066,2356,3909,5,3
4067,3909,2376,27,3
4068,3910,3911,8,3
4069,3911,3912,75,3
4070,3912,3913,42,3
4071,3913,2376,8,3
4072,3914,3915,25,3
4073,3915,2356,5,3
4074,3914,3916,48,3
4075,3916,3917,29,3
4076,3917,3918,48,3
4077,3918,2356,5,3
4078,2339,3919,41,3
4079,3919,3920,57,3
4080,3920,3921,29,3
4081,3921,3922,27,3
4082,3922,3923,39,3
4083,3923,3924,29,3
4084,3924,3925,25,3
4085,3925,3926,33,3
4086,3926,3927,17,3
4087,3927,3928,8,3
4088,3928,3929,9,3
4089,3929,3930,22,3
4090,3930,3931,4,3
4091,3931,3932,4,3
4092,3932,3933,10,3
4093,3933,3934,25,3
4094,3934,3910,26,3
4095,3935,3589,38,3
4096,3936,3937,12,3
4097,3937,3938,2,3
4098,3938,3939,4,3
4099,3939,3589,20,3
4100,3940,3592,47,3
4101,3941,3942,13,3
4102,3942,3943,50,3
4103,3943,3592,20,3
4104,3944,3940,34,3
4105,3945,3940,112,3
4106,3946,3947,114,3
4107,3947,3941,13,3
4108,3948,3949,41,3
4109,3949,3950,4,3
4110,3950,3951,42,3
4111,3951,3941,1,3
4112,3944,3952,24,3
4113,3952,3941,13,3
4114,3953,3954,93,3
4115,3954,3955,19,3
4116,3955,3941,13,3
4117,3956,3957,25,3
4118,3957,3958,28,3
4119,3958,3959,19,3
4120,3959,2241,6,3
4121,43,3960,4,3
4122,3960,3961,5,3
4123,3961,3962,24,3
4124,3962,2246,6,3
4125,3963,3964,3,3
4126,3964,3965,8,3
4127,3965,3966,7,3
4128,3966,3967,7,3
4129,3967,3968,4,3
4130,3968,2246,6,3
4131,3963,3969,3,3
4132,3969,3970,3,3
4133,3970,3971,7,3
4134,3971,3972,18,3
4135,3972,3973,7,3
4136,3973,2246,6,3
4137,3974,3975,28,3
4138,3975,70,13,3
4139,3976,3977,49,3
4140,3977,70,12,3
4141,3978,3979,25,3
4142,3979,3980,87,3
4143,3980,2395,3,3
4144,3981,3982,7,3
4145,3982,3983,14,3
4146,3983,3984,69,3
4147,3984,3471,7,3
4148,3981,3985,7,3
4149,3985,3986,9,3
4150,3986,3987,12,3
4151,3987,3988,42,3
4152,3988,3989,15,3
4153,3989,3471,7,3
4154,3990,3991,68,3
4155,3991,3471,7,3
4156,3992,3993,68,3
4157,3993,3994,37,3
4158,3994,3995,20,3
4159,3995,3996,21,3
4160,3996,3997,8,3
4161,3997,3998,18,3
4162,3998,3999,47,3
4163,3999,2623,13,3
4164,4000,4001,20,3
4165,4001,4002,5,3
4166,4002,4003,3,3
4167,4003,3997,7,3
4168,2549,4004,58,3
4169,4004,4005,4,3
4170,4005,4006,3,3
4171,4006,2549,58,3
4172,4005,4007,4,3
4173,4007,4008,23,3
4174,4008,4009,48,3
4175,4009,4010,60,3
4176,4010,4011,72,3
4177,4011,4012,36,3
4178,4012,4013,88,3
4179,4013,4014,16,3
4180,4014,4015,16,3
4181,4015,4016,5,3
4182,4016,4017,5,3
4183,4017,4018,17,3
4184,4018,4019,12,3
4185,4019,4020,201,3
4186,4020,4021,68,3
4187,4021,4022,40,3
4188,4022,4023,24,3
4189,4023,4005,3,3
4190,4024,4025,5,3
4191,4025,4026,4,3
4192,4026,4027,40,3
4193,4027,4028,70,3
4194,4028,4029,4,3
4195,4029,4005,15,3
4196,4030,4031,7,3
4197,4031,4032,7,3
4198,4032,4033,23,3
4199,4033,4005,15,3
4200,4034,4035,97,3
4201,4035,4036,9,3
4202,4036,4037,6,3
4203,4037,4038,18,3
4204,4038,4039,51,3
4205,4039,4040,10,3
4206,4040,4005,15,3
4207,4041,4042,4,3
4208,4042,4043,6,3
4209,4043,4044,30,3
4210,4044,4045,5,3
4211,4045,4005,15,3
4212,2003,4046,13,3
4213,4046,4047,36,3
4214,4047,4048,44,3
4215,4048,4049,49,3
4216,4049,1895,18,3
4217,1895,4050,16,3
4218,4050,4051,39,3
4219,4052,4053,81,3
4220,4053,1895,15,3
4221,4054,4055,5,3
4222,4055,4056,34,3
4223,4056,1895,15,3
4224,4057,4058,5,3
4225,4058,4059,33,3
4226,4059,4060,6,3
4227,4060,2003,10,3
4228,4061,4062,38,3
4229,4062,2003,11,3
4230,4063,4064,4,3
4231,4064,4065,39,3
4232,4065,4051,6,3
4233,4051,4066,10,3
4234,4066,4067,15,3
4235,4067,4068,65,3
4236,4068,4069,6,3
4237,4070,4052,47,3
4238,4071,4072,161,3
4239,4072,4073,28,3
4240,4073,4052,11,3
4241,4074,4075,4,3
4242,4075,4076,150,3
4243,4076,4077,7,3
4244,4077,4052,3,3
4245,4016,4078,5,3
4246,4078,4079,19,3
4247,4079,4080,3,3
4248,4080,4081,4,3
4249,4081,4082,5,3
4250,4082,4083,5,3
4251,4083,4084,6,3
4252,4084,4085,7,3
4253,4085,4086,34,3
4254,4086,4087,24,3
4255,4087,4088,54,3
4256,4088,4089,48,3
4257,4089,4090,5,3
4258,4016,4091,5,3
4259,4091,4092,15,3
4260,4092,4093,16,3
4261,4093,4094,87,3
4262,4094,4095,8,3
4263,4095,4096,10,3
4264,4096,4097,9,3
4265,4097,4098,9,3
4266,4098,4099,13,3
4267,4099,4100,11,3
4268,4100,4101,23,3
4269,4101,3681,4,3
4270,4102,4103,4,3
4271,4103,4104,97,3
4272,4104,4105,37,3
4273,4105,4106,33,3
4274,4106,4107,10,3
4275,4107,4108,13,3
4276,4108,4109,1,3
4277,4109,4110,16,3
4278,4110,4016,5,3
4279,3675,4111,4,3
4280,4111,4112,22,3
4281,4112,4113,19,3
4282,4113,4114,13,3
4283,4114,4115,11,3
4284,4115,4116,14,3
4285,4116,4117,12,3
4286,4117,4118,24,3
4287,4118,4119,23,3
4288,4119,4120,34,3
4289,4120,4121,15,3
4290,4121,4122,4,3
4291,4122,4123,4,3
4292,4123,4124,14,3
4293,4124,4016,5,3
4294,4090,4125,5,3
4295,4125,4126,12,3
4296,4126,4127,35,3
4297,4127,4128,14,3
4298,4129,4130,87,3
4299,4130,4090,5,3
4300,4131,4132,51,3
4301,4132,4090,5,3
4302,4133,4134,80,3
4303,4134,3681,4,3
4304,4135,4136,10,3
4305,4136,4137,69,3
4306,4137,4138,6,3
4307,4138,4139,5,3
4308,4139,4140,7,3
4309,4140,4141,7,3
4310,4141,4142,7,3
4311,4142,4143,11,3
4312,4143,4144,11,3
4313,4144,4145,29,3
4314,4145,3681,4,3
4315,2561,4146,19,3
4316,4146,4147,79,3
4317,4147,4148,85,3
4318,4148,4149,8,3
4319,4149,4150,6,3
4320,4150,4151,114,3
4321,4151,4152,6,3
4322,4152,4153,6,3
4323,4153,4154,109,3
4324,4154,4149,7,3
4325,4155,4156,91,3
4326,4156,4157,73,3
4327,4157,4158,9,3
4328,4158,4149,6,3
4329,4159,4160,111,3
4330,4160,4149,7,3
4331,4161,4162,118,3
4332,4162,4163,40,3
4333,4163,4164,4,3
4334,4164,2561,11,3
4335,4165,4166,3,3
4336,4166,4167,8,3
4337,4167,4168,32,3
4338,4168,4169,122,3
4339,4169,4170,8,3
4340,4170,2561,121,3
4341,4171,4172,7,3
4342,4172,4173,14,3
4343,4173,4174,18,3
4344,4174,4175,155,3
4345,4175,4152,6,3
4346,4176,4177,23,3
4347,4177,4178,37,3
4348,4178,4179,38,3
4349,4179,4180,24,3
4350,4180,4181,84,3
4351,4182,4183,10,3
4352,4183,4184,17,3
4353,4184,4176,16,3
4354,4185,4186,13,3
4355,4186,4187,12,3
4356,4187,4188,23,3
4357,4188,4182,24,3
4358,4189,4190,14,3
4359,4190,4191,5,3
4360,4191,4185,7,3
4361,4189,4192,31,3
4362,4192,4193,15,3
4363,4193,4194,14,3
4364,4194,4171,7,3
4365,4195,4196,208,3
4366,4196,4197,6,3
4367,4197,4171,7,3
4368,4198,4199,8,3
4369,4199,4200,59,3
4370,4200,4201,29,3
4371,4201,4202,43,3
4372,4202,4203,25,3
4373,4203,4204,27,3
4374,4204,4205,33,3
4375,4205,4206,19,3
4376,4206,4207,18,3
4377,4207,4208,16,3
4378,4208,4209,41,3
4379,4209,4189,128,3
4380,4155,4195,25,3
4381,4198,4210,27,3
4382,4210,4211,15,3
4383,4211,4212,78,3
4384,4212,4213,15,3
4385,4213,4214,74,3
4386,4214,4215,30,3
4387,4215,4216,29,3
4388,4216,4195,6,3
4389,2917,4217,7,3
4390,4217,4218,175,3
4391,4219,4220,56,3
4392,4220,4221,9,3
4393,4221,2917,7,3
4394,4222,4223,6,3
4395,4223,4224,55,3
4396,4224,4225,8,3
4397,4225,2917,7,3
4398,4226,4227,89,3
4399,4227,2917,7,3
4400,4228,4229,37,3
4401,4229,4230,8,3
4402,4230,4231,8,3
4403,4231,401,7,3
4404,4232,4233,6,3
4405,4233,4234,16,3
4406,4234,4235,13,3
4407,4235,4236,17,3
4408,4236,4237,19,3
4409,4237,401,7,3
4410,4238,4239,99,3
4411,4239,4240,8,3
4412,4240,401,7,3
4413,400,4241,79,3
4414,4242,400,73,3
4415,385,4243,10,3
4416,4243,4244,8,3
4417,4244,4245,2,3
4418,4245,4246,132,3
4419,4246,4247,2,3
4420,4248,4249,7,3
4421,4249,4250,21,3
4422,4250,4251,48,3
4423,4251,4252,76,3
4424,4252,4253,7,3
4425,4253,385,10,3
4426,4254,4255,39,3
4427,4255,4256,12,3
4428,4256,385,10,3
4429,408,4257,55,3
4430,4257,4258,9,3
4431,4258,385,9,3
4432,4259,4260,24,3
4433,4260,4261,5,3
4434,4261,4262,11,3
4435,4262,4263,18,3
4436,4263,4264,9,3
4437,4264,385,6,3
4438,359,4265,15,3
4439,4265,4266,13,3
4440,4266,4267,132,3
4441,4267,4268,1,3
4442,4268,4269,7,3
4443,4269,385,6,3
4444,4270,391,39,3
4445,4254,391,64,3
4446,4228,394,40,3
4447,4271,4272,36,3
4448,4272,394,17,3
4449,4273,4274,7,3
4450,4274,4275,35,3
4451,4275,4276,7,3
4452,4276,4277,11,3
4453,4277,353,14,3
4454,4247,4278,12,3
4455,4278,4276,11,3
4456,4279,4280,7,3
4457,4280,4281,8,3
4458,4281,4282,9,3
4459,4282,4273,6,3
4460,4283,4284,82,3
4461,4284,4285,9,3
4462,4285,4286,26,3
4463,4286,4273,6,3
4464,4287,4288,19,3
4465,4288,4273,4,3
4466,4279,4289,7,3
4467,4289,4290,42,3
4468,4290,353,8,3
4469,4291,4292,28,3
4470,4292,177,8,3
4471,4293,4294,5,3
4472,4294,4295,56,3
4473,4295,177,7,3
4474,2203,4296,7,3
4475,4296,4297,15,3
4476,4297,4298,37,3
4477,4299,4300,50,3
4478,4300,4301,8,3
4479,4301,2203,7,3
4480,4302,4303,44,3
4481,4303,4304,10,3
4482,4304,2203,7,3
4483,4305,4306,35,3
4484,4306,4307,16,3
4485,4307,2203,7,3
4486,2212,4308,5,3
4487,4308,4309,10,3
4488,4309,4310,8,3
4489,4310,4311,26,3
4490,4312,4313,13,3
4491,4313,4314,8,3
4492,4314,4315,5,3
4493,4315,4316,8,3
4494,4316,2212,5,3
4495,4317,4318,42,3
4496,4318,4319,3,3
4497,4319,4320,8,3
4498,4320,2212,5,3
4499,4321,4322,6,3
4500,4322,4323,7,3
4501,4323,4324,101,3
4502,4324,4325,9,3
4503,4325,2212,5,3
4504,4326,2118,67,3
4505,4327,4328,7,3
4506,4328,2118,16,3
4507,2132,4329,6,3
4508,4329,4330,4,3
4509,4330,4331,4,3
4510,4331,4332,5,3
4511,4332,4333,5,3
4512,4333,4334,19,3
4513,4334,4335,4,3
4514,4335,4336,6,3
4515,4336,4337,6,3
4516,4337,2133,2,3
4517,2133,4338,11,3
4518,4338,2132,40,3
4519,4339,4340,51,3
4520,4341,4342,40,3
4521,4342,4343,31,3
4522,4343,4344,36,3
4523,4344,4345,37,3
4524,4345,4346,4,3
4525,4346,4347,1,3
4526,4347,4340,11,3
4527,4348,4349,8,3
4528,4349,4350,56,3
4529,4350,4340,15,3
4530,4351,4352,5,3
4531,4352,4353,14,3
4532,4353,4339,7,3
4533,4354,4355,4,3
4534,4355,4356,81,3
4535,4356,4339,11,3
4536,4357,4358,16,3
4537,4358,4341,12,3
4538,4359,4360,3,3
4539,4360,4361,46,3
4540,4361,4362,25,3
4541,4362,4341,4,3
4542,4363,4348,29,3
4543,4364,4365,123,3
4544,4365,4366,18,3
4545,4366,4367,81,3
4546,4367,4348,14,3
4547,4368,4369,6,3
4548,4369,4370,8,3
4549,4370,4348,11,3
4550,4371,4372,6,3
4551,4372,4373,27,3
4552,4373,4374,17,3
4553,4374,4375,9,3
4554,4375,4376,2,3
4555,4376,1996,8,3
4556,4377,4378,18,3
4557,4378,4379,9,3
4558,4379,4380,13,3
4559,4380,4381,5,3
4560,4381,4382,6,3
4561,4382,4383,2,3
4562,4383,1996,7,3
4563,4384,4385,11,3
4564,4385,4386,9,3
4565,4386,4387,13,3
4566,4387,4388,22,3
4567,4388,4389,19,3
4568,4389,4390,19,3
4569,4390,4391,21,3
4570,4391,4392,37,3
4571,4392,4393,6,3
4572,4393,2033,4,3
4573,2033,4394,4,3
4574,4394,4395,8,3
4575,4395,4396,8,3
4576,4396,4397,23,3
4577,4397,4398,4,3
4578,4398,4399,4,3
4579,4399,4400,23,3
4580,4400,4401,16,3
4581,4401,2033,4,3
4582,4402,4403,13,3
4583,4403,4404,9,3
4584,4404,4405,7,3
4585,4405,2033,4,3
4586,4406,4407,12,3
4587,4407,4408,8,3
4588,4408,4409,1,3
4589,4409,4410,14,3
4590,4411,4412,11,3
4591,4412,4410,8,3
4592,4413,4414,18,3
4593,4414,4415,5,3
4594,4415,4416,19,3
4595,4416,4410,15,3
4596,4417,4418,8,3
4597,4418,4406,42,3
4598,4359,4419,17,3
4599,4419,4420,19,3
4600,4420,4421,10,3
4601,4421,4422,10,3
4602,4422,4423,20,3
4603,4423,4406,6,3
4604,4351,4424,5,3
4605,4424,4425,14,3
4606,4425,4426,36,3
4607,4426,4411,9,3
4608,4417,4427,22,3
4609,4427,4428,14,3
4610,4428,4429,13,3
4611,4429,4430,1,3
4612,4430,4431,11,3
4613,4431,4413,18,3
4614,4432,4433,40,3
4615,4433,4434,29,3
4616,4434,4435,12,3
4617,4435,4413,18,3
4618,4436,4437,19,3
4619,4437,4438,19,3
4620,4438,4413,17,3
4621,4439,4440,107,3
4622,4440,4441,12,3
4623,4441,4413,17,3
4624,4442,4443,70,3
4625,4443,4436,22,3
4626,4436,4444,23,3
4627,4444,4445,10,3
4628,4445,4446,13,3
4629,4447,4448,8,3
4630,4448,4449,32,3
4631,4449,4450,45,3
4632,4450,4436,24,3
4633,4451,4452,11,3
4634,4452,4453,54,3
4635,4453,4442,9,3
4636,4454,4455,41,3
4637,4455,4442,10,3
4638,4456,4457,4,3
4639,4457,4458,44,3
4640,4458,4442,9,3
4641,4446,4459,21,3
4642,4459,4460,30,3
4643,4460,4461,50,3
4644,4461,4462,26,3
4645,4462,4463,6,3
4646,4464,4465,5,3
4647,4465,4466,4,3
4648,4466,4467,13,3
4649,4467,4468,22,3
4650,4468,4446,5,3
4651,4463,4469,6,3
4652,4469,4470,11,3
4653,4470,4471,9,3
4654,4471,4472,6,3
4655,4473,4474,8,3
4656,4474,4475,13,3
4657,4475,4472,11,3
4658,4476,4477,57,3
4659,4477,4478,3,3
4660,4478,4472,10,3
4661,4463,4479,6,3
4662,4479,4480,18,3
4663,4480,4481,11,3
4664,4481,4482,26,3
4665,4482,4483,14,3
4666,4484,4485,5,3
4667,4485,4486,22,3
4668,4486,4487,9,3
4669,4487,4488,6,3
4670,4488,4489,6,3
4671,4489,4490,25,3
4672,4490,4491,10,3
4673,4491,4463,6,3
4674,4463,4492,6,3
4675,4492,4493,17,3
4676,4493,4447,43,3
4677,4494,4495,12,3
4678,4495,4496,11,3
4679,4496,4497,26,3
4680,4497,4498,22,3
4681,4498,4499,30,3
4682,4499,4500,16,3
4683,4500,4501,21,3
4684,4501,4463,6,3
4685,4502,4503,15,3
4686,4503,4504,43,3
4687,4504,4505,10,3
4688,4505,4506,20,3
4689,4506,4507,10,3
4690,4507,4473,8,3
4691,4508,4509,9,3
4692,4509,4510,8,3
4693,4510,4511,27,3
4694,4511,4512,31,3
4695,4512,4513,37,3
4696,4513,4514,42,3
4697,4514,4515,38,3
4698,4515,4516,65,3
4699,4516,4517,77,3
4700,4517,4518,6,3
4701,4518,4473,8,3
4702,4519,4520,4,3
4703,4520,4521,49,3
4704,4521,4522,5,3
4705,4522,4523,2,3
4706,4523,4524,9,3
4707,4524,4473,8,3
4708,4525,4476,28,3
4709,4526,4527,28,3
4710,4527,4476,41,3
4711,4483,4528,5,3
4712,4528,4529,2,3
4713,4529,4530,4,3
4714,4530,4531,14,3
4715,4531,4532,10,3
4716,4532,4533,2,3
4717,4533,4534,5,3
4718,4534,4535,15,3
4719,4535,4536,25,3
4720,4536,4494,12,3
4721,4483,4537,14,3
4722,4537,4538,25,3
4723,4538,4539,12,3
4724,4539,4494,3,3
4725,4439,4540,25,3
4726,4540,4484,5,3
4727,4417,4541,28,3
4728,4541,4542,36,3
4729,4542,4484,5,3
4730,4543,4544,38,3
4731,4544,4545,12,3
4732,4545,4546,10,3
4733,4546,4547,11,3
4734,4547,4548,11,3
4735,4548,4484,5,3
4736,4439,4549,15,3
4737,4549,4447,8,3
4738,3106,4550,9,3
4739,4550,4551,12,3
4740,4551,4552,20,3
4741,4552,4553,23,3
4742,4553,4554,19,3
4743,4554,4555,40,3
4744,4555,4556,25,3
4745,4556,4557,20,3
4746,4557,4558,19,3
4747,4558,4559,18,3
4748,4559,4560,21,3
4749,4560,4561,21,3
4750,4561,4562,11,3
4751,4562,4563,160,3
4752,4563,4564,9,3
4753,4564,4565,9,3
4754,4565,4566,9,3
4755,4566,4567,9,3
4756,4567,4568,11,3
4757,4568,4569,11,3
4758,4569,4570,11,3
4759,4570,4571,15,3
4760,4571,4572,8,3
4761,4572,4573,8,3
4762,4573,4574,8,3
4763,4574,4575,7,3
4764,4575,3031,5,3
4765,3106,4576,11,3
4766,4576,4577,33,3
4767,4577,4578,21,3
4768,4578,4579,28,3
4769,4579,4580,59,3
4770,4580,4581,58,3
4771,4581,4582,22,3
4772,4582,4494,12,3
4773,4494,4583,3,3
4774,4583,4584,22,3
4775,4584,4585,33,3
4776,4585,4586,44,3
4777,4586,4587,90,3
4778,4587,4588,20,3
4779,3106,4589,11,3
4780,4589,4590,12,3
4781,4590,4591,12,3
4782,4591,4592,9,3
4783,4592,4593,10,3
4784,4593,4594,11,3
4785,4594,4595,10,3
4786,4595,4596,28,3
4787,3106,4597,18,3
4788,4597,4598,12,3
4789,4598,4599,26,3
4790,4599,4600,9,3
4791,3106,4601,18,3
4792,4601,4602,14,3
4793,4602,4603,203,3
4794,4603,4604,12,3
4795,4604,3734,3,3
4796,3734,4605,3,3
4797,4605,4606,12,3
4798,4606,4607,1,3
4799,4607,4608,20,3
4800,4608,4609,24,3
4801,4609,4610,14,3
4802,4610,4611,64,3
4803,4611,4612,23,3
4804,4612,4613,20,3
4805,4613,4614,35,3
4806,4614,4615,13,3
4807,4615,3106,18,3
4808,4616,4617,6,3
4809,4617,4618,12,3
4810,4618,4619,14,3
4811,4619,4620,11,3
4812,4620,3106,5,3
4813,4621,4622,68,3
4814,4622,4623,13,3
4815,4623,3106,22,3
4816,4624,4625,74,3
4817,4625,4626,20,3
4818,4626,4627,13,3
4819,4627,3106,9,3
4820,4600,4628,23,3
4821,4628,4629,12,3
4822,4629,4630,60,3
4823,4630,4631,12,3
4824,4631,4632,4,3
4825,4633,4634,11,3
4826,4634,4635,27,3
4827,4635,4600,5,3
4828,4636,4637,28,3
4829,4637,4638,44,3
4830,4638,3899,9,3
4831,4639,4640,5,3
4832,4640,4641,25,3
4833,4641,4642,6,3
4834,4642,4643,40,3
4835,4643,3899,8,3
4836,4508,4644,9,3
4837,4644,4645,15,3
4838,4645,4636,13,3
4839,4646,4647,43,3
4840,4647,4648,26,3
4841,4648,4649,2,3
4842,4649,4636,4,3
4843,4650,4651,16,3
4844,4651,4652,89,3
4845,4652,4639,5,3
4846,4653,4654,5,3
4847,4654,4655,22,3
4848,4655,4639,5,3
4849,3901,4656,9,3
4850,4656,4657,4,3
4851,4657,4658,33,3
4852,4658,4659,38,3
4853,4659,4660,19,3
4854,4660,3107,5,3
4855,4661,4662,3,3
4856,4662,3107,31,3
4857,4663,4664,32,3
4858,4664,4653,5,3
4859,4650,4665,15,3
4860,4665,4666,9,3
4861,4666,4667,78,3
4862,4667,4653,5,3
4863,4668,4669,6,3
4864,4669,4670,29,3
4865,4670,4663,6,3
4866,4671,4672,21,3
4867,4672,4650,15,3
4868,4673,4674,7,3
4869,4674,4675,100,3
4870,4675,4676,6,3
4871,4676,4677,3,3
4872,4677,4650,16,3
4873,4678,4679,86,3
4874,4679,4650,2,3
4875,3052,4680,4,3
4876,4680,4681,12,3
4877,4681,4682,80,3
4878,4682,4683,95,3
4879,4683,4684,21,3
4880,4684,4685,13,3
4881,4685,4686,4,3
4882,4686,4687,4,3
4883,4687,4688,14,3
4884,4688,4689,146,3
4885,4689,4690,24,3
4886,4690,4691,25,3
4887,4691,4692,14,3
4888,4692,3052,4,3
4889,4693,4694,24,3
4890,4694,4695,26,3
4891,4695,4696,4,3
4892,4696,4697,10,3
4893,4697,4698,17,3
4894,4698,4699,6,3
4895,4699,3052,4,3
4896,4700,4701,9,3
4897,4701,4702,24,3
4898,4702,4703,6,3
4899,4703,4704,28,3
4900,4704,4705,7,3
4901,4705,4706,5,3
4902,4706,3052,4,3
4903,4707,4708,6,3
4904,4708,4709,43,3
4905,4709,3062,7,3
4906,4707,4710,6,3
4907,4710,4711,43,3
4908,4711,3062,7,3
4909,4712,4713,20,3
4910,4713,3062,7,3
4911,1084,4714,4,3
4912,4714,4715,14,3
4913,4715,4716,27,3
4914,4717,4718,43,3
4915,4718,4719,11,3
4916,4719,1084,4,3
4917,1084,4720,4,3
4918,4720,4721,13,3
4919,4721,4722,91,3
4920,4722,4723,59,3
4921,4723,4724,9,3
4922,4724,4725,6,3
4923,4725,4726,6,3
4924,4726,4727,9,3
4925,4727,4728,150,3
4926,4728,4729,13,3
4927,4729,1084,4,3
4928,4730,4731,5,3
4929,4731,4732,9,3
4930,4732,4733,106,3
4931,4733,4734,14,3
4932,4734,1084,4,3
4933,4716,4735,16,3
4934,4735,4736,63,3
4935,4736,4737,10,3
4936,4737,4730,5,3
4937,4738,4739,5,3
4938,4739,4740,1,3
4939,4740,4741,37,3
4940,4741,4716,7,3
4941,4742,4717,41,3
4942,4738,4743,6,3
4943,4743,4744,35,3
4944,4744,4717,5,3
4945,4745,4746,13,3
4946,4746,4747,39,3
4947,4747,4748,3,3
4948,4748,4749,6,3
4949,4750,4751,14,3
4950,4751,4752,6,3
4951,4752,4753,2,3
4952,4753,4749,6,3
4953,4750,4754,15,3
4954,4754,4755,9,3
4955,4755,4749,6,3
4956,224,4756,43,3
4957,4756,4757,4,3
4958,4757,4749,6,3
4959,4758,4759,6,3
4960,4759,4760,7,3
4961,4760,4761,27,3
4962,4761,4762,8,3
4963,4762,4749,6,3
4964,4763,4764,8,3
4965,4764,4765,48,3
4966,4765,4766,6,3
4967,4766,4749,6,3
4968,4745,4767,8,3
4969,4767,4768,62,3
4970,4768,4769,9,3
4971,4769,1092,9,3
4972,1092,4770,12,3
4973,4770,4771,9,3
4974,4771,4772,62,3
4975,4772,4745,12,3
4976,4773,4774,3,3
4977,4774,4775,20,3
4978,4775,4745,12,3
4979,4745,4776,12,3
4980,4776,4777,49,3
4981,4777,4778,6,3
4982,4778,4758,6,3
4983,4758,4779,6,3
4984,4779,4780,6,3
4985,4780,4781,26,3
4986,4781,4745,13,3
4987,222,4782,8,3
4988,4782,4750,70,3
4989,219,4783,8,3
4990,4783,224,41,3
4991,4784,4785,3,3
4992,4785,4786,39,3
4993,4787,4788,50,3
4994,4788,4784,8,3
4995,4789,4790,17,3
4996,4790,4791,10,3
4997,4791,4792,2,3
4998,4792,4793,3,3
4999,4793,4794,5,3
5000,4794,4795,26,3
5001,4795,4784,8,3
5002,4283,4796,23,3
5003,4796,4784,8,3
5004,4797,4798,52,3
5005,4798,4784,8,3
5006,4786,4799,47,3
5007,4800,4801,10,3
5008,4801,4786,39,3
5009,4758,4802,6,3
5010,4802,4803,6,3
5011,4803,4804,35,3
5012,4804,4805,6,3
5013,4805,4806,6,3
5014,4806,4807,39,3
5015,4807,4808,6,3
5016,4808,4758,6,3
5017,4809,4810,17,3
5018,4810,4811,7,3
5019,4811,4758,6,3
5020,4805,4812,6,3
5021,4812,4797,81,3
5022,4763,4813,8,3
5023,4813,4814,26,3
5024,4814,4815,9,3
5025,4815,4805,6,3
5026,4799,4816,48,3
5027,4816,4805,6,3
5028,4817,4818,57,3
5029,4818,4809,6,3
5030,4293,4819,5,3
5031,4819,4820,64,3
5032,4820,4809,10,3
5033,4809,4821,6,3
5034,4821,4822,24,3
5035,4823,4824,8,3
5036,4824,4825,33,3
5037,4825,4283,5,3
5038,1092,4826,8,3
5039,4826,4827,9,3
5040,4827,4828,14,3
5041,4828,4829,75,3
5042,4829,311,36,3
5043,173,4830,25,3
5044,4830,1092,12,3
5045,4831,4832,4,3
5046,4832,4833,65,3
5047,4834,4835,17,3
5048,4835,4833,91,3
5049,4836,4837,16,3
5050,4837,4838,24,3
5051,4838,4833,6,3
5052,4839,4840,29,3
5053,4840,4841,8,3
5054,4841,4831,4,3
5055,4842,4843,57,3
5056,4843,4844,14,3
5057,4844,4831,4,3
5058,4845,4846,2,3
5059,4846,4847,45,3
5060,4847,4848,6,3
5061,4848,4831,4,3
5062,4849,4850,6,3
5063,4850,4834,17,3
5064,4834,4851,19,3
5065,4851,4852,1,3
5066,4852,4853,40,3
5067,4853,4854,3,3
5068,4854,4855,3,3
5069,4855,4856,40,3
5070,4856,4857,2,3
5071,4857,4834,19,3
5072,4845,4858,2,3
5073,4858,4859,94,3
5074,4859,4836,16,3
5075,4860,4861,3,3
5076,4861,4862,21,3
5077,4862,4836,15,3
5078,4863,4864,36,3
5079,4864,4865,8,3
5080,4865,4854,3,3
5081,4866,4867,65,3
5082,4867,4868,6,3
5083,4868,4854,3,3
5084,4854,4869,3,3
5085,4869,4870,11,3
5086,4870,4871,171,3
5087,4871,4872,2,3
5088,4872,4326,18,3
5089,4873,4874,66,3
5090,4874,4875,11,3
5091,4875,4854,3,3
5092,4876,4863,38,3
5093,4839,4877,114,3
5094,4877,4863,27,3
5095,4878,4879,98,3
5096,4879,4863,5,3
5097,4880,4881,10,3
5098,4881,4866,56,3
5099,4849,4880,49,3
5100,4882,4883,15,3
5101,4883,4880,49,3
5102,4884,4885,8,3
5103,4885,4886,10,3
5104,4886,4887,2,3
5105,4887,4888,2,3
5106,4888,4889,17,3
5107,4889,4890,4,3
5108,4890,4891,5,3
5109,4891,4892,11,3
5110,4892,4893,5,3
5111,4893,4894,3,3
5112,4894,4895,10,3
5113,4895,4884,17,3
5114,4884,4896,17,3
5115,4896,4897,5,3
5116,4897,4898,3,3
5117,4898,4899,15,3
5118,4899,4900,2,3
5119,4900,4901,2,3
5120,4901,4902,2,3
5121,4902,4903,3,3
5122,4903,4904,5,3
5123,4884,4905,9,3
5124,4905,4906,2,3
5125,4906,4907,3,3
5126,4907,4908,3,3
5127,4908,4909,17,3
5128,4909,4910,2,3
5129,4910,4904,3,3
5130,4904,4911,16,3
5131,4911,4912,2,3
5132,4912,4913,2,3
5133,4913,4914,2,3
5134,4914,4915,2,3
5135,4915,4916,10,3
5136,4916,4884,16,3
5137,4882,4917,16,3
5138,4917,4890,44,3
5139,4918,4919,56,3
5140,4919,4882,16,3
5141,4920,4921,7,3
5142,4921,4882,18,3
5143,4922,4923,15,3
5144,4923,4924,4,3
5145,4924,4849,10,3
5146,4925,4918,33,3
5147,4926,4927,35,3
5148,4927,4918,11,3
5149,4928,4929,15,3
5150,4929,4925,23,3
5151,4930,4931,17,3
5152,4931,4925,9,3
5153,4932,4926,36,3
5154,4933,4934,5,3
5155,4934,4935,12,3
5156,4935,4926,51,3
5157,4936,4937,7,3
5158,4937,4920,34,3
5159,4930,4938,6,3
5160,4938,4939,3,3
5161,4939,4940,6,3
5162,4940,4941,4,3
5163,4941,4942,24,3
5164,4942,4943,20,3
5165,4943,4944,30,3
5166,4944,4920,7,3
5167,4932,4945,52,3
5168,4945,4946,10,3
5169,4946,4947,6,3
5170,4947,4948,4,3
5171,4948,4949,4,3
5172,4949,4950,9,3
5173,4950,4951,11,3
5174,4951,4933,18,3
5175,4952,4953,5,3
5176,4953,4954,24,3
5177,4954,4955,1,3
5178,4955,4956,5,3
5179,4956,4948,4,3
5180,4948,4957,4,3
5181,4957,4958,11,3
5182,4958,4959,68,3
5183,4959,2154,9,3
5184,2154,4960,12,3
5185,4960,4961,65,3
5186,4961,4962,11,3
5187,4962,4948,4,3
5188,4928,4963,18,3
5189,4963,4964,3,3
5190,4964,4965,60,3
5191,4965,4966,10,3
5192,4966,4948,4,3
5193,4933,4967,31,3
5194,4967,4968,2,3
5195,4968,4928,18,3
5196,1478,4969,103,3
5197,4970,4969,53,3
5198,1479,4969,57,3
5199,4971,1478,53,3
5200,4972,4970,28,3
5201,4971,4970,100,3
5202,4973,1479,48,3
5203,4974,4971,52,3
5204,1162,4971,124,3
5205,4975,1480,76,3
5206,4976,4977,30,3
5207,4977,1480,5,3
5208,3974,4978,19,3
5209,4978,1482,47,3
5210,4979,4980,65,3
5211,4980,1482,4,3
5212,4981,1485,25,3
5213,4982,4983,46,3
5214,4983,4984,7,3
5215,4984,2314,7,3
5216,4985,4986,8,3
5217,4986,4987,33,3
5218,4987,2314,7,3
5219,4988,4989,5,3
5220,4989,4990,83,3
5221,4990,4991,4,3
5222,4991,2314,7,3
5223,4985,4992,4,3
5224,4992,4993,13,3
5225,4993,4994,20,3
5226,4994,4995,20,3
5227,4995,4996,28,3
5228,4996,4997,29,3
5229,4997,4998,34,3
5230,4998,2311,16,3
5231,4999,2318,52,3
5232,2302,5000,9,3
5233,5000,5001,5,3
5234,5001,2318,177,3
5235,4982,5002,4,3
5236,5002,2318,163,3
5237,5003,5004,7,3
5238,5004,4982,44,3
5239,36,5005,16,3
5240,5005,5006,11,3
5241,5006,4985,7,3
5242,5007,5008,88,3
5243,5008,4985,5,3
5244,5009,5010,87,3
5245,5010,36,5,3
5246,5009,5007,37,3
5247,4988,5007,42,3
5248,5011,5012,2,3
5249,5012,5007,90,3
5250,5013,5014,3,3
5251,5014,5015,2,3
5252,5015,5016,62,3
5253,40,5017,17,3
5254,5017,5016,7,3
5255,5018,5019,45,3
5256,5019,5016,7,3
5257,5020,5021,5,3
5258,5021,5022,10,3
5259,5022,5013,19,3
5260,5023,5024,52,3
5261,5024,5013,13,3
5262,5023,5025,5,3
5263,5025,5026,47,3
5264,5026,5027,7,3
5265,5027,5028,49,3
5266,5028,40,5,3
5267,5029,5018,91,3
5268,5030,5031,5,3
5269,5031,5032,80,3
5270,5032,5018,5,3
5271,1186,5029,83,3
5272,5033,5034,5,3
5273,5034,5035,103,3
5274,5035,5029,4,3
5275,5033,5036,5,3
5276,5036,5037,95,3
5277,5037,5030,5,3
5278,5020,5038,5,3
5279,5038,5039,1,3
5280,5039,5040,22,3
5281,5040,5041,3,3
5282,5041,5030,5,3
5283,5020,5042,5,3
5284,5042,5043,25,3
5285,5043,5044,4,3
5286,5044,5030,5,3
5287,3483,5045,6,3
5288,5045,5046,125,3
5289,5046,5030,5,3
5290,5047,5048,30,3
5291,5048,5049,5,3
5292,5049,5030,5,3
5293,3488,5050,58,3
5294,5050,1186,4,3
5295,1179,5051,3,3
5296,5051,3488,118,3
5297,5052,5053,32,3
5298,5053,1145,5,3
5299,3953,5054,81,3
5300,5054,5055,4,3
5301,5055,1145,5,3
5302,5056,5057,30,3
5303,5057,1145,5,3
5304,5058,5052,22,3
5305,5059,3953,26,3
5306,1122,5060,68,3
5307,5061,5060,64,3
5308,5062,5060,68,3
5309,1154,1122,41,3
5310,4974,5061,46,3
5311,5063,5064,18,3
5312,5064,5065,25,3
5313,5065,5066,6,3
5314,5066,5067,18,3
5315,5067,5068,13,3
5316,5068,5061,22,3
5317,4974,5062,60,3
5318,1167,5062,60,3
5319,5069,5070,51,3
5320,5070,5071,2,3
5321,5071,5072,7,3
5322,5073,5074,8,3
5323,5074,5075,37,3
5324,5075,5076,27,3
5325,5076,5072,56,3
5326,2179,5077,7,3
5327,5077,5078,9,3
5328,5078,5072,49,3
5329,2185,5079,7,3
5330,5079,5069,76,3
5331,5080,5081,6,3
5332,5081,5082,68,3
5333,5082,5083,46,3
5334,5083,5069,7,3
5335,2188,5084,9,3
5336,5084,5069,48,3
5337,5080,5085,8,3
5338,5085,5086,22,3
5339,5086,5087,4,3
5340,5087,5088,11,3
5341,5088,5073,7,3
5342,5089,5090,7,3
5343,5090,5091,3,3
5344,5091,5092,31,3
5345,5092,5093,11,3
5346,5093,5073,8,3
5347,5094,5095,93,3
5348,5095,5073,8,3
5349,2179,5096,7,3
5350,5096,5097,16,3
5351,5097,2188,42,3
5352,2179,5098,7,3
5353,5098,5099,9,3
5354,5099,5100,6,3
5355,5100,5101,27,3
5356,5101,4305,12,3
5357,5102,5103,2,3
5358,5103,5104,45,3
5359,5104,5105,4,3
5360,5105,5106,9,3
5361,5106,2179,7,3
5362,4298,5107,11,3
5363,5107,5108,27,3
5364,5108,5109,7,3
5365,5109,5110,8,3
5366,5110,2179,7,3
5367,5111,5112,12,3
5368,5112,5113,10,3
5369,5113,5114,22,3
5370,5114,5115,5,3
5371,5115,5116,20,3
5372,5116,5117,6,3
5373,5117,5118,26,3
5374,5118,5119,15,3
5375,5119,5120,27,3
5376,5120,5121,17,3
5377,5121,2685,6,3
5378,5122,5123,48,3
5379,5123,5124,2,3
5380,5124,2685,36,3
5381,2691,5125,39,3
5382,5126,5127,7,3
5383,5127,5128,37,3
5384,5128,5129,5,3
5385,5129,2691,4,3
5386,5130,5131,89,3
5387,5131,5132,8,3
5388,4326,5133,19,3
5389,5133,5132,45,3
5390,5134,5135,67,3
5391,5135,5132,12,3
5392,5136,5137,9,3
5393,5137,5130,80,3
5394,5138,5139,6,3
5395,5139,5140,64,3
5396,5140,5130,9,3
5397,4326,5141,18,3
5398,5141,5142,1,3
5399,5142,5143,82,3
5400,4327,5144,12,3
5401,5144,5145,52,3
5402,5145,5146,2,3
5403,5146,5147,1,3
5404,5147,5148,1,3
5405,5148,5149,3,3
5406,5149,5150,2,3
5407,5150,4326,13,3
5408,2185,5134,131,3
5409,5138,5134,99,3
5410,5080,5151,8,3
5411,5151,5134,73,3
5412,5152,5153,88,3
5413,5153,5154,12,3
5414,5155,5156,6,3
5415,5156,5157,5,3
5416,5157,5158,73,3
5417,5158,5154,10,3
5418,5159,5160,42,3
5419,5160,5154,8,3
5420,5161,5162,4,3
5421,5162,5163,60,3
5422,5163,5154,9,3
5423,5164,5165,17,3
5424,5165,5152,5,3
5425,5166,5167,44,3
5426,5167,5168,4,3
5427,5168,5152,7,3
5428,2220,5169,5,3
5429,5169,5170,17,3
5430,5170,5155,8,3
5431,5171,5172,44,3
5432,5172,5155,8,3
5433,5173,5174,57,3
5434,5174,5155,9,3
5435,5175,5176,6,3
5436,5176,5159,34,3
5437,5171,5177,9,3
5438,5177,5178,56,3
5439,5178,5179,20,3
5440,5179,5159,8,3
5441,5166,5180,6,3
5442,5180,5181,81,3
5443,5181,5159,9,3
5444,5182,5183,7,3
5445,5183,5161,35,3
5446,5173,5184,11,3
5447,5184,5185,52,3
5448,5185,5186,4,3
5449,5186,5187,21,3
5450,5187,5161,9,3
5451,5188,5189,19,3
5452,5189,5190,37,3
5453,5190,5191,1,3
5454,5191,5192,2,3
5455,5192,5193,2,3
5456,5193,5194,3,3
5457,5194,3031,6,3
5458,5195,5196,21,3
5459,5197,5198,5,3
5460,5198,5199,7,3
5461,5199,5200,35,3
5462,5200,5201,8,3
5463,5201,5202,12,3
5464,5202,5203,33,3
5465,5203,5204,9,3
5466,5204,5196,9,3
5467,5205,5206,7,3
5468,5206,5207,3,3
5469,5207,5208,52,3
5470,5208,5196,8,3
5471,5209,5210,2,3
5472,5210,5211,20,3
5473,5211,5212,26,3
5474,5212,5195,41,3
5475,5213,5214,11,3
5476,5214,5197,43,3
5477,5197,5215,6,3
5478,5215,5216,5,3
5479,5216,5217,8,3
5480,5217,5218,4,3
5481,5218,5219,5,3
5482,5219,5220,5,3
5483,5220,5221,7,3
5484,5221,5222,4,3
5485,5222,5223,6,3
5486,5223,5224,5,3
5487,5224,5225,5,3
5488,5225,5226,11,3
5489,5226,5227,8,3
5490,5227,5228,11,3
5491,5229,5230,42,3
5492,5230,5197,6,3
5493,5231,5205,26,3
5494,5232,5205,80,3
5495,5233,5234,10,3
5496,5234,5235,48,3
5497,5235,5205,7,3
5498,1237,5236,278,3
5499,5236,5237,123,3
5500,5237,5238,15,3
5501,5238,5239,8,3
5502,1237,5240,7,3
5503,5240,5241,9,3
5504,5241,5242,3,3
5505,5242,5243,9,3
5506,5243,5244,25,3
5507,5244,5245,51,3
5508,5246,2739,31,3
5509,3734,5247,3,3
5510,5247,5248,12,3
5511,5248,5249,20,3
5512,5249,5250,54,3
5513,5250,3721,44,3
5514,5251,5252,6,3
5515,5252,5253,19,3
5516,5253,5254,15,3
5517,5254,5255,10,3
5518,5255,3734,3,3
5519,5256,5257,27,3
5520,5257,5258,21,3
5521,5258,5259,9,3
5522,5259,3734,3,3
5523,3720,5260,10,3
5524,5260,3686,97,3
5525,5261,5262,3,3
5526,5262,5263,25,3
5527,5263,5264,11,3
5528,5264,5265,8,3
5529,5265,3720,6,3
5530,2978,2981,37,3
5531,5266,5267,1,3
5532,5267,2981,126,3
5533,5268,5269,46,3
5534,5269,5270,8,3
5535,5270,2988,6,3
5536,2988,5271,6,3
5537,5271,5272,9,3
5538,5272,5273,4,3
5539,5273,5274,31,3
5540,5274,5275,53,3
5541,5275,5276,28,3
5542,5276,5277,10,3
5543,5277,5239,5,3
5544,5239,5278,8,3
5545,5278,5279,10,3
5546,5279,5280,28,3
5547,5280,5281,55,3
5548,5281,5282,31,3
5549,5282,5283,4,3
5550,5283,5284,9,3
5551,5284,2988,6,3
5552,5285,5286,42,3
5553,5286,5287,8,3
5554,5287,2988,6,3
5555,5288,5289,10,3
5556,5289,5290,57,3
5557,5290,5291,23,3
5558,5291,5080,10,3
5559,5138,5292,7,3
5560,5292,5288,62,3
5561,5094,5293,8,3
5562,5293,5288,56,3
5563,5209,5294,2,3
5564,5294,5295,30,3
5565,5295,5288,54,3
5566,5229,5296,5,3
5567,5296,5231,89,3
5568,5297,5298,9,3
5569,5298,5299,10,3
5570,5299,5300,3,3
5571,5300,5301,43,3
5572,5301,5302,2,3
5573,5302,5231,5,3
5574,5303,5304,7,3
5575,5304,5232,24,3
5576,5305,5306,10,3
5577,5306,5307,59,3
5578,5307,5232,5,3
5579,5297,5308,9,3
5580,5308,5233,39,3
5581,5305,5233,65,3
5582,5309,5310,6,3
5583,5310,5311,26,3
5584,5311,5233,11,3
5585,5312,5313,14,3
5586,5313,5314,7,3
5587,5314,2813,9,3
5588,2813,5315,9,3
5589,5315,5316,27,3
5590,5316,2803,17,3
5591,5317,5318,50,3
5592,5318,5319,4,3
5593,5319,5320,8,3
5594,5320,2813,9,3
5595,5312,5321,22,3
5596,5321,5322,6,3
5597,5322,5323,69,3
5598,5323,5324,28,3
5599,5324,5325,4,3
5600,5312,5326,66,3
5601,5326,5325,4,3
5602,5327,5328,9,3
5603,5328,5329,69,3
5604,5329,5330,12,3
5605,5330,5331,12,3
5606,5331,5332,13,3
5607,5332,5333,15,3
5608,5333,5334,14,3
5609,5334,5335,52,3
5610,5335,2803,14,3
5611,2803,5336,15,3
5612,5336,5337,99,3
5613,5337,5338,276,3
5614,5338,5339,51,3
5615,5339,5340,169,3
5616,5340,5341,37,3
5617,5341,5342,37,3
5618,5342,5343,28,3
5619,2909,5344,7,3
5620,5344,5345,104,3
5621,5345,5346,23,3
5622,5346,5347,6,3
5623,5347,5348,6,3
5624,5348,5349,22,3
5625,5349,5350,104,3
5626,5350,2909,7,3
5627,5351,5352,55,3
5628,5352,5353,7,3
5629,5353,2909,7,3
5630,5354,5355,54,3
5631,5355,5356,9,3
5632,5356,2909,7,3
5633,5303,5357,8,3
5634,5357,5138,83,3
5635,5136,5358,11,3
5636,5358,5359,62,3
5637,5359,5303,5,3
5638,5209,5360,2,3
5639,5360,5361,7,3
5640,5361,5362,23,3
5641,5362,5363,12,3
5642,5363,5364,16,3
5643,5364,5303,7,3
5644,5365,5366,7,3
5645,5366,5367,93,3
5646,5367,5368,127,3
5647,5368,2814,9,3
5648,5369,5370,114,3
5649,5370,2814,7,3
5650,5371,5372,28,3
5651,5372,2814,9,3
5652,5317,5373,10,3
5653,5373,5374,10,3
5654,5374,5375,9,3
5655,5375,5376,5,3
5656,5376,5377,5,3
5657,5377,5378,4,3
5658,5378,5379,8,3
5659,5379,2814,9,3
5660,5380,5381,8,3
5661,5381,5382,35,3
5662,5382,5383,5,3
5663,5383,5384,7,3
5664,5384,4321,6,3
5665,4321,5385,6,3
5666,5385,5386,8,3
5667,5386,5387,64,3
5668,5387,5388,9,3
5669,5388,5389,7,3
5670,5389,5390,7,3
5671,5390,5391,9,3
5672,5391,5392,68,3
5673,5392,5393,9,3
5674,5393,4321,6,3
5675,5394,5395,57,3
5676,5395,5396,4,3
5677,5396,5397,7,3
5678,5397,4321,6,3
5679,4311,5398,62,3
5680,5398,5399,4,3
5681,5399,5400,9,3
5682,5400,4321,6,3
5683,5401,5402,20,3
5684,5402,5380,11,3
5685,5403,5404,4,3
5686,5404,5405,4,3
5687,5405,5406,5,3
5688,5406,5407,75,3
5689,5407,5380,9,3
5690,4317,5408,8,3
5691,5408,5409,100,3
5692,5409,5380,10,3
5693,2792,5410,8,3
5694,5410,5411,6,3
5695,5411,5412,13,3
5696,5412,5413,13,3
5697,5413,5414,10,3
5698,5414,2766,9,3
5699,5415,5416,22,3
5700,5416,5417,18,3
5701,5417,5418,21,3
5702,5418,5419,34,3
5703,5419,2766,9,3
5704,5420,5421,8,3
5705,5421,5422,5,3
5706,5422,5423,12,3
5707,5423,5424,26,3
5708,5424,5425,8,3
5709,5425,5426,10,3
5710,5426,5427,12,3
5711,5427,5428,13,3
5712,5428,5429,17,3
5713,5429,5430,11,3
5714,5430,2766,9,3
5715,5431,5432,4,3
5716,5432,5433,22,3
5717,5433,5434,8,3
5718,5434,2778,5,3
5719,2778,5435,5,3
5720,5435,5436,16,3
5721,5436,5246,85,3
5722,5437,5438,21,3
5723,5438,5439,15,3
5724,5439,5440,79,3
5725,5440,5441,1,3
5726,5441,5442,8,3
5727,5442,2778,5,3
5728,2725,5443,116,3
5729,5443,5444,20,3
5730,5444,2778,5,3
5731,5445,5446,11,3
5732,5446,5089,36,3
5733,5089,5447,7,3
5734,5447,5448,91,3
5735,5448,5449,3,3
5736,5449,5450,1,3
5737,5450,5451,5,3
5738,5452,5453,9,3
5739,5453,5454,14,3
5740,5454,5455,92,3
5741,5455,5089,6,3
5742,5456,5094,79,3
5743,2857,5457,5,3
5744,5457,5458,13,3
5745,5458,5459,61,3
5746,5460,5461,9,3
5747,5461,5462,9,3
5748,5462,5463,36,3
5749,5463,2857,5,3
5750,5464,5465,43,3
5751,5465,2857,6,3
5752,2857,5466,6,3
5753,5466,5467,7,3
5754,5467,5468,12,3
5755,5468,5469,10,3
5756,5469,5470,10,3
5757,5470,5471,23,3
5758,5471,2876,15,3
5759,5472,5473,159,3
5760,5473,2857,5,3
5761,5474,5475,5,3
5762,5475,5476,136,3
5763,5476,5477,8,3
5764,5477,2857,5,3
5765,5478,5479,8,3
5766,5479,5480,74,3
5767,5480,5481,7,3
5768,5481,5482,87,3
5769,5483,5484,108,3
5770,5484,5480,13,3
5771,5485,5486,8,3
5772,5486,5487,7,3
5773,5487,5488,92,3
5774,5488,5480,15,3
5775,2278,5489,6,3
5776,5489,5490,3,3
5777,5490,5491,73,3
5778,5491,5478,8,3
5779,5492,5493,8,3
5780,5493,5494,108,3
5781,5494,5478,6,3
5782,5495,5496,115,3
5783,5496,5478,6,3
5784,5482,5497,120,3
5785,5482,5498,46,3
5786,5498,5499,36,3
5787,5500,5482,117,3
5788,5495,5501,76,3
5789,5501,5483,5,3
5790,5502,5503,5,3
5791,5503,5504,105,3
5792,5504,5483,7,3
5793,5500,5505,88,3
5794,5505,5483,5,3
5795,5497,5506,87,3
5796,5506,5507,6,3
5797,5507,5485,8,3
5798,5492,5508,8,3
5799,5508,5509,73,3
5800,5509,5510,8,3
5801,5510,5485,8,3
5802,5492,5511,8,3
5803,5511,5512,73,3
5804,5512,5513,8,3
5805,5513,5485,8,3
5806,5164,5514,19,3
5807,5514,5515,12,3
5808,5515,5485,8,3
5809,4327,5516,5,3
5810,5516,5517,44,3
5811,5517,2185,7,3
5812,5518,5519,12,3
5813,5519,5520,2,3
5814,5520,5521,3,3
5815,5521,5522,5,3
5816,5523,5524,12,3
5817,5524,5525,9,3
5818,5525,5526,33,3
5819,5526,5527,49,3
5820,5527,5528,4,3
5821,5528,5522,7,3
5822,5529,5530,8,3
5823,5530,5531,47,3
5824,5531,5532,5,3
5825,5532,5522,6,3
5826,5533,5534,8,3
5827,5534,5535,5,3
5828,5535,5536,7,3
5829,5536,5537,31,3
5830,5537,5538,2,3
5831,5538,5539,4,3
5832,5539,5522,10,3
5833,5540,5518,27,3
5834,5541,5542,12,3
5835,5542,5543,1,3
5836,5543,5544,47,3
5837,5544,5545,3,3
5838,5545,5518,12,3
5839,5546,5547,6,3
5840,5547,5548,13,3
5841,5548,5549,10,3
5842,5549,5550,35,3
5843,5550,5551,35,3
5844,5551,5552,9,3
5845,5552,5553,19,3
5846,5553,5523,16,3
5847,5554,5555,5,3
5848,5555,5556,54,3
5849,5556,5557,12,3
5850,5557,5523,14,3
5851,5558,5559,21,3
5852,5559,5523,13,3
5853,5560,5561,9,3
5854,5561,5562,7,3
5855,5562,5563,2,3
5856,5563,5564,39,3
5857,5564,5529,8,3
5858,5541,5565,39,3
5859,5565,5529,8,3
5860,5566,5567,14,3
5861,5567,5568,4,3
5862,5568,5569,43,3
5863,5569,5570,47,3
5864,5570,5571,3,3
5865,5571,5529,8,3
5866,5572,5573,5,3
5867,5573,5574,26,3
5868,5574,5533,8,3
5869,5575,5576,17,3
5870,5576,5577,28,3
5871,5577,5578,1,3
5872,5578,5579,80,3
5873,5579,5580,9,3
5874,5580,5533,8,3
5875,5581,5582,29,3
5876,5582,5583,2,3
5877,5583,5584,3,3
5878,5584,5585,3,3
5879,5585,5586,82,3
5880,5586,5587,11,3
5881,5587,5533,8,3
5882,5209,5588,2,3
5883,5588,5589,58,3
5884,5589,5456,4,3
5885,5213,5590,8,3
5886,5590,5591,28,3
5887,5591,5592,14,3
5888,5592,5593,15,3
5889,5593,5594,33,3
5890,5594,5595,6,3
5891,5595,5596,63,3
5892,5596,5597,5,3
5893,5597,5456,62,3
5894,2924,5598,6,3
5895,5598,2893,110,3
5896,5599,5600,50,3
5897,5600,5601,9,3
5898,5601,2924,6,3
5899,4219,5602,48,3
5900,5602,5603,10,3
5901,5603,2924,6,3
5902,2883,5604,7,3
5903,5604,5605,129,3
5904,5605,2924,6,3
5905,5606,5607,17,3
5906,5607,5608,2,3
5907,5608,5609,12,3
5908,5609,2278,6,3
5909,2288,5610,30,3
5910,5610,5611,1,3
5911,5611,2278,8,3
5912,5612,5613,27,3
5913,5613,5614,9,3
5914,5614,5606,50,3
5915,5615,5616,43,3
5916,5616,5606,5,3
5917,5617,2288,42,3
5918,5618,5619,9,3
5919,5619,2701,70,3
5920,5620,5621,22,3
5921,5621,5622,8,3
5922,5622,2701,12,3
5923,5623,5624,3,3
5924,5624,5625,60,3
5925,5625,5626,6,3
5926,5626,5627,12,3
5927,5627,2701,12,3
5928,5628,5629,3,3
5929,5629,5630,49,3
5930,5630,2692,10,3
5931,5631,5632,6,3
5932,5632,5633,56,3
5933,5633,5634,52,3
5934,5634,5635,38,3
5935,5635,2714,18,3
5936,5636,5637,29,3
5937,5637,5638,8,3
5938,5639,5640,51,3
5939,5640,5641,9,3
5940,5641,5638,8,3
5941,5642,5643,46,3
5942,5643,5644,10,3
5943,5644,5638,8,3
5944,2656,5645,8,3
5945,5645,5646,16,3
5946,5646,5647,32,3
5947,5647,5638,8,3
5948,5648,5636,24,3
5949,5649,5639,138,3
5950,5650,5639,54,3
5951,5651,5652,8,3
5952,5652,5639,56,3
5953,5653,5654,5,3
5954,5654,5655,36,3
5955,5656,5657,6,3
5956,5657,5655,40,3
5957,5658,5659,13,3
5958,5659,5660,15,3
5959,5660,5661,6,3
5960,5661,5662,8,3
5961,5662,5663,17,3
5962,5663,5664,37,3
5963,5664,5665,18,3
5964,5665,5666,23,3
5965,5666,5667,27,3
5966,5667,5668,18,3
5967,5668,5669,25,3
5968,5669,5670,10,3
5969,5670,5671,8,3
5970,5671,5672,24,3
5971,5672,5673,8,3
5972,5673,5674,20,3
5973,5674,5675,13,3
5974,5675,5676,22,3
5975,5676,5677,14,3
5976,5677,5678,16,3
5977,5678,5679,10,3
5978,5679,5680,27,3
5979,5680,5681,18,3
5980,5681,5682,1,3
5981,5682,5655,6,3
5982,5683,5684,19,3
5983,5684,5685,35,3
5984,5685,5686,101,3
5985,5686,5687,26,3
5986,5687,5653,5,3
5987,5688,5689,20,3
5988,5689,5690,36,3
5989,5690,5653,5,3
5990,5691,5692,4,3
5991,5692,5693,12,3
5992,5693,5694,19,3
5993,5694,5695,100,3
5994,5695,5696,16,3
5995,5696,5653,5,3
5996,5697,5698,6,3
5997,5698,5699,5,3
5998,5699,5700,10,3
5999,5700,5701,8,3
6000,5701,5702,5,3
6001,5702,5703,23,3
6002,5703,5704,29,3
6003,5704,5705,25,3
6004,5705,5706,7,3
6005,5706,5707,5,3
6006,5707,5656,6,3
6007,5697,5708,8,3
6008,5708,5709,9,3
6009,5709,5710,35,3
6010,5710,5711,66,3
6011,5711,5656,6,3
6012,5712,5713,16,3
6013,5713,5658,13,3
6014,5714,5715,6,3
6015,5715,5716,17,3
6016,5716,5658,15,3
6017,5717,5718,12,3
6018,5718,5719,8,3
6019,5719,5720,6,3
6020,5720,5721,6,3
6021,5721,5722,21,3
6022,5722,5723,12,3
6023,5723,5724,4,3
6024,5724,5725,4,3
6025,5725,5726,12,3
6026,5726,5727,42,3
6027,5727,5717,9,3
6028,5728,5729,12,3
6029,5729,5730,16,3
6030,5730,5731,15,3
6031,5731,5732,39,3
6032,5732,5733,17,3
6033,5733,5734,19,3
6034,5734,5735,10,3
6035,5735,5736,29,3
6036,5736,5737,7,3
6037,5738,5739,49,3
6038,5739,5740,18,3
6039,5740,5741,12,3
6040,5741,5742,13,3
6041,5742,5743,38,3
6042,5743,5744,24,3
6043,5744,5737,7,3
6044,5745,5746,3,3
6045,5746,5747,12,3
6046,5747,5748,26,3
6047,5748,5749,16,3
6048,5749,5750,18,3
6049,5750,5751,16,3
6050,5751,5752,43,3
6051,5752,5753,9,3
6052,5753,5737,7,3
6053,5754,5755,52,3
6054,5755,5756,35,3
6055,5756,5737,7,3
6056,5757,5758,41,3
6057,5758,5759,21,3
6058,5759,5728,14,3
6059,5754,5760,9,3
6060,5760,5761,24,3
6061,5761,5728,10,3
6062,5762,5763,8,3
6063,5763,5764,47,3
6064,5764,5765,3,3
6065,5765,5738,5,3
6066,5697,5766,15,3
6067,5766,5767,18,3
6068,5767,5768,13,3
6069,5768,5769,12,3
6070,5769,5770,9,3
6071,5770,5771,13,3
6072,5771,5772,9,3
6073,5772,5773,9,3
6074,5773,5774,33,3
6075,5774,5738,83,3
6076,5650,5775,51,3
6077,5775,5648,9,3
6078,5776,5777,9,3
6079,5777,5778,36,3
6080,5778,5779,13,3
6081,5779,5780,10,3
6082,5780,5648,13,3
6083,5781,5782,45,3
6084,5782,5783,33,3
6085,5783,5784,33,3
6086,5784,5650,29,3
6087,5785,5786,8,3
6088,5786,5787,28,3
6089,5787,5776,10,3
6090,5788,5789,18,3
6091,5789,5790,35,3
6092,5790,5776,10,3
6093,5791,5792,13,3
6094,5792,5793,13,3
6095,5793,5794,5,3
6096,5794,5776,8,3
6097,5795,5796,7,3
6098,5796,5797,4,3
6099,5797,5798,4,3
6100,5798,5799,16,3
6101,5799,5800,9,3
6102,5800,5801,25,3
6103,5801,5802,8,3
6104,5802,5803,6,3
6105,5803,5804,18,3
6106,5804,5805,26,3
6107,5805,5122,5,3
6108,5806,5807,6,3
6109,5807,5808,11,3
6110,5808,5809,35,3
6111,5809,5122,28,3
6112,5810,5811,32,3
6113,5811,5812,37,3
6114,5812,5122,4,3
6115,5813,5814,9,3
6116,5814,5815,10,3
6117,5815,5816,16,3
6118,5816,5795,7,3
6119,5817,5818,48,3
6120,5818,5819,1,3
6121,5819,5820,12,3
6122,5820,5821,38,3
6123,5821,5822,6,3
6124,5822,5795,7,3
6125,5823,5824,20,3
6126,5824,5825,31,3
6127,5825,5795,7,3
6128,5826,5827,9,3
6129,5827,5806,49,3
6130,5828,5829,5,3
6131,5829,5830,10,3
6132,5830,5831,20,3
6133,5831,5832,15,3
6134,5832,5833,11,3
6135,5833,5834,34,3
6136,5834,5835,2,3
6137,5835,5806,5,3
6138,5836,5837,18,3
6139,5837,5838,12,3
6140,5838,5839,14,3
6141,5839,5840,6,3
6142,5840,5841,31,3
6143,5841,5842,20,3
6144,5842,5843,6,3
6145,5843,5844,9,3
6146,5844,5845,6,3
6147,5845,5846,10,3
6148,5846,5847,9,3
6149,5847,5848,11,3
6150,5848,5810,39,3
6151,5849,5850,53,3
6152,5850,5851,9,3
6153,5851,5810,12,3
6154,5852,5853,4,3
6155,5853,5854,34,3
6156,5854,5855,14,3
6157,5855,5856,10,3
6158,5856,5857,7,3
6159,5857,5858,9,3
6160,5858,5859,20,3
6161,5859,5860,9,3
6162,5860,5861,8,3
6163,5861,5762,6,3
6164,5862,5863,27,3
6165,5863,5864,15,3
6166,5864,5865,3,3
6167,5865,5866,14,3
6168,5866,5867,11,3
6169,5867,5762,17,3
6170,5868,5869,3,3
6171,5869,5870,9,3
6172,5870,5871,8,3
6173,5871,5872,5,3
6174,5872,5873,24,3
6175,5873,5874,23,3
6176,5874,5875,15,3
6177,5875,5876,15,3
6178,5876,5697,3,3
6179,5877,5878,48,3
6180,5878,5879,9,3
6181,5880,5881,18,3
6182,5881,5882,26,3
6183,5882,5879,10,3
6184,5883,5884,45,3
6185,5884,5879,8,3
6186,5885,5886,7,3
6187,5886,5887,38,3
6188,5887,5879,8,3
6189,5888,5889,7,3
6190,5889,5890,5,3
6191,5890,5877,22,3
6192,5891,5892,5,3
6193,5892,5893,35,3
6194,5893,5894,3,3
6195,5894,5877,6,3
6196,5895,5896,31,3
6197,5896,5880,21,3
6198,5897,5898,40,3
6199,5898,5880,4,3
6200,5899,5883,41,3
6201,5897,5900,61,3
6202,5900,5883,7,3
6203,5901,5902,9,3
6204,5902,5903,82,3
6205,5903,5883,7,3
6206,5904,5905,15,3
6207,5905,5885,16,3
6208,5891,5906,12,3
6209,5906,5907,10,3
6210,5907,5885,16,3
6211,5908,5909,16,3
6212,5909,5910,41,3
6213,5910,5911,21,3
6214,5911,5912,25,3
6215,5912,5826,9,3
6216,5913,5914,4,3
6217,5914,5915,15,3
6218,5915,5916,17,3
6219,5916,5917,48,3
6220,5917,5918,7,3
6221,5918,5919,8,3
6222,5919,5826,9,3
6223,5920,5921,72,3
6224,5921,5922,15,3
6225,5922,5826,9,3
6226,5757,5923,11,3
6227,5923,5924,15,3
6228,5924,5925,35,3
6229,5925,5926,10,3
6230,5926,5927,14,3
6231,5927,5928,29,3
6232,5928,5908,6,3
6233,5929,5930,19,3
6234,5930,5931,20,3
6235,5931,5908,10,3
6236,5932,5683,20,3
6237,5933,5934,20,3
6238,5934,5935,17,3
6239,5935,5936,35,3
6240,5936,5937,55,3
6241,5937,5938,11,3
6242,5938,5939,2,3
6243,5939,5683,6,3
6244,5940,5941,13,3
6245,5941,5942,2,3
6246,5942,5932,5,3
6247,5943,5944,20,3
6248,5944,5945,16,3
6249,5945,5932,4,3
6250,5940,5946,6,3
6251,5946,5947,81,3
6252,5947,5933,50,3
6253,5948,5949,5,3
6254,5949,5933,42,3
6255,2656,5950,8,3
6256,5950,5951,17,3
6257,5951,5952,41,3
6258,5953,5954,6,3
6259,5954,5955,4,3
6260,5955,5956,46,3
6261,5956,5957,14,3
6262,5957,2656,8,3
6263,2656,5958,8,3
6264,5958,5959,20,3
6265,5959,2651,36,3
6266,5651,5960,42,3
6267,5960,5961,17,3
6268,5961,2656,8,3
6269,5952,5962,139,3
6270,5962,5963,7,3
6271,5964,5965,6,3
6272,5965,5966,61,3
6273,5966,5952,6,3
6274,5967,5968,8,3
6275,5968,5969,57,3
6276,5969,5953,6,3
6277,5964,5970,47,3
6278,5970,5971,1,3
6279,5971,5953,9,3
6280,2657,5972,6,3
6281,5972,5973,42,3
6282,5973,5974,2,3
6283,5974,5953,9,3
6284,5975,5976,29,3
6285,5976,5977,9,3
6286,5978,5979,7,3
6287,5979,5980,9,3
6288,5980,5981,35,3
6289,5981,5982,7,3
6290,5982,5977,9,3
6291,5983,5984,16,3
6292,5984,5985,93,3
6293,5985,5986,10,3
6294,5986,5977,9,3
6295,5987,5988,75,3
6296,5988,5977,9,3
6297,5989,5990,9,3
6298,5990,5991,14,3
6299,5991,5992,34,3
6300,5992,5977,9,3
6301,5993,5994,10,3
6302,5994,5975,47,3
6303,5995,5996,128,3
6304,5996,5975,11,3
6305,5978,5997,7,3
6306,5997,5998,15,3
6307,5998,5989,34,3
6308,5978,5999,7,3
6309,5999,6000,15,3
6310,6000,6001,56,3
6311,5895,6002,53,3
6312,6002,6003,10,3
6313,6003,5978,7,3
6314,6004,6005,64,3
6315,6005,6006,15,3
6316,6006,5978,7,3
6317,6007,6008,149,3
6318,6008,6009,14,3
6319,6009,5978,7,3
6320,6010,6011,25,3
6321,6011,5983,21,3
6322,6012,6013,12,3
6323,6013,5983,38,3
6324,5993,6014,10,3
6325,6014,6015,2,3
6326,6015,6016,78,3
6327,6016,5983,11,3
6328,6017,6018,67,3
6329,6018,6019,14,3
6330,6019,6020,20,3
6331,6020,5983,5,3
6332,6021,5754,46,3
6333,5920,6022,26,3
6334,6022,6021,10,3
6335,6023,6024,2,3
6336,6024,6025,3,3
6337,6025,6026,1,3
6338,6026,6027,66,3
6339,6027,6028,3,3
6340,6028,6021,3,3
6341,6029,6030,6,3
6342,6030,6031,14,3
6343,6031,6032,8,3
6344,6032,6033,4,3
6345,6034,6035,7,3
6346,6035,6036,43,3
6347,6036,6037,69,3
6348,6037,6033,4,3
6349,6038,6039,6,3
6350,6039,6040,38,3
6351,6040,6041,9,3
6352,6041,6033,4,3
6353,6042,6043,24,3
6354,6043,6044,14,3
6355,6044,6045,9,3
6356,6045,6046,12,3
6357,6046,6047,13,3
6358,6047,6048,16,3
6359,6048,6049,16,3
6360,6049,6050,15,3
6361,6050,6051,38,3
6362,6051,6033,4,3
6363,6042,6052,9,3
6364,6052,6053,5,3
6365,6053,6054,3,3
6366,6054,6055,54,3
6367,6055,6056,50,3
6368,6056,6057,29,3
6369,6057,6029,13,3
6370,6058,6059,5,3
6371,6059,6060,9,3
6372,6060,6061,19,3
6373,6061,6062,14,3
6374,6062,6063,23,3
6375,6063,6029,17,3
6376,6064,6065,13,3
6377,6065,6066,22,3
6378,6066,6034,3,3
6379,6067,6068,2,3
6380,6068,6069,37,3
6381,6069,6070,4,3
6382,6070,6071,7,3
6383,6071,6072,25,3
6384,6072,6034,8,3
6385,6073,6074,2,3
6386,6074,6075,4,3
6387,6075,6076,14,3
6388,6076,6077,10,3
6389,6077,6034,8,3
6390,6078,6079,20,3
6391,6079,6080,19,3
6392,6080,6081,11,3
6393,6081,6082,12,3
6394,6082,5745,3,3
6395,6023,6083,43,3
6396,6083,6084,11,3
6397,6084,6085,13,3
6398,6085,5745,3,3
6399,6086,6087,20,3
6400,6087,1395,13,3
6401,1378,6088,7,3
6402,6088,6089,84,3
6403,6089,1395,11,3
6404,1342,6090,9,3
6405,6090,1395,16,3
6406,6091,6092,3,3
6407,6092,6086,29,3
6408,6093,6094,97,3
6409,6094,6086,7,3
6410,1383,6095,36,3
6411,6095,1378,7,3
6412,6093,6096,26,3
6413,6096,1378,7,3
6414,5642,6097,40,3
6415,6097,2651,10,3
6416,6098,6099,30,3
6417,6099,6100,14,3
6418,6100,6101,15,3
6419,6102,6103,18,3
6420,6103,6104,1,3
6421,6104,6105,16,3
6422,6105,6101,15,3
6423,6106,6107,14,3
6424,6107,6108,20,3
6425,6108,6109,27,3
6426,6109,6110,7,3
6427,6110,6101,2,3
6428,6106,6111,6,3
6429,6111,6112,38,3
6430,6112,6101,15,3
6431,6113,6114,15,3
6432,6114,6115,2,3
6433,6115,6098,82,3
6434,6116,6117,16,3
6435,6117,6118,41,3
6436,6118,6119,38,3
6437,6119,6120,4,3
6438,6120,6098,8,3
6439,6121,6102,23,3
6440,6122,6123,6,3
6441,6123,6124,9,3
6442,6124,6125,15,3
6443,6125,6126,23,3
6444,6126,6127,7,3
6445,6127,6128,5,3
6446,6128,6129,8,3
6447,6129,6130,6,3
6448,6130,6131,6,3
6449,6131,6132,15,3
6450,6132,6133,1,3
6451,6133,6102,7,3
6452,6134,5618,30,3
6453,6135,6136,36,3
6454,6136,5618,9,3
6455,6137,6138,2,3
6456,6138,6139,25,3
6457,6139,5620,34,3
6458,6135,6140,48,3
6459,6140,5620,47,3
6460,6141,6142,24,3
6461,6142,6143,2,3
6462,6143,6144,14,3
6463,6144,6145,12,3
6464,6145,6146,5,3
6465,6146,6147,27,3
6466,6147,5623,9,3
6467,6148,6149,2,3
6468,6149,6150,31,3
6469,6150,5623,6,3
6470,6151,6152,9,3
6471,6152,6153,78,3
6472,6153,5164,18,3
6473,6154,6155,15,3
6474,6155,6156,42,3
6475,6156,6157,3,3
6476,6157,5164,19,3
6477,5554,6158,25,3
6478,6158,6159,19,3
6479,6159,6160,23,3
6480,6160,6151,9,3
6481,5497,6161,37,3
6482,6161,6162,3,3
6483,6162,6163,14,3
6484,6163,6151,9,3
6485,5166,6164,39,3
6486,6164,6165,4,3
6487,6165,6151,9,3
6488,5581,6166,26,3
6489,6166,6167,4,3
6490,6167,6151,9,3
6491,5175,6168,7,3
6492,6168,6169,83,3
6493,6169,6170,6,3
6494,6170,6151,9,3
6495,6171,6172,6,3
6496,6172,6173,66,3
6497,6173,6154,17,3
6498,5492,6174,8,3
6499,6174,6175,1,3
6500,6175,6176,23,3
6501,6176,6177,2,3
6502,6177,6154,6,3
6503,6178,6179,36,3
6504,6179,6180,6,3
6505,6180,5785,8,3
6506,6181,6182,33,3
6507,6182,5785,8,3
6508,6183,6184,42,3
6509,6184,6185,3,3
6510,6185,6186,20,3
6511,6186,5785,8,3
6512,6181,6187,12,3
6513,6187,6188,15,3
6514,6188,6189,7,3
6515,6189,6178,35,3
6516,5788,6190,8,3
6517,6190,6191,3,3
6518,6191,6178,55,3
6519,5560,6192,9,3
6520,6192,6193,7,3
6521,6193,6194,72,3
6522,6194,6195,29,3
6523,6195,6196,11,3
6524,6197,6198,11,3
6525,6198,6196,11,3
6526,2087,6199,17,3
6527,6199,6196,25,3
6528,6200,6201,95,3
6529,6201,6202,7,3
6530,6202,5560,9,3
6531,2084,6203,15,3
6532,6203,6204,1,3
6533,6204,6205,51,3
6534,6205,5560,9,3
6535,2087,6206,12,3
6536,6206,6207,4,3
6537,6207,6208,104,3
6538,6208,6209,6,3
6539,6209,5560,9,3
6540,5566,6197,27,3
6541,2094,6210,9,3
6542,6210,6197,11,3
6543,6211,6212,20,3
6544,6212,6213,7,3
6545,6213,6091,3,3
6546,6214,6215,9,3
6547,6215,6216,90,3
6548,6216,6217,6,3
6549,6217,6091,3,3
6550,6218,6219,36,3
6551,6219,6220,36,3
6552,6220,6221,13,3
6553,6221,6091,3,3
6554,6222,6223,6,3
6555,6223,6224,1,3
6556,6224,6225,124,3
6557,6225,6226,20,3
6558,6226,6211,3,3
6559,6227,6228,41,3
6560,6228,6229,60,3
6561,6229,6211,4,3
6562,6218,6230,36,3
6563,6230,6231,10,3
6564,6231,6211,5,3
6565,6093,6214,32,3
6566,6227,6214,22,3
6567,1382,6232,55,3
6568,6232,6214,7,3
6569,6233,6234,45,3
6570,6234,6235,17,3
6571,6236,6237,11,3
6572,6237,6238,63,3
6573,6238,6235,19,3
6574,6042,6239,27,3
6575,6239,6240,15,3
6576,6240,6235,21,3
6577,6241,6242,10,3
6578,6242,6235,17,3
6579,6243,6233,41,3
6580,6244,6245,75,3
6581,6245,6233,12,3
6582,6246,6247,4,3
6583,6247,6248,30,3
6584,6248,6236,14,3
6585,6249,6250,6,3
6586,6250,6251,4,3
6587,6251,6252,46,3
6588,6252,6253,1,3
6589,6253,6236,9,3
6590,6254,6255,29,3
6591,6255,6256,13,3
6592,6256,6257,11,3
6593,6257,6236,9,3
6594,6249,6258,9,3
6595,6258,6259,2,3
6596,6259,6260,71,3
6597,6260,6042,11,3
6598,6261,6262,30,3
6599,6262,6241,28,3
6600,6263,6264,7,3
6601,6264,6265,21,3
6602,6265,6266,3,3
6603,6266,6241,11,3
6604,5724,6267,4,3
6605,6267,6268,12,3
6606,6268,6269,92,3
6607,6269,6270,64,3
6608,6270,6271,12,3
6609,6271,6272,4,3
6610,6273,6274,13,3
6611,6274,6275,75,3
6612,6275,6276,11,3
6613,6276,6277,11,3
6614,6277,6278,11,3
6615,6278,6279,43,3
6616,6279,6280,14,3
6617,6280,5724,4,3
6618,6281,6282,9,3
6619,6282,6283,11,3
6620,6283,6284,14,3
6621,6284,6285,24,3
6622,6285,6286,15,3
6623,6286,5724,4,3
6624,6287,6288,20,3
6625,6288,6289,31,3
6626,6289,6290,23,3
6627,6290,6291,40,3
6628,6291,6292,12,3
6629,6292,5724,4,3
6630,6293,6294,80,3
6631,6294,251,12,3
6632,341,6295,7,3
6633,6295,6296,35,3
6634,6296,6297,9,3
6635,6297,6298,1,3
6636,6298,6299,61,3
6637,6299,6300,24,3
6638,6300,251,13,3
6639,321,6301,13,3
6640,6301,6302,117,3
6641,6302,6303,39,3
6642,6303,251,14,3
6643,6293,6304,10,3
6644,6304,6305,5,3
6645,6305,6306,5,3
6646,6306,6307,3,3
6647,6307,6308,4,3
6648,6308,6309,51,3
6649,6309,6310,8,3
6650,6310,6311,6,3
6651,6311,6312,6,3
6652,6312,6313,8,3
6653,6313,6314,26,3
6654,6314,6315,30,3
6655,6315,6316,4,3
6656,6316,6293,8,3
6657,6317,6318,6,3
6658,6318,6319,38,3
6659,6319,6320,6,3
6660,6320,341,3,3
6661,6321,6322,11,3
6662,6322,6323,47,3
6663,6323,6324,4,3
6664,6324,6325,4,3
6665,6325,6326,96,3
6666,6326,321,12,3
6667,6327,6281,36,3
6668,6328,6329,7,3
6669,6329,6330,6,3
6670,6330,6281,27,3
6671,5459,6331,28,3
6672,6332,6333,4,3
6673,6333,5459,53,3
6674,6334,6335,37,3
6675,6335,5460,9,3
6676,6336,6337,25,3
6677,6337,5460,9,3
6678,6338,6339,42,3
6679,6339,6340,6,3
6680,6341,6342,3,3
6681,6342,6343,21,3
6682,6343,6344,68,3
6683,6344,6345,4,3
6684,6345,6346,76,3
6685,6346,6340,6,3
6686,6347,6348,58,3
6687,6348,6340,6,3
6688,6349,6350,4,3
6689,6350,6351,35,3
6690,6351,6340,6,3
6691,6352,6353,48,3
6692,6353,6354,13,3
6693,6354,6338,63,3
6694,6355,6356,24,3
6695,6356,6338,68,3
6696,6357,6358,25,3
6697,6358,6359,12,3
6698,6359,6360,2,3
6699,6360,6341,3,3
6700,6361,6362,11,3
6701,6362,6363,2,3
6702,6363,6364,13,3
6703,6364,6365,5,3
6704,6365,6366,4,3
6705,6366,6341,3,3
6706,6367,6368,9,3
6707,6368,6369,31,3
6708,6369,6370,14,3
6709,6371,6372,9,3
6710,6372,6373,11,3
6711,6373,6370,6,3
6712,6374,6375,20,3
6713,6375,6376,89,3
6714,6376,6370,8,3
6715,6377,6378,35,3
6716,6378,6370,9,3
6717,6379,6380,36,3
6718,6380,6381,4,3
6719,6381,6367,9,3
6720,6382,6383,5,3
6721,6383,6384,141,3
6722,6384,6385,1,3
6723,6385,6386,5,3
6724,6386,6387,5,3
6725,6387,6367,9,3
6726,6374,6388,94,3
6727,6388,6389,15,3
6728,6389,6390,8,3
6729,6390,6367,9,3
6730,4248,6391,7,3
6731,6391,6392,116,3
6732,6392,6393,64,3
6733,6393,6394,131,3
6734,6394,6395,12,3
6735,6395,6396,6,3
6736,6396,6367,9,3
6737,6397,6398,61,3
6738,6398,6399,77,3
6739,6399,6400,14,3
6740,6400,6401,62,3
6741,6401,6402,6,3
6742,6402,6367,9,3
6743,6403,6404,3,3
6744,6404,6371,35,3
6745,6405,6406,99,3
6746,6406,6371,3,3
6747,6407,6408,9,3
6748,6408,6409,56,3
6749,6409,6374,9,3
6750,6410,6411,16,3
6751,6411,6374,9,3
6752,6412,6377,25,3
6753,6379,6413,17,3
6754,6413,6414,32,3
6755,6414,6377,10,3
6756,6415,6416,23,3
6757,6416,6417,15,3
6758,6418,6419,9,3
6759,6419,6420,16,3
6760,6420,6417,12,3
6761,6421,6422,22,3
6762,6422,6417,17,3
6763,6423,6424,12,3
6764,6424,6425,21,3
6765,6425,6417,9,3
6766,6426,6427,4,3
6767,6427,6415,49,3
6768,6428,6429,26,3
6769,6429,6415,8,3
6770,6430,6431,5,3
6771,6431,6432,79,3
6772,6432,6433,6,3
6773,6433,6418,9,3
6774,6434,6435,11,3
6775,6435,6436,19,3
6776,6436,6418,9,3
6777,6437,6421,23,3
6778,6438,6439,1,3
6779,6439,6440,17,3
6780,6440,6421,8,3
6781,6438,6441,25,3
6782,6441,6423,3,3
6783,6442,6443,26,3
6784,6443,6444,14,3
6785,6444,6445,6,3
6786,6445,6446,6,3
6787,6446,6447,12,3
6788,6447,2634,7,3
6789,2634,6448,7,3
6790,6448,6449,20,3
6791,6449,6450,7,3
6792,6450,6451,53,3
6793,2664,6452,8,3
6794,6452,6453,8,3
6795,6453,6454,47,3
6796,6454,6455,5,3
6797,6455,6456,11,3
6798,6456,2634,7,3
6799,6457,6458,23,3
6800,6458,6459,20,3
6801,6459,2634,7,3
6802,2650,6460,27,3
6803,6460,6461,20,3
6804,6461,6462,12,3
6805,6462,2634,7,3
6806,6463,6464,8,3
6807,6464,6442,40,3
6808,6465,6466,6,3
6809,6466,6467,1,3
6810,6467,6468,63,3
6811,6468,6442,9,3
6812,6469,6470,46,3
6813,6470,6442,9,3
6814,6465,6471,8,3
6815,6471,6472,45,3
6816,6472,6451,11,3
6817,6451,6473,95,3
6818,6473,6474,6,3
6819,6474,6475,14,3
6820,6475,6476,7,3
6821,6477,6478,6,3
6822,6478,6479,93,3
6823,6479,6480,1,3
6824,6480,6481,5,3
6825,6482,6483,6,3
6826,6483,6484,96,3
6827,6484,6481,8,3
6828,6485,6486,4,3
6829,6486,6487,40,3
6830,6487,6481,8,3
6831,6488,6489,33,3
6832,6489,6490,13,3
6833,6490,6481,8,3
6834,6491,6492,14,3
6835,6492,6493,14,3
6836,6493,6477,55,3
6837,6494,6495,42,3
6838,6495,6496,2,3
6839,6496,6477,8,3
6840,6497,6498,4,3
6841,6498,6499,40,3
6842,6499,6477,8,3
6843,6500,6501,8,3
6844,6501,6502,107,3
6845,6502,6482,8,3
6846,6503,6504,4,3
6847,6504,6505,40,3
6848,6505,6482,7,3
6849,6506,6507,44,3
6850,6507,6482,8,3
6851,6508,6509,2,3
6852,6509,6485,24,3
6853,6497,6485,106,3
6854,6510,6511,15,3
6855,6511,6512,53,3
6856,6512,6485,5,3
6857,6513,6514,15,3
6858,6514,6488,28,3
6859,6506,6488,120,3
6860,6494,6488,107,3
6861,6272,6515,4,3
6862,6515,6516,14,3
6863,6516,6517,57,3
6864,6518,6519,152,3
6865,6519,6520,34,3
6866,6520,6521,7,3
6867,6521,6272,4,3
6868,6272,6522,4,3
6869,6522,6523,14,3
6870,6523,6287,43,3
6871,6524,6525,54,3
6872,6525,6526,9,3
6873,6526,6272,4,3
6874,6527,6528,57,3
6875,6528,6529,12,3
6876,6529,6272,4,3
6877,6530,6531,37,3
6878,6531,6273,4,3
6879,6532,6533,11,3
6880,6533,6534,7,3
6881,6534,6535,12,3
6882,6535,6536,16,3
6883,6536,6537,26,3
6884,6537,6273,11,3
6885,6538,6539,7,3
6886,6539,6540,66,3
6887,6541,6542,17,3
6888,6542,6543,23,3
6889,6543,6540,51,3
6890,6544,6545,4,3
6891,6545,6546,17,3
6892,6546,6540,8,3
6893,6547,6548,8,3
6894,6548,6549,14,3
6895,6549,6550,5,3
6896,6550,6551,15,3
6897,6551,6552,22,3
6898,6552,6540,8,3
6899,6553,6554,6,3
6900,6554,6555,23,3
6901,6555,6538,6,3
6902,6556,6557,7,3
6903,6557,6558,14,3
6904,6558,6538,8,3
6905,6559,6560,5,3
6906,6560,6561,33,3
6907,6561,6562,35,3
6908,6562,6538,8,3
6909,5297,6563,9,3
6910,6563,6564,60,3
6911,6564,6565,11,3
6912,6565,6541,15,3
6913,6566,6567,21,3
6914,6567,6568,8,3
6915,6568,6541,17,3
6916,5229,6569,35,3
6917,6569,6541,14,3
6918,5228,6570,5,3
6919,6570,6571,17,3
6920,6571,6544,4,3
6921,6544,6572,4,3
6922,6572,6573,81,3
6923,6573,5229,6,3
6924,6556,6574,7,3
6925,6574,6575,71,3
6926,6575,6544,4,3
6927,6547,6576,8,3
6928,6576,6577,21,3
6929,6577,6578,44,3
6930,6578,6566,8,3
6931,6559,6579,5,3
6932,6579,6580,3,3
6933,6580,6581,9,3
6934,6581,6582,10,3
6935,6582,6583,3,3
6936,6583,6584,37,3
6937,6584,6547,8,3
6938,6585,6586,53,3
6939,6586,6321,7,3
6940,6587,6588,9,3
6941,6588,6589,14,3
6942,6589,6590,14,3
6943,6590,6591,39,3
6944,6591,6321,12,3
6945,6592,6593,11,3
6946,6593,226,40,3
6947,6594,6595,7,3
6948,6595,6596,59,3
6949,6596,6597,34,3
6950,6597,234,8,3
6951,6598,6599,2,3
6952,6599,6600,26,3
6953,6600,6249,4,3
6954,6038,6601,27,3
6955,6601,6602,19,3
6956,6602,6603,20,3
6957,6603,6604,22,3
6958,6604,6605,20,3
6959,6605,6606,22,3
6960,6606,6607,1,3
6961,6607,6249,5,3
6962,6608,6609,85,3
6963,6609,6610,4,3
6964,6610,6403,3,3
6965,6611,6612,13,3
6966,6612,6613,21,3
6967,6613,6403,3,3
6968,6608,6405,40,3
6969,6410,6405,33,3
6970,6614,6405,74,3
6971,6615,6616,9,3
6972,6616,3391,44,3
6973,3375,6617,5,3
6974,6617,6618,4,3
6975,6618,6619,5,3
6976,6619,6620,5,3
6977,6620,6621,4,3
6978,6621,6622,4,3
6979,6622,6623,5,3
6980,6623,6624,4,3
6981,6624,6625,5,3
6982,6625,6626,6,3
6983,6626,6627,6,3
6984,6627,3391,11,3
6985,6628,6629,30,3
6986,6629,6615,8,3
6987,6630,6631,22,3
6988,6631,6615,6,3
6989,6632,6633,23,3
6990,6633,6634,18,3
6991,6634,6615,8,3
6992,6635,6636,7,3
6993,6636,6637,67,3
6994,6637,6463,8,3
6995,6638,6639,56,3
6996,6639,6463,8,3
6997,6640,6641,24,3
6998,6641,6642,18,3
6999,6642,6463,8,3
7000,6643,6644,7,3
7001,6644,6645,2,3
7002,6645,6646,95,3
7003,6646,6465,7,3
7004,6635,6647,6,3
7005,6647,6648,1,3
7006,6648,6649,38,3
7007,6649,6465,8,3
7008,6650,6469,28,3
7009,2650,6651,10,3
7010,6651,6652,27,3
7011,6652,6469,30,3
7012,6640,6653,32,3
7013,6653,6469,7,3
7014,6654,5136,27,3
7015,6655,6656,3,3
7016,6656,6657,2,3
7017,6657,6658,75,3
7018,6658,6659,6,3
7019,6659,6660,14,3
7020,6660,6661,16,3
7021,6661,6662,7,3
7022,6662,6663,3,3
7023,6663,6664,2,3
7024,6664,6665,2,3
7025,6665,5136,7,3
7026,5305,6666,15,3
7027,6666,6654,10,3
7028,6667,6668,13,3
7029,6668,6669,5,3
7030,6669,6670,19,3
7031,6670,6671,54,3
7032,6671,6672,2,3
7033,6672,6654,6,3
7034,6667,6673,4,3
7035,6673,6674,6,3
7036,6674,6675,16,3
7037,6675,6676,131,3
7038,6676,6677,14,3
7039,6677,6655,7,3
7040,6678,6679,8,3
7041,6679,6680,6,3
7042,6680,6655,36,3
7043,6681,6682,9,3
7044,6682,6683,8,3
7045,6683,6684,59,3
7046,6684,6685,7,3
7047,6685,2664,8,3
7048,6681,6686,9,3
7049,6686,6687,3,3
7050,6687,6688,18,3
7051,6688,6689,37,3
7052,6689,6690,14,3
7053,6690,2664,8,3
7054,6691,6692,7,3
7055,6692,6693,27,3
7056,6693,6694,6,3
7057,6694,2664,8,3
7058,6695,6696,21,3
7059,6696,6697,10,3
7060,6698,6699,9,3
7061,6699,6700,8,3
7062,6700,6701,67,3
7063,6701,6702,7,3
7064,6702,6703,32,3
7065,6703,6697,8,3
7066,6704,6705,118,3
7067,6705,6706,8,3
7068,6706,6697,6,3
7069,6707,6695,36,3
7070,6708,6709,25,3
7071,6709,6710,23,3
7072,6710,6695,8,3
7073,6711,6712,14,3
7074,6712,6713,30,3
7075,6713,6698,9,3
7076,6704,6714,43,3
7077,6714,6698,9,3
7078,6715,6716,13,3
7079,6716,6717,2,3
7080,6717,6704,40,3
7081,6718,3411,41,3
7082,6719,6720,8,3
7083,6720,6721,22,3
7084,6721,3375,8,3
7085,6722,6723,11,3
7086,6723,6724,51,3
7087,6724,6725,5,3
7088,6725,6635,6,3
7089,6726,6727,10,3
7090,6727,6728,20,3
7091,6728,6729,17,3
7092,6729,6635,9,3
7093,6730,6638,20,3
7094,6731,6732,18,3
7095,6732,6733,49,3
7096,6733,6734,2,3
7097,6734,6638,9,3
7098,6735,6736,10,3
7099,6736,6737,42,3
7100,6737,6738,6,3
7101,6738,6638,8,3
7102,6739,6740,7,3
7103,6740,6640,35,3
7104,5365,6741,10,3
7105,6741,6742,36,3
7106,6742,2818,6,3
7107,6743,6744,8,3
7108,6744,6745,13,3
7109,6745,6746,17,3
7110,6746,2818,6,3
7111,6747,6748,9,3
7112,6748,6749,7,3
7113,6749,2084,12,3
7114,6200,6750,47,3
7115,6750,6751,6,3
7116,6751,2146,2,3
7117,2154,6752,9,3
7118,6752,6753,5,3
7119,6753,6754,25,3
7120,6755,6756,2,3
7121,6756,6757,7,3
7122,6757,6758,57,3
7123,6758,6759,74,3
7124,6759,6760,6,3
7125,6760,2154,11,3
7126,6755,6761,17,3
7127,6761,6762,10,3
7128,6762,6763,16,3
7129,6763,6747,17,3
7130,2090,6764,11,3
7131,6764,6765,89,3
7132,6765,6747,4,3
7133,6766,6181,34,3
7134,6767,6768,2,3
7135,6768,6183,62,3
7136,6766,6769,9,3
7137,6769,6183,20,3
7138,6770,6771,23,3
7139,6771,6772,33,3
7140,6772,6773,24,3
7141,6773,6183,42,3
7142,5389,6774,6,3
7143,6774,6775,7,3
7144,6775,6776,1,3
7145,6776,6777,3,3
7146,6777,6778,2,3
7147,6778,6779,3,3
7148,6779,6780,3,3
7149,6780,6781,33,3
7150,6781,5403,4,3
7151,5403,6782,4,3
7152,6782,6783,45,3
7153,6783,6784,3,3
7154,6784,6785,6,3
7155,6785,5389,7,3
7156,5389,6786,7,3
7157,6786,6787,8,3
7158,6787,6788,2,3
7159,6788,6789,53,3
7160,6789,6790,6,3
7161,6790,6791,6,3
7162,6791,6792,11,3
7163,6792,6793,39,3
7164,6793,6794,2,3
7165,6794,6795,8,3
7166,6795,5389,8,3
7167,5389,6796,8,3
7168,6796,6797,8,3
7169,6797,6798,79,3
7170,6798,6799,15,3
7171,6799,6800,10,3
7172,6800,4730,5,3
7173,4730,6801,5,3
7174,6801,6802,9,3
7175,6802,6803,95,3
7176,6803,6804,10,3
7177,6804,5389,6,3
7178,5403,6805,4,3
7179,6805,6806,34,3
7180,6806,6807,5,3
7181,6807,6808,5,3
7182,6808,6809,34,3
7183,6809,5403,4,3
7184,6810,6811,9,3
7185,6811,6812,108,3
7186,6812,6813,3,3
7187,6813,5403,4,3
7188,6814,6815,45,3
7189,6815,6816,5,3
7190,6816,6817,10,3
7191,6818,6819,28,3
7192,6819,6820,7,3
7193,6820,6817,10,3
7194,6566,6821,24,3
7195,6821,6822,29,3
7196,6822,6823,8,3
7197,6823,6817,10,3
7198,6824,6825,8,3
7199,6825,6826,100,3
7200,6826,6827,29,3
7201,6827,6828,6,3
7202,6828,6817,2,3
7203,6829,6830,4,3
7204,6830,6831,5,3
7205,6831,6832,131,3
7206,6832,6833,19,3
7207,6833,6834,6,3
7208,6834,6817,2,3
7209,6835,6836,3,3
7210,6836,6837,85,3
7211,6837,6838,10,3
7212,6838,6839,8,3
7213,6839,6840,7,3
7214,6840,6841,7,3
7215,6841,6842,7,3
7216,6842,6843,12,3
7217,6843,6844,14,3
7218,6844,6845,10,3
7219,6845,6846,5,3
7220,6846,6817,10,3
7221,6847,6848,5,3
7222,6848,6849,12,3
7223,6849,6850,8,3
7224,6850,6817,10,3
7225,6824,6851,8,3
7226,6851,6852,8,3
7227,6852,6814,75,3
7228,6853,6854,13,3
7229,6854,6855,18,3
7230,6855,6814,7,3
7231,6829,6856,14,3
7232,6856,6857,6,3
7233,6857,6858,54,3
7234,6858,6818,67,3
7235,6859,6860,26,3
7236,6860,6861,8,3
7237,6861,6862,4,3
7238,6862,6863,9,3
7239,6864,6865,6,3
7240,6865,6866,11,3
7241,6866,6867,32,3
7242,6867,6863,9,3
7243,6532,6868,14,3
7244,6868,6869,47,3
7245,6869,6863,9,3
7246,6870,6871,35,3
7247,6871,6872,5,3
7248,6872,6863,9,3
7249,6873,6859,43,3
7250,6874,6859,66,3
7251,6875,6876,14,3
7252,6876,6877,3,3
7253,6877,6864,8,3
7254,6878,6879,6,3
7255,6879,6880,15,3
7256,6880,6881,8,3
7257,6881,6882,3,3
7258,6882,6864,3,3
7259,6883,6884,4,3
7260,6884,6885,29,3
7261,6885,6886,38,3
7262,6886,3037,7,3
7263,6887,6888,7,3
7264,6888,6889,4,3
7265,6889,6890,5,3
7266,6890,6891,3,3
7267,6891,6892,3,3
7268,6892,6893,14,3
7269,6893,6894,3,3
7270,6894,6895,3,3
7271,6895,6896,4,3
7272,6896,6897,5,3
7273,6897,6898,42,3
7274,6898,6899,26,3
7275,6899,3075,7,3
7276,6900,6901,31,3
7277,6901,3075,7,3
7278,6902,6903,72,3
7279,6903,6904,14,3
7280,6904,6905,6,3
7281,6906,6907,42,3
7282,6907,6908,10,3
7283,6908,6905,6,3
7284,2799,6909,68,3
7285,6909,6905,6,3
7286,6910,6911,22,3
7287,6911,6912,9,3
7288,6912,6905,6,3
7289,6913,6914,9,3
7290,6914,6915,12,3
7291,6915,6902,2,3
7292,6916,6906,47,3
7293,6917,6906,67,3
7294,6918,6919,5,3
7295,6919,6906,108,3
7296,6920,6921,9,3
7297,6921,6922,72,3
7298,6922,4763,9,3
7299,6923,6924,9,3
7300,6924,6925,31,3
7301,6925,4763,10,3
7302,6874,6530,91,3
7303,6926,6530,42,3
7304,6874,6927,67,3
7305,6927,6532,8,3
7306,6928,6929,27,3
7307,6929,6930,7,3
7308,6930,6931,8,3
7309,6931,6532,8,3
7310,6932,6933,70,3
7311,6933,6711,14,3
7312,6934,6935,54,3
7313,6935,6711,10,3
7314,6936,6937,25,3
7315,6937,6711,16,3
7316,5888,6938,7,3
7317,6938,6939,2,3
7318,6939,6932,14,3
7319,6940,6941,9,3
7320,6941,6942,59,3
7321,6942,6932,8,3
7322,6943,6934,36,3
7323,6940,6944,66,3
7324,6944,6934,12,3
7325,6715,6936,50,3
7326,6945,6946,4,3
7327,6946,6947,102,3
7328,6947,6936,7,3
7329,6948,6949,74,3
7330,6949,6950,3,3
7331,6950,6951,2,3
7332,6951,6952,2,3
7333,6952,6953,6,3
7334,6954,6955,38,3
7335,6955,6956,2,3
7336,6956,6957,1,3
7337,6957,6953,4,3
7338,6958,6959,38,3
7339,6959,6953,11,3
7340,6960,6961,35,3
7341,6961,6953,12,3
7342,6962,6963,4,3
7343,6963,6964,5,3
7344,6964,6965,17,3
7345,6965,6948,14,3
7346,6966,6967,19,3
7347,6967,6968,13,3
7348,6968,6948,5,3
7349,6969,6970,40,3
7350,6970,6954,48,3
7351,6971,6972,4,3
7352,6972,6973,3,3
7353,6973,6974,4,3
7354,6974,6975,3,3
7355,6975,6976,5,3
7356,6976,6977,27,3
7357,6977,6954,23,3
7358,6978,6979,42,3
7359,6979,6954,8,3
7360,6980,6981,28,3
7361,6981,6958,42,3
7362,6966,6982,66,3
7363,6982,6958,9,3
7364,6978,6983,52,3
7365,6983,6958,8,3
7366,6984,6985,74,3
7367,6985,6960,6,3
7368,6847,6986,5,3
7369,6986,6960,42,3
7370,6987,6988,20,3
7371,6988,6989,20,3
7372,6989,6990,26,3
7373,6990,6991,5,3
7374,494,6992,12,3
7375,6992,6993,50,3
7376,6993,6994,12,3
7377,6994,6995,12,3
7378,6995,6996,11,3
7379,6996,6997,13,3
7380,6997,6998,14,3
7381,6998,6999,44,3
7382,6999,7000,65,3
7383,7000,7001,30,3
7384,7001,6991,29,3
7385,7002,7003,31,3
7386,7003,7004,29,3
7387,7004,7005,26,3
7388,7005,6991,23,3
7389,7006,7007,5,3
7390,7007,7008,8,3
7391,7008,7009,6,3
7392,7009,7010,58,3
7393,7010,7011,49,3
7394,7011,7012,37,3
7395,7012,7013,50,3
7396,7013,7014,10,3
7397,7014,7015,37,3
7398,7015,6987,6,3
7399,7016,7017,2,3
7400,7017,7018,17,3
7401,7018,6987,3,3
7402,7019,7020,16,3
7403,7020,7021,17,3
7404,7021,7022,19,3
7405,7022,7023,12,3
7406,7023,7024,9,3
7407,7024,7025,9,3
7408,7025,7026,24,3
7409,7026,494,11,3
7410,7027,7028,28,3
7411,7028,7029,102,3
7412,7029,7030,9,3
7413,7030,7031,8,3
7414,7031,7032,15,3
7415,7032,7033,14,3
7416,7033,7034,20,3
7417,7034,7035,10,3
7418,7035,7002,8,3
7419,7036,7037,7,3
7420,7037,7038,8,3
7421,7038,7039,114,3
7422,7039,7040,41,3
7423,7040,7002,4,3
7424,6943,7041,22,3
7425,7041,7042,29,3
7426,7042,6913,8,3
7427,6918,7043,8,3
7428,7043,7044,35,3
7429,7044,6913,10,3
7430,7045,7046,32,3
7431,7046,6918,7,3
7432,7047,7048,31,3
7433,7048,7049,2,3
7434,7049,6918,5,3
7435,7050,7051,8,3
7436,7051,7052,5,3
7437,7052,7053,8,3
7438,7053,3153,8,3
7439,3153,7054,8,3
7440,7054,7055,17,3
7441,7055,7056,88,3
7442,7056,3137,1,3
7443,3219,7057,7,3
7444,7057,7058,16,3
7445,7058,7059,10,3
7446,7059,7060,9,3
7447,7060,7061,27,3
7448,7061,7062,3,3
7449,7062,7063,6,3
7450,7063,7064,11,3
7451,7064,7065,5,3
7452,7065,7066,6,3
7453,7066,3153,8,3
7454,7067,7068,14,3
7455,7068,7069,7,3
7456,7069,7070,8,3
7457,7070,7071,7,3
7458,7071,7050,7,3
7459,7072,7073,5,3
7460,7073,7074,4,3
7461,7074,7050,21,3
7462,7075,7076,3,3
7463,7076,7077,8,3
7464,7077,7078,10,3
7465,7078,7079,20,3
7466,7079,7080,9,3
7467,7080,3137,4,3
7468,7081,7082,65,3
7469,7082,7083,6,3
7470,7084,7085,40,3
7471,7085,7086,88,3
7472,7086,7083,5,3
7473,7087,7088,21,3
7474,7088,7083,7,3
7475,7089,7090,29,3
7476,7090,7083,7,3
7477,7091,7081,32,3
7478,7092,7081,35,3
7479,7093,7094,2,3
7480,7094,7095,8,3
7481,7095,7081,70,3
7482,7096,7097,94,3
7483,7097,7084,21,3
7484,7098,7099,26,3
7485,7099,7100,58,3
7486,7100,7084,8,3
7487,7101,7102,9,3
7488,7102,7103,8,3
7489,7103,7084,3,3
7490,7104,7087,29,3
7491,7091,7087,69,3
7492,7092,7089,73,3
7493,7105,7106,5,3
7494,7106,7107,19,3
7495,7107,7089,46,3
7496,7108,7109,46,3
7497,7109,7110,7,3
7498,7110,950,8,3
7499,950,7111,8,3
7500,7111,7112,13,3
7501,7112,7113,127,3
7502,7113,7114,13,3
7503,7114,124,8,3
7504,7115,7116,47,3
7505,7116,7117,8,3
7506,7117,950,8,3
7507,7118,7119,22,3
7508,7119,7120,13,3
7509,7120,950,8,3
7510,6715,7121,60,3
7511,7121,7122,7,3
7512,4232,7123,6,3
7513,7123,7124,14,3
7514,7124,7125,11,3
7515,7125,7126,16,3
7516,7126,7122,21,3
7517,7127,7128,53,3
7518,7128,7129,7,3
7519,7129,7130,5,3
7520,7130,7122,8,3
7521,4238,7131,16,3
7522,7131,7132,89,3
7523,7132,7133,9,3
7524,7133,4232,6,3
7525,7127,7134,56,3
7526,7134,4232,6,3
7527,4228,7135,47,3
7528,7135,7136,9,3
7529,7136,4232,6,3
7530,7137,7127,46,3
7531,7138,7127,180,3
7532,7139,6874,43,3
7533,7140,7141,19,3
7534,7141,6928,24,3
7535,6870,7142,48,3
7536,7142,6928,4,3
7537,6920,7143,10,3
7538,7143,7144,51,3
7539,7144,222,8,3
7540,7145,7146,33,3
7541,7146,7147,59,3
7542,7147,7148,17,3
7543,7148,222,8,3
7544,3131,7149,6,3
7545,7149,7150,118,3
7546,7150,7151,5,3
7547,7151,7152,5,3
7548,7152,7153,4,3
7549,7153,7154,4,3
7550,7154,7155,9,3
7551,7155,7156,113,3
7552,7156,7157,5,3
7553,7157,3131,6,3
7554,3131,7158,6,3
7555,7158,7159,11,3
7556,7159,7160,25,3
7557,7160,7161,36,3
7558,7161,7162,40,3
7559,7162,7163,77,3
7560,7163,7164,16,3
7561,7164,7165,3,3
7562,7165,7166,3,3
7563,7166,7167,16,3
7564,7167,7168,65,3
7565,7168,7169,113,3
7566,7169,7170,10,3
7567,7170,3131,6,3
7568,7171,7172,18,3
7569,7172,7173,52,3
7570,7173,7174,153,3
7571,7174,7175,77,3
7572,7175,7176,7,3
7573,7176,7177,7,3
7574,7177,7178,5,3
7575,7178,7179,69,3
7576,7179,7180,11,3
7577,7180,7181,7,3
7578,7181,7182,4,3
7579,7182,7183,4,3
7580,7183,7184,10,3
7581,7184,7185,15,3
7582,7185,7186,57,3
7583,7186,7176,11,3
7584,7187,7188,23,3
7585,7188,7189,29,3
7586,7189,7190,78,3
7587,7190,7191,120,3
7588,7191,7192,122,3
7589,7192,7171,30,3
7590,7193,7194,26,3
7591,7194,7195,72,3
7592,7195,7196,6,3
7593,7196,7197,3,3
7594,7197,7198,31,3
7595,7198,7199,14,3
7596,7199,7200,15,3
7597,7200,7201,21,3
7598,7201,7202,24,3
7599,7202,7203,6,3
7600,7203,7204,6,3
7601,7204,7205,8,3
7602,7205,7206,5,3
7603,7206,7207,5,3
7604,7207,7208,4,3
7605,7208,7171,6,3
7606,7182,7209,4,3
7607,7209,7210,3,3
7608,7210,7211,15,3
7609,7211,7212,4,3
7610,7212,7213,4,3
7611,7213,7214,4,3
7612,7214,7215,10,3
7613,7215,7216,6,3
7614,7216,7217,7,3
7615,7217,7182,4,3
7616,7193,7218,113,3
7617,7218,7219,21,3
7618,7219,7220,10,3
7619,7220,7221,7,3
7620,7221,7182,4,3
7621,960,7222,29,3
7622,7222,939,13,3
7623,7223,7224,33,3
7624,7224,960,5,3
7625,7225,7226,7,3
7626,7226,7227,4,3
7627,7227,7228,3,3
7628,7228,7229,64,3
7629,7229,7230,7,3
7630,7230,6980,10,3
7631,6980,7231,10,3
7632,7231,7232,6,3
7633,7232,7233,54,3
7634,6980,7234,23,3
7635,7234,7235,6,3
7636,7235,7236,41,3
7637,7236,7237,4,3
7638,6980,7238,4,3
7639,7238,7239,5,3
7640,7239,7240,2,3
7641,7240,7241,41,3
7642,7241,7237,21,3
7643,7242,7243,59,3
7644,7243,7244,5,3
7645,7244,6980,28,3
7646,7245,7246,25,3
7647,7246,6980,27,3
7648,7247,7248,7,3
7649,7248,7249,89,3
7650,7249,7250,5,3
7651,7250,6980,27,3
7652,6978,7251,41,3
7653,7251,7252,8,3
7654,7252,7225,7,3
7655,7253,7254,46,3
7656,7254,7255,2,3
7657,7255,7256,5,3
7658,7256,7225,7,3
7659,7257,7258,81,3
7660,7258,7259,1,3
7661,7259,7225,7,3
7662,7242,7233,26,3
7663,7247,7260,7,3
7664,7260,7233,37,3
7665,6853,7261,6,3
7666,7261,7262,9,3
7667,7262,7263,14,3
7668,7263,7264,18,3
7669,7264,5297,9,3
7670,5309,7265,8,3
7671,7265,7266,10,3
7672,7266,7267,37,3
7673,7267,5297,9,3
7674,7268,7269,46,3
7675,7269,2799,8,3
7676,7270,7271,41,3
7677,7271,6920,10,3
7678,7272,7273,7,3
7679,7273,7274,10,3
7680,7274,7275,34,3
7681,7275,7276,27,3
7682,7276,7277,9,3
7683,7277,7278,27,3
7684,7278,6920,8,3
7685,7272,7279,7,3
7686,7279,7280,48,3
7687,7280,7145,8,3
7688,6592,7281,8,3
7689,7281,7145,43,3
7690,2823,7268,34,3
7691,6916,7268,32,3
7692,7282,7283,6,3
7693,7283,7284,12,3
7694,7284,7285,10,3
7695,7285,442,5,3
7696,442,7286,5,3
7697,7286,7287,19,3
7698,7287,7288,16,3
7699,7288,7289,29,3
7700,7289,7290,28,3
7701,7290,7291,272,3
7702,7291,7292,19,3
7703,7292,7293,6,3
7704,7293,7294,5,3
7705,7294,7213,4,3
7706,7213,7295,4,3
7707,7295,7296,9,3
7708,7296,7297,23,3
7709,7297,7298,222,3
7710,7298,7299,94,3
7711,7299,7300,27,3
7712,7300,7301,1,3
7713,7301,7302,19,3
7714,7302,442,5,3
7715,7303,7304,50,3
7716,7304,7305,19,3
7717,7305,442,5,3
7718,7306,7307,78,3
7719,7307,7308,6,3
7720,7308,7309,10,3
7721,7309,7310,11,3
7722,7310,7311,4,3
7723,7311,5327,9,3
7724,7312,7313,47,3
7725,7313,5327,9,3
7726,7314,7315,88,3
7727,7315,7316,7,3
7728,7316,7317,4,3
7729,7317,5327,9,3
7730,7318,7306,105,3
7731,7314,7306,25,3
7732,5371,7319,34,3
7733,7319,7306,36,3
7734,461,7320,6,3
7735,7320,7321,18,3
7736,7321,7322,141,3
7737,7322,7323,2,3
7738,7323,7019,15,3
7739,7324,7325,64,3
7740,7325,7326,62,3
7741,7326,7327,74,3
7742,7327,7328,21,3
7743,7328,7329,28,3
7744,7329,7330,37,3
7745,7330,7331,15,3
7746,7331,7332,66,3
7747,7332,7019,11,3
7748,7333,7334,33,3
7749,7334,7335,36,3
7750,7335,7336,18,3
7751,7336,7337,20,3
7752,7337,7019,10,3
7753,7338,7339,14,3
7754,7339,7340,55,3
7755,7340,7341,12,3
7756,7342,7343,106,3
7757,7343,7341,11,3
7758,7344,7345,42,3
7759,7345,7341,14,3
7760,7346,7347,8,3
7761,7347,7348,20,3
7762,7348,7341,16,3
7763,7349,7338,53,3
7764,7350,7351,44,3
7765,7351,7338,8,3
7766,7352,7342,34,3
7767,7346,7353,8,3
7768,7353,7354,6,3
7769,7354,7355,105,3
7770,7355,7356,27,3
7771,7356,7342,8,3
7772,7357,7344,38,3
7773,7358,7359,69,3
7774,7359,7360,28,3
7775,7360,7361,56,3
7776,7361,7344,6,3
7777,7362,7363,2,3
7778,7363,7364,27,3
7779,7364,7346,8,3
7780,7350,7365,86,3
7781,7365,7366,5,3
7782,7366,7346,8,3
7783,6873,7367,32,3
7784,7367,7368,5,3
7785,7368,6878,6,3
7786,7369,7370,9,3
7787,7370,7371,84,3
7788,7371,6878,6,3
7789,6875,7372,11,3
7790,7372,7373,6,3
7791,7373,7374,4,3
7792,7374,7375,4,3
7793,7375,6878,6,3
7794,7376,6873,45,3
7795,7139,7377,64,3
7796,7377,6873,7,3
7797,7378,7379,32,3
7798,7379,7369,5,3
7799,7380,7381,11,3
7800,7381,7382,58,3
7801,7382,7383,12,3
7802,7383,7384,32,3
7803,7384,7385,26,3
7804,7385,7369,5,3
7805,7386,7387,8,3
7806,7387,7388,20,3
7807,7388,7389,7,3
7808,7389,7390,9,3
7809,7390,7391,12,3
7810,7391,7392,22,3
7811,7392,7393,6,3
7812,7394,7395,7,3
7813,7395,7396,32,3
7814,7396,7397,8,3
7815,7397,7398,7,3
7816,7398,7399,8,3
7817,7399,7400,7,3
7818,7400,7401,26,3
7819,7401,7402,9,3
7820,7402,7403,10,3
7821,7403,7404,4,3
7822,7404,7405,5,3
7823,7405,7393,6,3
7824,7406,7407,1,3
7825,7407,7408,25,3
7826,7408,7409,18,3
7827,7409,7410,12,3
7828,7410,7411,9,3
7829,7411,7393,6,3
7830,7412,7413,8,3
7831,7413,7414,15,3
7832,7414,7415,47,3
7833,7415,7386,8,3
7834,7416,7417,9,3
7835,7417,7418,32,3
7836,7418,7419,3,3
7837,7419,7420,3,3
7838,7420,7421,11,3
7839,7421,7422,3,3
7840,7422,7423,3,3
7841,7423,7424,64,3
7842,7424,7425,10,3
7843,7425,7386,8,3
7844,7426,7427,18,3
7845,7427,7428,8,3
7846,7428,7429,8,3
7847,7429,7430,7,3
7848,7430,7431,6,3
7849,7431,7432,7,3
7850,7432,7433,7,3
7851,7433,7434,9,3
7852,7434,7435,12,3
7853,7435,7436,13,3
7854,7436,7437,14,3
7855,7437,7438,13,3
7856,7438,7439,9,3
7857,7439,7440,8,3
7858,7440,7441,8,3
7859,7441,7442,10,3
7860,7442,7386,8,3
7861,7443,7444,6,3
7862,7444,7445,46,3
7863,7445,7446,16,3
7864,7446,7447,11,3
7865,7447,7394,7,3
7866,7412,7448,8,3
7867,7448,7449,11,3
7868,7449,7450,8,3
7869,7450,7451,6,3
7870,7451,7452,6,3
7871,7452,7453,4,3
7872,7453,7454,3,3
7873,7454,7394,2,3
7874,7455,7456,5,3
7875,7456,7457,19,3
7876,7457,7458,4,3
7877,7458,7459,3,3
7878,7459,7460,25,3
7879,7460,7461,3,3
7880,7461,7462,5,3
7881,7462,7463,4,3
7882,7463,7464,4,3
7883,7464,7465,5,3
7884,7465,7466,4,3
7885,7466,7394,5,3
7886,7467,7468,1,3
7887,7468,7469,15,3
7888,7469,7470,1,3
7889,7470,7471,5,3
7890,7471,7472,4,3
7891,7472,3181,11,3
7892,5343,7473,27,3
7893,7473,7474,28,3
7894,7474,2792,24,3
7895,2791,7475,13,3
7896,7475,7476,5,3
7897,7476,7477,26,3
7898,7477,7478,25,3
7899,7478,7479,12,3
7900,7479,7480,17,3
7901,7480,7481,3,3
7902,7481,7482,3,3
7903,7482,5343,8,3
7904,35,7483,4,3
7905,7483,7484,19,3
7906,7484,7485,19,3
7907,7485,7486,22,3
7908,7486,7487,27,3
7909,7487,7488,13,3
7910,7488,43,4,3
7911,5009,7489,29,3
7912,7489,35,4,3
7913,7490,7491,38,3
7914,7491,7492,4,3
7915,7492,7493,40,3
7916,7493,7494,41,3
7917,7494,7495,10,3
7918,7495,35,4,3
7919,7496,7497,7,3
7920,7497,628,100,3
7921,7498,7499,86,3
7922,5540,7500,46,3
7923,7500,7499,19,3
7924,5102,7501,2,3
7925,7501,7502,7,3
7926,7502,7499,63,3
7927,5541,7498,70,3
7928,7503,7504,7,3
7929,7504,7498,44,3
7930,2164,7505,8,3
7931,7505,7506,112,3
7932,7506,7507,20,3
7933,7507,5102,2,3
7934,1383,7508,33,3
7935,7508,1369,9,3
7936,43,7509,4,3
7937,7509,7510,5,3
7938,7510,7511,155,3
7939,7511,2267,4,3
7940,7512,7513,25,3
7941,7513,7514,7,3
7942,7514,7515,30,3
7943,7515,7516,5,3
7944,7516,43,4,3
7945,7517,7518,16,3
7946,7518,7519,6,3
7947,7519,7520,2,3
7948,7520,7521,70,3
7949,7521,7522,88,3
7950,129,7523,8,3
7951,7523,7524,10,3
7952,7524,7525,31,3
7953,7525,7526,48,3
7954,7526,7527,6,3
7955,7527,7517,16,3
7956,7528,7529,8,3
7957,7529,7530,2,3
7958,7530,7531,52,3
7959,7531,7532,20,3
7960,7532,7533,17,3
7961,7533,7534,40,3
7962,7534,7535,35,3
7963,7535,7536,6,3
7964,7536,7517,2,3
7965,7537,7538,10,3
7966,7538,7539,17,3
7967,7539,7517,16,3
7968,7540,7541,110,3
7969,7541,7542,6,3
7970,7542,7517,16,3
7971,7543,7544,59,3
7972,7544,7545,6,3
7973,7545,7517,16,3
7974,7522,7546,22,3
7975,7547,7548,3,3
7976,7548,7549,63,3
7977,7549,129,6,3
7978,7550,7551,7,3
7979,7551,7552,4,3
7980,7552,7553,23,3
7981,7553,7554,125,3
7982,7554,1978,6,3
7983,7555,7556,10,3
7984,7556,1978,47,3
7985,7557,7558,4,3
7986,7558,7559,13,3
7987,7559,7560,2,3
7988,7560,7561,2,3
7989,7561,7562,3,3
7990,7562,7550,7,3
7991,1982,7563,15,3
7992,7563,7564,3,3
7993,7564,7565,3,3
7994,7565,7566,3,3
7995,7566,7567,2,3
7996,7567,7568,2,3
7997,7568,7569,6,3
7998,7569,7570,5,3
7999,7570,7550,7,3
8000,7571,7572,91,3
8001,7572,7573,7,3
8002,7573,7550,7,3
8003,7574,7575,4,3
8004,7575,7576,2,3
8005,7576,7577,1,3
8006,7577,7578,2,3
8007,7578,7579,1,3
8008,7579,7580,2,3
8009,7580,7581,33,3
8010,7581,7555,11,3
8011,7582,7583,4,3
8012,7583,7584,7,3
8013,7584,7585,9,3
8014,7585,7586,11,3
8015,7586,7587,10,3
8016,7587,7588,8,3
8017,7588,7589,5,3
8018,7589,7590,5,3
8019,7590,7591,5,3
8020,7591,7592,4,3
8021,7592,7593,4,3
8022,7593,7594,3,3
8023,7594,7595,7,3
8024,7595,7596,10,3
8025,7596,7597,4,3
8026,7597,7598,3,3
8027,7598,7599,4,3
8028,7599,7600,4,3
8029,7600,7601,4,3
8030,7601,7602,4,3
8031,7602,7603,15,3
8032,7603,7555,12,3
8033,7604,7605,80,3
8034,7605,7555,11,3
8035,7606,1203,69,3
8036,1211,7607,12,3
8037,7607,1203,37,3
8038,910,7608,5,3
8039,7608,7606,89,3
8040,906,7609,9,3
8041,7609,7606,39,3
8042,906,7610,50,3
8043,7610,1211,7,3
8044,7611,7612,39,3
8045,7612,1211,11,3
8046,7613,7614,1,3
8047,7614,7615,46,3
8048,7615,7616,52,3
8049,7616,2359,42,3
8050,7613,7617,1,3
8051,7617,7618,29,3
8052,7618,7619,27,3
8053,7619,7620,64,3
8054,7620,7621,17,3
8055,7621,2359,6,3
8056,7622,115,69,3
8057,114,7623,6,3
8058,7623,7624,113,3
8059,7624,7625,37,3
8060,7625,115,5,3
8061,7626,7627,35,3
8062,7627,115,6,3
8063,7628,7629,46,3
8064,7629,7630,8,3
8065,7630,124,8,3
8066,124,7631,8,3
8067,7631,7632,10,3
8068,7632,7118,105,3
8069,7633,7634,9,3
8070,7634,7635,48,3
8071,7635,7636,7,3
8072,7636,124,8,3
8073,7637,7638,11,3
8074,7638,7639,16,3
8075,7639,7640,28,3
8076,7640,7641,18,3
8077,7641,7642,22,3
8078,7642,7643,14,3
8079,7644,7645,27,3
8080,7645,7646,38,3
8081,7646,7647,28,3
8082,7647,7648,15,3
8083,7648,7643,15,3
8084,7649,7650,9,3
8085,7650,7651,13,3
8086,7651,7652,18,3
8087,7652,7653,27,3
8088,7653,7654,10,3
8089,7654,7655,12,3
8090,7655,7656,15,3
8091,7656,7657,9,3
8092,7657,7658,5,3
8093,7658,7643,46,3
8094,7659,7660,9,3
8095,7660,7661,8,3
8096,7661,7662,18,3
8097,7662,7663,75,3
8098,7663,7664,87,3
8099,7664,7643,13,3
8100,7665,7666,8,3
8101,7666,7667,8,3
8102,7667,7637,14,3
8103,7668,7669,164,3
8104,7669,7637,9,3
8105,7670,7671,9,3
8106,7671,7644,39,3
8107,7672,7673,94,3
8108,7673,7674,63,3
8109,7674,7675,3,3
8110,7675,7644,6,3
8111,7676,7677,95,3
8112,7677,7678,2,3
8113,7678,7644,7,3
8114,7679,7680,7,3
8115,7680,7681,91,3
8116,7681,7682,8,3
8117,7682,7683,10,3
8118,7683,7684,15,3
8119,7684,7685,6,3
8120,7685,7649,10,3
8121,7686,7687,28,3
8122,7687,7688,11,3
8123,7688,7649,7,3
8124,7689,7690,35,3
8125,7690,7691,11,3
8126,7691,7692,7,3
8127,7692,7649,7,3
8128,7693,7694,102,3
8129,7694,7659,8,3
8130,7695,7696,9,3
8131,7696,7697,5,3
8132,7697,7698,24,3
8133,7698,7659,9,3
8134,7699,7700,2,3
8135,7700,7701,39,3
8136,7701,7659,9,3
8137,7702,7703,5,3
8138,7703,7704,2,3
8139,7704,7705,4,3
8140,7705,7706,3,3
8141,7706,7707,3,3
8142,7707,7708,3,3
8143,7708,7709,9,3
8144,7709,7710,2,3
8145,7710,7711,2,3
8146,7711,7712,8,3
8147,7712,7713,2,3
8148,7713,7714,9,3
8149,7714,7715,1,3
8150,7715,7716,1,3
8151,7716,7717,5,3
8152,7717,7718,2,3
8153,7718,7719,1,3
8154,7719,7720,1,3
8155,7720,7721,1,3
8156,7721,7722,1,3
8157,7722,7723,1,3
8158,7723,7724,1,3
8159,7724,7725,3,3
8160,7725,7726,1,3
8161,7726,7727,1,3
8162,7727,7728,1,3
8163,7728,7729,1,3
8164,7729,7730,1,3
8165,7730,7731,1,3
8166,7731,7732,6,3
8167,7732,7733,1,3
8168,7733,7734,1,3
8169,7734,7735,1,3
8170,7735,7736,1,3
8171,7736,7737,3,3
8172,7737,7738,2,3
8173,7738,7739,2,3
8174,7739,7740,2,3
8175,7740,7741,1,3
8176,7741,7742,1,3
8177,7742,7743,2,3
8178,7743,7744,1,3
8179,7744,7745,1,3
8180,7745,7746,2,3
8181,7746,7747,3,3
8182,7747,7574,5,3
8183,7748,7749,40,3
8184,7749,7574,5,3
8185,7750,7751,41,3
8186,7751,7574,7,3
8187,7557,7752,4,3
8188,7752,7753,4,3
8189,7753,7754,5,3
8190,7754,7755,5,3
8191,7755,7756,2,3
8192,7756,7757,4,3
8193,7757,7758,3,3
8194,7758,7759,3,3
8195,7759,7582,4,3
8196,7760,7761,10,3
8197,7761,7762,5,3
8198,7762,7763,13,3
8199,7763,7764,4,3
8200,7764,7765,5,3
8201,7765,7766,3,3
8202,7766,7767,3,3
8203,7767,7768,3,3
8204,7768,7769,3,3
8205,7769,7770,6,3
8206,7770,7771,7,3
8207,7771,7772,25,3
8208,7772,7582,4,3
8209,7773,7774,44,3
8210,7774,7775,6,3
8211,7775,7582,4,3
8212,7776,7777,20,3
8213,7777,7778,32,3
8214,7778,7779,2,3
8215,7779,7604,7,3
8216,7604,7780,6,3
8217,7780,7781,3,3
8218,7781,7782,112,3
8219,7782,7783,5,3
8220,7783,7760,10,3
8221,7604,7784,6,3
8222,7784,7785,3,3
8223,7785,7786,27,3
8224,7786,7787,59,3
8225,7787,7788,13,3
8226,7788,7789,5,3
8227,7789,7790,5,3
8228,7790,7760,9,3
8229,7791,7792,4,3
8230,7792,7793,46,3
8231,7793,7604,6,3
8232,7794,7795,235,3
8233,7795,7796,10,3
8234,7796,7797,14,3
8235,7797,7798,19,3
8236,7798,7799,12,3
8237,7799,7800,27,3
8238,7800,7801,3,3
8239,7801,7604,7,3
8240,7802,7611,26,3
8241,908,7803,5,3
8242,7803,7804,72,3
8243,7804,7805,74,3
8244,7805,7611,6,3
8245,1209,7806,74,3
8246,7806,7611,6,3
8247,7807,7808,6,3
8248,7808,7809,45,3
8249,7809,7810,17,3
8250,7810,7811,13,3
8251,7811,3981,7,3
8252,7807,7812,7,3
8253,7812,7813,47,3
8254,7813,7814,4,3
8255,7814,7815,5,3
8256,7815,7816,8,3
8257,7816,7817,7,3
8258,7817,7818,6,3
8259,7818,3981,7,3
8260,3978,7819,32,3
8261,7819,7820,2,3
8262,7820,3981,7,3
8263,7821,7822,44,3
8264,7822,3981,7,3
8265,7807,7823,5,3
8266,7823,7824,50,3
8267,7824,7825,6,3
8268,7807,7826,7,3
8269,7826,7827,50,3
8270,7827,7825,6,3
8271,7828,7829,3,3
8272,7829,7830,9,3
8273,7830,7831,11,3
8274,7831,7832,34,3
8275,7832,7833,13,3
8276,7833,7834,45,3
8277,7834,7835,29,3
8278,7835,7836,16,3
8279,7836,7837,16,3
8280,7837,3978,41,3
8281,7838,7839,18,3
8282,7839,7840,27,3
8283,7840,5020,5,3
8284,3963,7841,4,3
8285,7841,7842,9,3
8286,7842,7843,7,3
8287,7843,7844,64,3
8288,7844,5023,7,3
8289,5033,7845,7,3
8290,7845,7846,18,3
8291,7846,3483,6,3
8292,7847,3946,27,3
8293,5059,3944,112,3
8294,1804,7848,200,3
8295,7848,2479,146,3
8296,1803,7849,282,3
8297,7849,2479,19,3
8298,2474,7850,83,3
8299,7850,1804,83,3
8300,7851,7852,49,3
8301,7852,5967,9,3
8302,7853,7854,49,3
8303,7854,5967,10,3
8304,7855,7856,8,3
8305,7856,7857,61,3
8306,7857,5967,6,3
8307,7858,7851,141,3
8308,5964,7859,11,3
8309,7859,7851,61,3
8310,7860,7861,6,3
8311,7861,7851,70,3
8312,2661,7862,6,3
8313,7862,7853,131,3
8314,7863,7864,6,3
8315,7864,7853,69,3
8316,2657,7865,8,3
8317,7865,7866,57,3
8318,7866,7853,7,3
8319,7867,7868,17,3
8320,7868,7869,15,3
8321,7869,7855,8,3
8322,7860,7870,47,3
8323,7870,7855,10,3
8324,7863,7871,49,3
8325,7871,7855,11,3
8326,7872,5964,141,3
8327,6311,7873,6,3
8328,7873,7874,10,3
8329,7874,7875,54,3
8330,7875,7876,62,3
8331,7876,7877,8,3
8332,7877,4725,6,3
8333,4725,7878,6,3
8334,7878,7879,8,3
8335,7879,7880,41,3
8336,7880,7881,21,3
8337,7881,7882,1,3
8338,7882,7883,52,3
8339,7883,7884,10,3
8340,7884,6311,6,3
8341,7885,7886,6,3
8342,7886,7887,158,3
8343,7887,7888,9,3
8344,7888,6311,6,3
8345,6810,7889,8,3
8346,7889,7890,34,3
8347,7890,7891,7,3
8348,7891,4730,5,3
8349,4730,7892,5,3
8350,7892,7893,9,3
8351,7893,7894,2,3
8352,7894,7895,19,3
8353,7895,7896,2,3
8354,7896,7897,3,3
8355,7897,7898,3,3
8356,7898,7899,18,3
8357,7899,1083,6,3
8358,7900,7901,7,3
8359,7901,7902,25,3
8360,7902,6810,7,3
8361,4738,7903,6,3
8362,7903,7904,71,3
8363,7904,6810,8,3
8364,7905,7906,12,3
8365,7906,7907,11,3
8366,7907,7908,63,3
8367,7908,7909,12,3
8368,7909,7910,9,3
8369,7910,7911,11,3
8370,7911,6328,7,3
8371,7912,7913,44,3
8372,7913,6328,7,3
8373,7914,7915,29,3
8374,7915,7916,5,3
8375,7916,6328,7,3
8376,7917,7905,44,3
8377,7918,7919,26,3
8378,7919,7905,41,3
8379,283,6585,65,3
8380,6643,7920,7,3
8381,7920,7921,76,3
8382,7921,6585,8,3
8383,6643,7922,8,3
8384,7922,7923,43,3
8385,7923,7924,2,3
8386,7924,6587,9,3
8387,6722,7925,19,3
8388,7925,6587,10,3
8389,7926,7927,8,3
8390,7927,7928,72,3
8391,7928,7929,9,3
8392,6382,7930,25,3
8393,7930,7929,8,3
8394,7931,7932,34,3
8395,7932,7929,8,3
8396,7933,7934,9,3
8397,7934,7935,33,3
8398,7935,7929,9,3
8399,7936,7937,9,3
8400,7937,7926,27,3
8401,7938,7939,45,3
8402,7939,7926,6,3
8403,7940,7941,71,3
8404,7941,7942,10,3
8405,7942,7943,23,3
8406,7943,7944,16,3
8407,7944,7945,36,3
8408,7945,7946,6,3
8409,7946,6382,8,3
8410,7947,7948,44,3
8411,7948,7949,102,3
8412,7949,7950,11,3
8413,7950,7951,46,3
8414,7951,7952,5,3
8415,7952,7953,4,3
8416,7953,7954,16,3
8417,7954,7955,17,3
8418,7955,7956,4,3
8419,7956,7957,4,3
8420,7957,7958,27,3
8421,7958,7959,6,3
8422,7959,6382,8,3
8423,7960,7961,6,3
8424,7961,7931,107,3
8425,7962,7963,8,3
8426,7963,7964,11,3
8427,7964,7965,69,3
8428,7965,7966,71,3
8429,7966,7931,53,3
8430,7967,7968,8,3
8431,7968,7969,29,3
8432,7969,7933,8,3
8433,7970,7971,2,3
8434,7971,7972,18,3
8435,7972,7933,7,3
8436,7973,7974,8,3
8437,7974,7975,136,3
8438,7975,6491,13,3
8439,7976,7977,40,3
8440,7977,7978,2,3
8441,7978,6491,12,3
8442,7979,7980,17,3
8443,7980,7981,2,3
8444,7981,6491,13,3
8445,7982,7983,10,3
8446,7983,7984,112,3
8447,7984,7973,8,3
8448,7985,7986,16,3
8449,7986,7973,9,3
8450,7987,7988,26,3
8451,7988,7973,7,3
8452,7989,7976,46,3
8453,6494,7990,54,3
8454,7990,7991,3,3
8455,7991,7976,7,3
8456,7992,7993,4,3
8457,7993,7994,23,3
8458,7994,7995,1,3
8459,7995,7976,8,3
8460,7996,7979,20,3
8461,7987,7997,151,3
8462,7997,7979,6,3
8463,6352,7998,26,3
8464,7998,7999,3,3
8465,7999,8000,6,3
8466,8001,8002,19,3
8467,8002,8003,10,3
8468,8003,8000,6,3
8469,8004,8005,6,3
8470,8005,8006,8,3
8471,8006,8007,60,3
8472,8007,8008,11,3
8473,8008,8000,6,3
8474,8009,8010,4,3
8475,8010,8011,5,3
8476,8011,8012,44,3
8477,8012,8013,4,3
8478,8013,8014,13,3
8479,8014,8015,5,3
8480,8015,8016,48,3
8481,8016,8017,10,3
8482,8017,8000,6,3
8483,6349,8018,4,3
8484,8018,8019,11,3
8485,8019,8020,15,3
8486,8020,8021,24,3
8487,8021,8022,23,3
8488,8022,8023,61,3
8489,8023,6352,55,3
8490,8024,8025,10,3
8491,8025,8026,8,3
8492,8026,8027,7,3
8493,8027,8028,13,3
8494,8028,8001,11,3
8495,8029,8030,13,3
8496,8030,8001,25,3
8497,8031,8032,8,3
8498,8032,8033,42,3
8499,8033,8034,11,3
8500,8035,8036,32,3
8501,8036,8034,10,3
8502,8037,8038,9,3
8503,8038,8039,99,3
8504,8039,8034,7,3
8505,8040,8041,31,3
8506,8041,8034,10,3
8507,8042,8031,56,3
8508,8043,8044,82,3
8509,8044,8045,21,3
8510,8045,8031,6,3
8511,8046,8047,8,3
8512,8047,8031,44,3
8513,5899,8035,41,3
8514,8048,8049,9,3
8515,8049,8050,92,3
8516,8050,8035,8,3
8517,8051,8052,11,3
8518,8052,8053,68,3
8519,8053,8035,7,3
8520,8048,8054,10,3
8521,8054,8055,28,3
8522,8055,8037,8,3
8523,8056,8057,100,3
8524,8057,8037,7,3
8525,7047,8058,46,3
8526,8058,8059,1,3
8527,8059,8037,7,3
8528,8046,8060,8,3
8529,8060,8061,25,3
8530,8061,8062,2,3
8531,8062,8040,7,3
8532,8063,8064,7,3
8533,8064,8065,7,3
8534,8065,8066,46,3
8535,8066,8040,9,3
8536,8067,8068,18,3
8537,8068,8069,9,3
8538,8069,8004,6,3
8539,8070,8071,83,3
8540,8071,8072,9,3
8541,8072,8004,6,3
8542,8073,8074,1,3
8543,8074,8075,129,3
8544,8075,8076,12,3
8545,8076,8004,6,3
8546,8077,8078,2,3
8547,8078,8079,8,3
8548,8079,8080,19,3
8549,8080,8081,16,3
8550,8081,8004,6,3
8551,8082,8067,34,3
8552,8083,8084,1,3
8553,8084,8085,12,3
8554,8085,8086,33,3
8555,8086,8067,5,3
8556,7936,8087,9,3
8557,8087,8088,6,3
8558,8088,8089,53,3
8559,8089,6592,12,3
8560,6594,8090,35,3
8561,8090,6592,11,3
8562,7272,8091,7,3
8563,8091,8092,8,3
8564,8092,8093,34,3
8565,8093,8094,8,3
8566,8094,7936,9,3
8567,7960,8095,31,3
8568,8095,8096,7,3
8569,8096,7936,9,3
8570,8097,6594,143,3
8571,7960,8098,13,3
8572,8098,8099,36,3
8573,8099,8100,34,3
8574,8100,6594,7,3
8575,8101,8102,8,3
8576,8102,8103,35,3
8577,8103,6553,6,3
8578,8104,8105,71,3
8579,8105,8106,7,3
8580,8106,6553,6,3
8581,8107,8108,7,3
8582,8108,8109,11,3
8583,8109,8110,9,3
8584,8110,6553,6,3
8585,8111,8112,6,3
8586,8112,8113,65,3
8587,8113,8114,9,3
8588,8114,8101,8,3
8589,8115,8116,66,3
8590,8116,8101,8,3
8591,8107,8117,7,3
8592,8117,8118,9,3
8593,8118,8119,8,3
8594,8119,8120,15,3
8595,8120,8121,9,3
8596,8121,8122,5,3
8597,8122,8123,12,3
8598,8123,8101,8,3
8599,6559,8124,5,3
8600,8124,8104,42,3
8601,8111,8125,9,3
8602,8125,8104,35,3
8603,6243,8126,29,3
8604,8126,8127,8,3
8605,8128,8129,7,3
8606,8129,8130,110,3
8607,8130,8131,49,3
8608,8131,8132,36,3
8609,8132,8133,115,3
8610,8133,8134,16,3
8611,8134,8127,8,3
8612,8135,8136,79,3
8613,8136,8137,17,3
8614,8137,8127,8,3
8615,8138,8139,34,3
8616,8139,8127,8,3
8617,8140,8141,4,3
8618,8141,8142,7,3
8619,8142,8143,68,3
8620,8143,8144,4,3
8621,8144,8127,8,3
8622,8145,8146,8,3
8623,8146,8147,66,3
8624,8147,6243,13,3
8625,8148,8128,27,3
8626,8149,8150,37,3
8627,8150,8128,9,3
8628,8151,8152,4,3
8629,8152,8153,27,3
8630,8153,8128,8,3
8631,8154,8155,13,3
8632,8155,8128,8,3
8633,8156,8157,26,3
8634,8157,8128,7,3
8635,8158,8159,6,3
8636,8159,8135,42,3
8637,8160,8161,2,3
8638,8161,8162,8,3
8639,8162,8163,4,3
8640,8163,8164,2,3
8641,8164,8165,2,3
8642,8165,8166,2,3
8643,8166,8167,2,3
8644,8167,8168,69,3
8645,8168,8169,22,3
8646,8169,8135,2,3
8647,7349,8170,48,3
8648,8170,6500,7,3
8649,8171,8172,44,3
8650,8172,6500,8,3
8651,8173,8174,2,3
8652,8174,8175,14,3
8653,8175,8176,26,3
8654,8176,7349,7,3
8655,8177,8171,51,3
8656,8178,8171,50,3
8657,7350,8179,77,3
8658,8179,8171,30,3
8659,8180,8181,14,3
8660,8181,8182,37,3
8661,8182,8183,35,3
8662,8183,8184,19,3
8663,8185,8186,92,3
8664,8186,8184,7,3
8665,8187,8188,6,3
8666,8188,8189,42,3
8667,8189,8190,3,3
8668,8190,8184,9,3
8669,8191,8192,5,3
8670,8192,8193,45,3
8671,8193,8184,7,3
8672,8194,8195,8,3
8673,8195,8196,24,3
8674,8196,8180,16,3
8675,8197,8198,34,3
8676,8198,8199,19,3
8677,8199,8180,8,3
8678,6426,8200,5,3
8679,8200,8185,105,3
8680,8201,8202,52,3
8681,8202,8185,8,3
8682,8203,8204,4,3
8683,8204,8205,46,3
8684,8205,8185,8,3
8685,8206,8207,37,3
8686,8207,8208,1,3
8687,8208,8187,4,3
8688,8201,8209,82,3
8689,8209,8187,6,3
8690,8210,8211,6,3
8691,8211,8212,36,3
8692,8212,8187,7,3
8693,8203,8191,111,3
8694,8213,8214,6,3
8695,8214,8215,84,3
8696,8215,8216,66,3
8697,8216,8191,7,3
8698,8217,8218,6,3
8699,8218,8219,12,3
8700,8219,8220,54,3
8701,8220,8221,7,3
8702,8221,8222,9,3
8703,8222,8223,6,3
8704,8223,8224,4,3
8705,8224,8225,8,3
8706,8225,8226,8,3
8707,8226,8227,64,3
8708,8227,8228,23,3
8709,8228,8191,24,3
8710,8229,8230,9,3
8711,8230,8231,23,3
8712,8231,6064,11,3
8713,8232,8233,25,3
8714,8233,6064,13,3
8715,8234,8235,10,3
8716,8235,8236,106,3
8717,8236,6064,12,3
8718,6073,8237,5,3
8719,8237,8238,8,3
8720,8238,8229,24,3
8721,8239,8240,32,3
8722,8240,8241,8,3
8723,8241,8242,13,3
8724,8242,8243,13,3
8725,8243,8244,17,3
8726,8244,8245,9,3
8727,8245,8246,28,3
8728,8246,8247,10,3
8729,8247,8229,1,3
8730,8248,8249,10,3
8731,8249,8232,44,3
8732,8250,8251,9,3
8733,8251,8252,109,3
8734,8252,8232,6,3
8735,8239,8253,44,3
8736,8253,8234,10,3
8737,8250,8254,10,3
8738,8254,8255,34,3
8739,8255,8234,9,3
8740,8256,8257,8,3
8741,8257,8258,108,3
8742,8258,8234,7,3
8743,8259,8260,9,3
8744,8260,8261,166,3
8745,8261,8262,8,3
8746,8262,4725,6,3
8747,6317,8263,4,3
8748,8263,8264,4,3
8749,8264,8265,87,3
8750,8265,8266,11,3
8751,8266,4725,6,3
8752,8267,8268,1,3
8753,8268,8269,100,3
8754,8269,8270,10,3
8755,8270,7885,6,3
8756,8271,8272,45,3
8757,8272,8273,10,3
8758,8273,7885,6,3
8759,8259,8274,9,3
8760,8274,8275,117,3
8761,8275,8276,9,3
8762,8276,7885,6,3
8763,8277,8239,24,3
8764,8278,8279,30,3
8765,8279,8250,10,3
8766,8280,8281,62,3
8767,8281,8282,3,3
8768,8282,8283,4,3
8769,8283,8284,43,3
8770,8284,8250,9,3
8771,8280,8285,48,3
8772,8285,8256,11,3
8773,8286,8287,23,3
8774,8287,8256,9,3
8775,6121,8288,45,3
8776,8288,8256,8,3
8777,7982,8289,10,3
8778,8289,4451,86,3
8779,8290,8291,43,3
8780,8291,4451,8,3
8781,4432,4454,30,3
8782,8290,4454,75,3
8783,8292,4456,31,3
8784,4464,4456,142,3
8785,8293,8294,9,3
8786,8294,8295,6,3
8787,8295,8296,11,3
8788,8296,8297,16,3
8789,8297,8298,15,3
8790,8298,4456,100,3
8791,8299,8300,56,3
8792,8300,8301,25,3
8793,8301,8302,42,3
8794,8302,8303,4,3
8795,8303,8304,7,3
8796,8305,8306,10,3
8797,8306,8307,22,3
8798,8307,8308,14,3
8799,8308,8309,23,3
8800,8309,8310,21,3
8801,8310,8304,8,3
8802,8311,8312,46,3
8803,8312,8313,27,3
8804,8313,8304,16,3
8805,3407,8314,6,3
8806,8314,8315,34,3
8807,8315,8304,4,3
8808,8316,8299,34,3
8809,8317,8318,6,3
8810,8318,8319,19,3
8811,8319,8305,10,3
8812,8320,8321,3,3
8813,8321,8322,45,3
8814,8322,8323,3,3
8815,8323,8324,3,3
8816,8324,8325,6,3
8817,8325,8326,16,3
8818,8326,8327,11,3
8819,8327,8328,11,3
8820,8328,8329,34,3
8821,8329,8330,61,3
8822,8330,8331,2,3
8823,8331,8305,44,3
8824,8332,8333,4,3
8825,8333,8311,28,3
8826,8334,8335,15,3
8827,8335,8336,35,3
8828,8336,8311,6,3
8829,8337,8338,10,3
8830,8338,8339,4,3
8831,8339,3407,6,3
8832,8340,8341,6,3
8833,8341,8342,1,3
8834,8342,8343,33,3
8835,8343,3407,9,3
8836,8344,8345,7,3
8837,8345,8346,92,3
8838,8346,8259,10,3
8839,8347,8348,62,3
8840,8348,8259,8,3
8841,8349,8350,5,3
8842,8350,8351,30,3
8843,8352,8353,35,3
8844,8353,8351,8,3
8845,8354,8355,46,3
8846,8355,8351,11,3
8847,8356,8357,6,3
8848,8357,8358,45,3
8849,8358,8359,29,3
8850,8359,8360,8,3
8851,8360,8349,5,3
8852,8361,8362,9,3
8853,8362,8363,40,3
8854,8363,8364,10,3
8855,8364,8349,5,3
8856,8115,8365,19,3
8857,8365,8366,9,3
8858,8366,8349,5,3
8859,8367,8352,58,3
8860,8368,8369,10,3
8861,8369,8352,40,3
8862,8370,8371,5,3
8863,8371,8354,24,3
8864,8367,8372,46,3
8865,8372,8354,7,3
8866,8373,8374,4,3
8867,8374,8375,40,3
8868,8375,7982,9,3
8869,8293,8376,9,3
8870,8376,8377,4,3
8871,8377,8378,16,3
8872,8378,8379,32,3
8873,8379,8380,2,3
8874,8380,7982,8,3
8875,8290,8373,108,3
8876,8381,8382,3,3
8877,8382,8373,131,3
8878,8383,8384,42,3
8879,8384,8373,5,3
8880,8385,8386,31,3
8881,8386,8387,6,3
8882,8387,8293,9,3
8883,8388,8389,124,3
8884,8389,8293,9,3
8885,8390,8391,92,3
8886,8391,8392,5,3
8887,8392,8293,9,3
8888,8381,8393,3,3
8889,8393,7985,28,3
8890,7992,8394,4,3
8891,8394,7985,126,3
8892,8388,8395,4,3
8893,8395,7987,22,3
8894,8396,8397,28,3
8895,8397,6426,8,3
8896,6430,8398,17,3
8897,8398,6426,8,3
8898,8399,8400,2,3
8899,8400,8396,23,3
8900,6428,8396,54,3
8901,8401,6430,32,3
8902,8402,6503,52,3
8903,6510,8403,15,3
8904,8403,6503,44,3
8905,8404,6503,140,3
8906,8405,8406,5,3
8907,8406,6506,32,3
8908,8407,6506,47,3
8909,8073,8408,1,3
8910,8408,8409,3,3
8911,8409,8410,59,3
8912,8410,8009,4,3
8913,8009,8411,4,3
8914,8411,8412,39,3
8915,8412,8413,86,3
8916,8413,8414,4,3
8917,8009,8415,4,3
8918,8415,8416,6,3
8919,8416,8417,114,3
8920,8417,8418,5,3
8921,8418,8414,4,3
8922,8029,8419,62,3
8923,8419,8009,4,3
8924,8420,8421,39,3
8925,8421,8422,21,3
8926,8422,8423,14,3
8927,8423,8424,12,3
8928,8424,8009,4,3
8929,8425,8426,1,3
8930,8426,8427,6,3
8931,8427,8428,8,3
8932,8428,8429,55,3
8933,8429,8430,2,3
8934,8430,6434,13,3
8935,8431,8432,30,3
8936,8432,8433,10,3
8937,8433,8434,24,3
8938,8434,6434,9,3
8939,8401,8435,32,3
8940,8435,8436,50,3
8941,8436,6434,9,3
8942,6628,8437,18,3
8943,8437,8438,16,3
8944,8438,8439,10,3
8945,8439,8425,10,3
8946,8440,8441,47,3
8947,8441,8442,25,3
8948,8442,8425,6,3
8949,8443,8444,7,3
8950,8444,8445,43,3
8951,8445,8446,33,3
8952,8446,8447,54,3
8953,8447,8448,7,3
8954,8448,8449,11,3
8955,8449,8450,9,3
8956,8450,8451,1,3
8957,8451,8425,6,3
8958,8452,8453,9,3
8959,8453,8431,33,3
8960,8454,8455,4,3
8961,8455,8456,30,3
8962,8456,8431,6,3
8963,8203,8401,106,3
8964,8440,8457,5,3
8965,8457,8458,69,3
8966,8458,8459,2,3
8967,8459,8401,30,3
8968,8460,8461,22,3
8969,8461,8462,23,3
8970,8462,8463,13,3
8971,8463,8361,9,3
8972,8464,8465,12,3
8973,8465,8466,14,3
8974,8466,8467,13,3
8975,8467,8468,13,3
8976,8468,8469,17,3
8977,8469,8470,17,3
8978,8470,8471,20,3
8979,8471,8361,6,3
8980,8472,8473,6,3
8981,8473,8474,16,3
8982,8474,8475,10,3
8983,8475,8476,15,3
8984,8476,8477,9,3
8985,8477,8478,11,3
8986,8478,8479,62,3
8987,8479,8480,9,3
8988,8480,8361,6,3
8989,8481,8482,20,3
8990,8482,8483,27,3
8991,8483,8115,7,3
8992,8484,8485,5,3
8993,8485,8486,5,3
8994,8486,8487,81,3
8995,8487,8194,9,3
8996,8213,8488,13,3
8997,8488,8489,22,3
8998,8489,8490,11,3
8999,8490,8194,10,3
9000,7352,8491,38,3
9001,8491,8492,17,3
9002,8492,8493,26,3
9003,8493,8484,7,3
9004,8494,8495,9,3
9005,8495,8496,22,3
9006,8496,8497,15,3
9007,8497,8498,14,3
9008,8498,8484,9,3
9009,8499,8500,4,3
9010,8500,8501,8,3
9011,8501,8502,14,3
9012,8502,8503,23,3
9013,8503,8484,6,3
9014,8504,8505,4,3
9015,8505,8213,56,3
9016,8506,8507,77,3
9017,8507,8213,6,3
9018,8508,8280,31,3
9019,8509,8510,9,3
9020,8510,8286,46,3
9021,8511,8512,6,3
9022,8512,8513,15,3
9023,8513,8286,13,3
9024,8277,8514,49,3
9025,8514,8515,8,3
9026,8515,8286,46,3
9027,8511,8516,3,3
9028,8516,8517,33,3
9029,8517,6121,8,3
9030,5394,8518,55,3
9031,8518,8519,8,3
9032,8519,6790,6,3
9033,1083,8520,7,3
9034,8520,8521,14,3
9035,8521,8522,2,3
9036,8522,8523,3,3
9037,8523,8524,3,3
9038,8524,8525,15,3
9039,8525,8526,3,3
9040,8526,8527,3,3
9041,8527,8528,2,3
9042,8528,8529,19,3
9043,8529,8530,7,3
9044,8530,8531,17,3
9045,8531,8532,5,3
9046,8532,6790,6,3
9047,6476,8533,7,3
9048,8533,8534,15,3
9049,8534,8535,61,3
9050,8535,6457,78,3
9051,8536,8537,26,3
9052,8537,8538,17,3
9053,8538,8539,11,3
9054,8539,6476,7,3
9055,6643,8540,8,3
9056,8540,8541,47,3
9057,8541,8542,10,3
9058,8542,6476,7,3
9059,6476,8543,7,3
9060,8543,8544,17,3
9061,8544,283,78,3
9062,282,8545,82,3
9063,8545,8546,3,3
9064,8546,8547,1,3
9065,8547,8548,17,3
9066,8548,6476,7,3
9067,6691,8549,8,3
9068,8549,8550,40,3
9069,8550,8551,18,3
9070,8551,6457,9,3
9071,8552,8553,8,3
9072,8553,8536,42,3
9073,8554,8555,30,3
9074,8555,8556,14,3
9075,8556,8557,54,3
9076,8557,8536,6,3
9077,6691,8558,8,3
9078,8558,8559,8,3
9079,8559,8560,29,3
9080,8560,8561,1,3
9081,8561,8562,103,3
9082,8562,8563,10,3
9083,8563,8536,5,3
9084,8564,8565,21,3
9085,8565,5546,19,3
9086,8566,8567,2,3
9087,8567,8568,1,3
9088,8568,8569,37,3
9089,8569,5546,4,3
9090,8570,8571,1,3
9091,8571,8572,8,3
9092,8572,8573,17,3
9093,8573,8574,2,3
9094,8574,8575,17,3
9095,8575,8576,3,3
9096,8576,5554,11,3
9097,5566,5558,29,3
9098,2092,8577,2,3
9099,8577,8578,9,3
9100,8578,8579,16,3
9101,8579,8580,2,3
9102,8580,8581,14,3
9103,8581,8582,1,3
9104,8582,8583,7,3
9105,8583,8584,45,3
9106,8584,8585,89,3
9107,8585,5558,10,3
9108,8586,5394,35,3
9109,8587,8588,3,3
9110,8588,8589,22,3
9111,8589,5394,12,3
9112,8590,8591,24,3
9113,8591,4248,7,3
9114,8592,8593,68,3
9115,8593,4248,7,3
9116,8594,8595,56,3
9117,8595,8596,7,3
9118,8596,8597,6,3
9119,8597,8598,5,3
9120,8598,8599,19,3
9121,8599,6397,9,3
9122,8600,8601,7,3
9123,8601,8602,25,3
9124,8602,6397,7,3
9125,8603,8604,3,3
9126,8604,8605,77,3
9127,8605,6628,6,3
9128,8606,8607,8,3
9129,8607,8608,50,3
9130,8608,8609,1,3
9131,8609,6628,7,3
9132,8610,6630,45,3
9133,8611,6630,64,3
9134,8612,8613,23,3
9135,8613,6632,34,3
9136,8606,8614,11,3
9137,8614,6632,16,3
9138,5901,8615,39,3
9139,8615,5888,8,3
9140,6945,8616,23,3
9141,8616,5888,9,3
9142,8617,8618,10,3
9143,8618,5901,30,3
9144,8619,6945,22,3
9145,8620,8621,6,3
9146,8621,8622,14,3
9147,8622,8623,26,3
9148,8623,8337,13,3
9149,8624,8625,3,3
9150,8625,8626,6,3
9151,8626,8627,3,3
9152,8627,8628,2,3
9153,8628,8629,14,3
9154,8629,8630,8,3
9155,8630,8631,11,3
9156,8631,8632,12,3
9157,8632,8633,11,3
9158,8633,8634,11,3
9159,8634,8337,18,3
9160,8443,8340,25,3
9161,8620,8635,21,3
9162,8635,8636,25,3
9163,8636,8637,11,3
9164,8637,8638,14,3
9165,8638,8639,21,3
9166,8639,8640,19,3
9167,8640,8641,7,3
9168,8641,8642,6,3
9169,8642,8340,2,3
9170,8643,5464,41,3
9171,2876,8644,5,3
9172,8644,8645,21,3
9173,8645,8646,47,3
9174,8646,5464,5,3
9175,8647,8648,46,3
9176,8649,8650,2,3
9177,8650,8651,17,3
9178,8651,8648,3,3
9179,8652,8653,58,3
9180,8653,8648,5,3
9181,8654,8647,45,3
9182,8655,8656,31,3
9183,8656,8647,9,3
9184,8082,8649,68,3
9185,8657,8658,27,3
9186,8658,8659,10,3
9187,8659,8649,5,3
9188,8654,8660,2,3
9189,8660,8661,36,3
9190,8661,8652,5,3
9191,8662,8663,16,3
9192,8663,8664,27,3
9193,8664,6722,7,3
9194,8665,8666,15,3
9195,8666,7960,154,3
9196,6556,8667,7,3
9197,8667,8668,4,3
9198,8668,8669,1,3
9199,8669,8670,12,3
9200,8670,8107,8,3
9201,5228,8671,7,3
9202,8671,8672,2,3
9203,8672,8673,19,3
9204,8673,8674,19,3
9205,8674,8675,13,3
9206,8675,8676,3,3
9207,8676,8677,6,3
9208,8677,8678,3,3
9209,8678,8679,4,3
9210,8679,6556,7,3
9211,6829,8680,14,3
9212,8680,8681,5,3
9213,8681,8682,13,3
9214,8682,8683,37,3
9215,8683,8684,4,3
9216,8684,6559,5,3
9217,4494,8685,12,3
9218,8685,8686,9,3
9219,8686,8687,9,3
9220,8687,8688,21,3
9221,8688,8689,15,3
9222,8689,8690,36,3
9223,8690,8691,8,3
9224,4494,8692,3,3
9225,8692,8693,8,3
9226,8693,8694,3,3
9227,8694,8695,80,3
9228,8696,8697,48,3
9229,8697,8698,30,3
9230,8698,8699,10,3
9231,8699,4494,12,3
9232,8691,8700,15,3
9233,8700,8701,30,3
9234,8701,8696,2,3
9235,8702,8703,4,3
9236,8703,8704,13,3
9237,8704,8705,27,3
9238,8705,8706,6,3
9239,8706,8707,45,3
9240,8707,8708,12,3
9241,8708,8709,12,3
9242,8709,8691,4,3
9243,8662,8710,6,3
9244,8710,8711,50,3
9245,8711,6726,10,3
9246,8712,8713,9,3
9247,8713,8714,73,3
9248,8714,8715,12,3
9249,8715,8716,37,3
9250,8716,8717,63,3
9251,8717,8718,3,3
9252,8718,8662,6,3
9253,8695,4621,38,3
9254,8719,8720,4,3
9255,8720,8721,14,3
9256,8721,8695,2,3
9257,7406,8722,1,3
9258,8722,8723,6,3
9259,8723,8724,18,3
9260,8724,8725,9,3
9261,8725,3246,13,3
9262,8726,8727,5,3
9263,8727,8728,13,3
9264,8728,8729,10,3
9265,8729,8730,13,3
9266,8730,8731,3,3
9267,8731,8732,6,3
9268,8732,7406,1,3
9269,8733,4842,33,3
9270,8734,8735,3,3
9271,8735,8736,1,3
9272,8736,8737,45,3
9273,8737,8738,54,3
9274,8738,4842,5,3
9275,8739,8733,37,3
9276,8740,8741,5,3
9277,8741,8733,19,3
9278,8742,8743,26,3
9279,8743,8744,1,3
9280,8744,8734,3,3
9281,8745,8746,44,3
9282,8746,8734,6,3
9283,8747,8748,20,3
9284,8748,8749,44,3
9285,8749,8750,1,3
9286,8750,8734,4,3
9287,4129,8751,63,3
9288,8751,8752,108,3
9289,8752,4128,13,3
9290,7679,8753,8,3
9291,8753,8754,167,3
9292,8754,4128,16,3
9293,4128,8755,14,3
9294,8755,8756,48,3
9295,8756,4102,4,3
9296,8757,8758,30,3
9297,8758,4128,11,3
9298,8759,8760,45,3
9299,8760,4129,7,3
9300,8761,8762,6,3
9301,8762,8763,44,3
9302,8763,7679,9,3
9303,8764,8765,35,3
9304,8765,7679,9,3
9305,8766,8767,44,3
9306,8767,4102,4,3
9307,8768,8769,90,3
9308,8769,4102,4,3
9309,8770,8757,22,3
9310,8764,8771,9,3
9311,8771,8772,167,3
9312,8772,8757,11,3
9313,8739,6962,46,3
9314,8773,8774,8,3
9315,8774,8775,27,3
9316,8775,6962,6,3
9317,8776,8777,4,3
9318,8777,8739,33,3
9319,6835,8778,6,3
9320,8778,8779,23,3
9321,8779,8773,7,3
9322,8776,8780,15,3
9323,8780,8781,20,3
9324,8781,8773,7,3
9325,6984,8782,56,3
9326,8782,8783,6,3
9327,8783,8773,2,3
9328,8784,6494,29,3
9329,8785,6497,24,3
9330,7996,8786,5,3
9331,8786,8787,24,3
9332,8787,8788,14,3
9333,8788,8789,11,3
9334,8789,8790,14,3
9335,8790,8791,15,3
9336,8791,6497,13,3
9337,7358,8792,3,3
9338,8792,8793,45,3
9339,8793,7352,7,3
9340,8794,8795,7,3
9341,8795,8796,66,3
9342,8796,8494,9,3
9343,8794,8797,7,3
9344,8797,8798,68,3
9345,8798,8494,9,3
9346,8799,8800,31,3
9347,8800,8494,9,3
9348,8801,8802,39,3
9349,8802,8803,16,3
9350,8803,8499,12,3
9351,7358,8804,5,3
9352,8804,8805,36,3
9353,8805,8806,34,3
9354,8806,8807,5,3
9355,8807,8499,6,3
9356,8506,8808,17,3
9357,8808,8499,6,3
9358,8809,8810,29,3
9359,8810,8811,7,3
9360,8811,8812,12,3
9361,8812,8813,9,3
9362,8813,8814,4,3
9363,8814,8815,172,3
9364,8816,8817,42,3
9365,8817,8818,4,3
9366,8818,8812,9,3
9367,8819,8820,24,3
9368,8820,8812,10,3
9369,8821,8822,15,3
9370,8822,8823,27,3
9371,8823,8824,17,3
9372,8824,8812,12,3
9373,8825,8826,10,3
9374,8826,8809,14,3
9375,8827,8828,14,3
9376,8828,7115,28,3
9377,8829,7115,48,3
9378,8830,8831,66,3
9379,8831,7115,20,3
9380,8832,8833,5,3
9381,8833,8834,6,3
9382,8834,8835,52,3
9383,8832,8836,5,3
9384,8836,8837,12,3
9385,8837,8838,65,3
9386,8838,8839,7,3
9387,8839,8840,4,3
9388,8840,8841,4,3
9389,8841,8842,7,3
9390,8842,8843,7,3
9391,8843,8844,9,3
9392,8844,8845,29,3
9393,8845,8846,19,3
9394,8846,8847,15,3
9395,8847,8832,5,3
9396,8832,8848,5,3
9397,8848,8849,15,3
9398,8849,8850,51,3
9399,8850,8851,5,3
9400,8851,8852,5,3
9401,8852,8853,51,3
9402,8853,8854,18,3
9403,8854,8832,5,3
9404,8855,8856,9,3
9405,8856,8857,44,3
9406,8857,8858,42,3
9407,8858,8859,9,3
9408,8859,8832,5,3
9409,8835,8860,61,3
9410,8860,8821,15,3
9411,8861,8835,42,3
9412,8862,8863,11,3
9413,8863,8864,3,3
9414,8864,8865,17,3
9415,8865,8835,4,3
9416,8840,8866,4,3
9417,8866,8867,8,3
9418,8867,8868,32,3
9419,8868,8869,16,3
9420,8869,8870,9,3
9421,8871,8872,52,3
9422,8872,8873,4,3
9423,8873,8874,5,3
9424,8874,8840,4,3
9425,8875,8876,5,3
9426,8876,8877,65,3
9427,8877,8878,26,3
9428,8878,8879,7,3
9429,8879,8840,4,3
9430,8880,8881,58,3
9431,8881,8882,8,3
9432,8882,8840,4,3
9433,4034,8883,146,3
9434,8883,1584,6,3
9435,2527,8884,14,3
9436,8884,2554,151,3
9437,8885,8886,2,3
9438,8886,8887,3,3
9439,8887,2554,54,3
9440,8815,7543,55,3
9441,7540,8815,22,3
9442,8888,8816,30,3
9443,8871,8889,94,3
9444,8889,8816,18,3
9445,8890,7546,35,3
9446,7528,8891,8,3
9447,8891,8892,28,3
9448,8892,7546,8,3
9449,976,8893,8,3
9450,8893,8894,28,3
9451,8894,7546,7,3
9452,8895,8890,42,3
9453,8896,8897,42,3
9454,8897,8890,29,3
9455,8898,8899,32,3
9456,8899,8900,8,3
9457,8900,7528,8,3
9458,8901,8902,34,3
9459,8902,8903,18,3
9460,8903,7528,8,3
9461,3646,8904,4,3
9462,8904,8905,71,3
9463,8906,8907,9,3
9464,8907,8908,6,3
9465,8908,8909,4,3
9466,8909,8910,5,3
9467,8910,8911,5,3
9468,8911,8912,8,3
9469,8912,8913,11,3
9470,8913,8914,37,3
9471,8914,8915,5,3
9472,8915,8916,5,3
9473,8916,8917,3,3
9474,8917,8918,2,3
9475,8918,8919,4,3
9476,8919,8920,25,3
9477,8920,8921,38,3
9478,8921,8922,5,3
9479,8922,3646,4,3
9480,1874,8923,123,3
9481,8923,8924,5,3
9482,8924,3646,4,3
9483,4069,8925,6,3
9484,8925,8926,78,3
9485,8926,8927,15,3
9486,8927,8928,71,3
9487,8928,3646,4,3
9488,7791,8929,6,3
9489,8929,8930,4,3
9490,8930,8931,3,3
9491,8931,8932,14,3
9492,8932,8933,18,3
9493,8933,8934,8,3
9494,8934,8935,19,3
9495,8935,8936,5,3
9496,8936,8937,8,3
9497,8937,8938,33,3
9498,8938,8939,7,3
9499,8939,8940,4,3
9500,8940,8941,40,3
9501,8941,8942,6,3
9502,8942,8943,12,3
9503,8943,3651,37,3
9504,8944,8945,66,3
9505,8945,8946,24,3
9506,8946,3651,7,3
9507,2434,8947,6,3
9508,8947,8948,31,3
9509,8948,2527,43,3
9510,8949,8950,1,3
9511,8950,8951,3,3
9512,8951,8952,19,3
9513,8952,8953,10,3
9514,8953,8954,19,3
9515,8954,8955,22,3
9516,8955,8956,7,3
9517,8956,8885,2,3
9518,8949,8957,1,3
9519,8957,8958,20,3
9520,8958,8959,26,3
9521,8959,8960,35,3
9522,8960,8885,2,3
9523,2434,8961,5,3
9524,8961,8962,5,3
9525,8962,8963,14,3
9526,8963,8964,21,3
9527,8964,8965,3,3
9528,8965,8966,18,3
9529,8966,8967,3,3
9530,8967,8968,5,3
9531,8968,8969,3,3
9532,8969,8970,7,3
9533,8970,8971,8,3
9534,8971,8972,9,3
9535,8972,8973,13,3
9536,8973,8974,38,3
9537,8974,8975,6,3
9538,8975,8976,1,3
9539,8976,8885,2,3
9540,4773,8977,8,3
9541,8977,8978,75,3
9542,8978,176,6,3
9543,176,8979,8,3
9544,8979,8980,36,3
9545,8981,8982,11,3
9546,8982,8983,19,3
9547,8983,8984,7,3
9548,8984,8985,48,3
9549,8985,8344,9,3
9550,8344,8986,6,3
9551,8986,8987,32,3
9552,8987,8988,2,3
9553,8988,8989,34,3
9554,8989,8990,55,3
9555,8990,8991,6,3
9556,8992,8993,6,3
9557,8993,8994,40,3
9558,8994,8995,121,3
9559,8995,8344,7,3
9560,8996,8997,6,3
9561,8997,8347,96,3
9562,4247,8998,7,3
9563,8998,8999,37,3
9564,8999,4287,4,3
9565,4789,9000,42,3
9566,9000,9001,62,3
9567,9001,4287,17,3
9568,7940,9002,133,3
9569,9002,4789,19,3
9570,8472,9003,8,3
9571,9003,9004,38,3
9572,9004,8107,8,3
9573,9005,9006,6,3
9574,9006,9007,2,3
9575,9007,9008,23,3
9576,9008,8472,12,3
9577,5213,9009,6,3
9578,9009,9010,50,3
9579,9010,9011,24,3
9580,9011,9012,31,3
9581,9012,9013,81,3
9582,9013,8472,6,3
9583,4291,9014,28,3
9584,9014,9015,8,3
9585,9015,4279,7,3
9586,9016,9017,27,3
9587,9017,9018,34,3
9588,9018,4279,7,3
9589,9019,9020,12,3
9590,9020,9021,24,3
9591,9021,9022,7,3
9592,9022,5213,8,3
9593,9023,9024,7,3
9594,9024,9025,5,3
9595,9025,9026,3,3
9596,9026,9027,3,3
9597,9027,9028,64,3
9598,9028,6731,65,3
9599,8712,9029,6,3
9600,9029,9030,61,3
9601,9030,9023,7,3
9602,9031,9032,1,3
9603,9032,9033,46,3
9604,9033,9034,24,3
9605,9034,9035,12,3
9606,9035,9036,54,3
9607,9036,9023,7,3
9608,9031,6731,47,3
9609,8097,259,24,3
9610,261,9037,10,3
9611,9037,9038,7,3
9612,9038,9039,165,3
9613,9039,259,8,3
9614,8665,9040,12,3
9615,9040,9041,16,3
9616,9041,9042,48,3
9617,9042,8097,9,3
9618,9043,9044,5,3
9619,9044,9045,12,3
9620,9045,9046,66,3
9621,9046,9047,9,3
9622,9047,261,2,3
9623,261,9048,10,3
9624,9048,9049,9,3
9625,9049,9050,25,3
9626,9050,9051,40,3
9627,9051,9052,15,3
9628,9052,9043,5,3
9629,9043,9053,5,3
9630,9053,9054,7,3
9631,9054,9055,10,3
9632,9055,9056,65,3
9633,9056,9057,9,3
9634,9057,261,10,3
9635,9058,9059,9,3
9636,9059,9060,2,3
9637,9060,9061,136,3
9638,9061,9062,6,3
9639,9062,261,10,3
9640,6735,9031,78,3
9641,6726,9063,5,3
9642,9063,6735,15,3
9643,9064,9065,51,3
9644,9065,9066,36,3
9645,9066,8552,8,3
9646,9058,9067,8,3
9647,9067,9068,35,3
9648,9068,9069,51,3
9649,9069,9070,3,3
9650,9070,8552,8,3
9651,9071,9072,7,3
9652,9072,9073,169,3
9653,9073,8552,8,3
9654,9074,9075,5,3
9655,9075,9064,18,3
9656,9064,9076,6,3
9657,9076,9077,92,3
9658,9077,9078,11,3
9659,8554,9079,18,3
9660,9079,9080,24,3
9661,9080,9081,1,3
9662,9081,9058,7,3
9663,9078,9082,85,3
9664,9082,9058,10,3
9665,6681,9083,9,3
9666,9083,9084,8,3
9667,9084,9085,25,3
9668,9085,9071,5,3
9669,9071,9086,8,3
9670,9086,9087,88,3
9671,9087,9088,7,3
9672,6691,9089,7,3
9673,9089,9090,57,3
9674,9090,9071,8,3
9675,9091,9092,4,3
9676,9092,9093,5,3
9677,9093,9094,16,3
9678,9094,6730,5,3
9679,6739,9095,4,3
9680,9095,9096,6,3
9681,9096,9097,9,3
9682,9097,9098,8,3
9683,9098,9099,27,3
9684,9099,9100,5,3
9685,9100,6730,7,3
9686,8405,9101,5,3
9687,9101,9102,25,3
9688,9102,9103,5,3
9689,9103,9104,9,3
9690,9105,9106,2,3
9691,9106,9107,30,3
9692,9107,9108,21,3
9693,9108,9109,22,3
9694,9109,9110,5,3
9695,9110,9104,9,3
9696,9111,9112,10,3
9697,9112,9113,15,3
9698,9113,9114,42,3
9699,9114,9115,6,3
9700,9115,9104,9,3
9701,9111,9116,10,3
9702,9116,9117,5,3
9703,9117,9118,60,3
9704,9118,9119,6,3
9705,9119,9104,9,3
9706,9120,9121,7,3
9707,9121,9122,4,3
9708,9122,9123,18,3
9709,9123,9124,3,3
9710,9124,9104,9,3
9711,6513,9125,2,3
9712,9125,9126,129,3
9713,9126,8405,5,3
9714,9127,9128,34,3
9715,9128,9105,2,3
9716,9129,9130,36,3
9717,9130,9105,2,3
9718,9131,9132,24,3
9719,9132,9133,49,3
9720,9133,9105,2,3
9721,8178,9134,52,3
9722,9134,9111,10,3
9723,8177,9135,50,3
9724,9135,9111,10,3
9725,9136,9137,31,3
9726,9137,9111,3,3
9727,8177,8742,30,3
9728,9136,9138,47,3
9729,9138,8742,6,3
9730,9139,9140,60,3
9731,9140,8742,6,3
9732,9136,8745,37,3
9733,9141,8745,23,3
9734,7247,9142,7,3
9735,9142,9143,26,3
9736,9143,9144,19,3
9737,9144,8747,5,3
9738,9139,9145,16,3
9739,9145,8747,7,3
9740,9146,9147,13,3
9741,9147,9148,69,3
9742,9148,9149,9,3
9743,9149,9150,8,3
9744,9151,9152,6,3
9745,9152,9153,1,3
9746,9153,9154,44,3
9747,9154,9155,4,3
9748,9155,9150,8,3
9749,9156,9157,13,3
9750,9157,9158,20,3
9751,9158,9159,11,3
9752,9159,9160,5,3
9753,9160,9150,8,3
9754,9161,9162,36,3
9755,9162,9150,8,3
9756,9163,9164,8,3
9757,9164,9165,18,3
9758,9165,9166,22,3
9759,9166,9167,7,3
9760,9167,9150,8,3
9761,9146,9168,13,3
9762,9168,9169,6,3
9763,9169,9170,71,3
9764,9170,9171,15,3
9765,9146,9172,13,3
9766,9172,9173,5,3
9767,9173,9174,85,3
9768,9174,9171,10,3
9769,7412,9175,8,3
9770,9175,9176,13,3
9771,9176,9177,19,3
9772,9177,9146,13,3
9773,9156,9178,8,3
9774,9178,9179,14,3
9775,9179,9180,12,3
9776,9180,9181,6,3
9777,9181,9182,7,3
9778,9182,9183,17,3
9779,9183,9184,30,3
9780,9184,9185,12,3
9781,9185,9186,4,3
9782,9186,9187,6,3
9783,9187,9146,2,3
9784,9188,9189,2,3
9785,9189,9190,5,3
9786,9190,9191,16,3
9787,9191,9192,4,3
9788,9192,9193,45,3
9789,9193,9194,5,3
9790,9194,9195,8,3
9791,9195,9196,7,3
9792,9196,9197,7,3
9793,9197,9198,19,3
9794,9198,9151,5,3
9795,9199,9200,3,3
9796,9200,9201,58,3
9797,9201,9202,9,3
9798,9202,9151,6,3
9799,9203,9204,24,3
9800,9204,9151,26,3
9801,9205,9206,7,3
9802,9206,9156,29,3
9803,4860,9207,45,3
9804,9207,9120,7,3
9805,9141,9208,52,3
9806,9208,9120,7,3
9807,9136,9209,24,3
9808,9209,9210,51,3
9809,9210,9211,5,3
9810,9211,9120,7,3
9811,9131,4860,29,3
9812,4845,9212,2,3
9813,9212,9213,39,3
9814,9213,9141,2,3
9815,9163,9214,8,3
9816,9214,9215,30,3
9817,9215,9216,14,3
9818,9216,9217,1,3
9819,9217,9218,3,3
9820,9218,9219,15,3
9821,9219,9161,13,3
9822,9171,9220,15,3
9823,9220,9221,20,3
9824,9221,9163,8,3
9825,9222,9223,6,3
9826,9223,9224,35,3
9827,9224,7989,9,3
9828,9225,9226,6,3
9829,9226,7989,50,3
9830,9227,9228,5,3
9831,9228,9229,47,3
9832,9229,7989,8,3
9833,9230,9231,8,3
9834,9231,9232,29,3
9835,9232,9222,6,3
9836,8784,9233,21,3
9837,9233,9222,7,3
9838,9234,9235,68,3
9839,9235,9222,4,3
9840,9236,9237,20,3
9841,9237,9225,7,3
9842,9238,9239,5,3
9843,9239,9240,24,3
9844,9240,9241,5,3
9845,9241,9242,6,3
9846,9242,9243,5,3
9847,9243,9244,5,3
9848,9244,9245,9,3
9849,9245,9246,8,3
9850,9246,9247,4,3
9851,9247,9225,8,3
9852,9230,9248,8,3
9853,9248,9249,9,3
9854,9249,9250,7,3
9855,9250,9251,6,3
9856,9251,9252,3,3
9857,9252,9225,8,3
9858,9253,9254,44,3
9859,9254,9227,5,3
9860,9255,9256,27,3
9861,9256,9257,5,3
9862,9257,9227,5,3
9863,7992,9258,33,3
9864,9258,9227,5,3
9865,8381,9259,3,3
9866,9259,9260,7,3
9867,9260,9261,64,3
9868,9261,9262,46,3
9869,9262,9227,5,3
9870,9263,9264,22,3
9871,9264,7416,9,3
9872,9265,9266,3,3
9873,9266,9267,24,3
9874,9267,7416,9,3
9875,9268,9263,30,3
9876,9234,9269,34,3
9877,9269,6513,15,3
9878,9127,9270,20,3
9879,9270,6513,15,3
9880,8784,9271,107,3
9881,9271,6513,15,3
9882,9272,9273,19,3
9883,9273,9234,16,3
9884,9274,9275,7,3
9885,9275,9127,110,3
9886,9276,9277,18,3
9887,9277,9278,13,3
9888,9278,9279,7,3
9889,9279,9280,8,3
9890,9280,9281,7,3
9891,9282,9283,22,3
9892,9283,9284,23,3
9893,9284,9285,21,3
9894,9285,9286,19,3
9895,9286,9287,13,3
9896,9287,9288,5,3
9897,9288,9289,9,3
9898,9289,9281,7,3
9899,9290,9291,19,3
9900,9291,9292,50,3
9901,9292,9293,24,3
9902,9293,9294,17,3
9903,9294,9295,8,3
9904,9295,9281,7,3
9905,9296,9297,6,3
9906,9297,9298,78,3
9907,9298,9299,11,3
9908,9299,9281,7,3
9909,9300,9301,10,3
9910,9301,9302,32,3
9911,9302,9303,7,3
9912,9303,9304,10,3
9913,9304,9305,10,3
9914,9305,9281,7,3
9915,9306,9307,17,3
9916,9307,9308,5,3
9917,9308,9309,4,3
9918,9309,9310,3,3
9919,9310,9311,3,3
9920,9311,9312,4,3
9921,9312,9313,4,3
9922,9313,9314,6,3
9923,9314,9315,5,3
9924,9315,9316,5,3
9925,9316,9317,5,3
9926,9317,9318,6,3
9927,9318,9276,143,3
9928,9282,9319,11,3
9929,9319,9320,22,3
9930,9320,9321,110,3
9931,9321,9322,46,3
9932,9322,9323,16,3
9933,9323,7165,3,3
9934,9324,9325,65,3
9935,9325,9326,17,3
9936,9326,9327,10,3
9937,9327,9282,9,3
9938,9328,9329,34,3
9939,9329,9330,5,3
9940,9331,9332,59,3
9941,9332,9330,5,3
9942,9333,9334,16,3
9943,9334,9335,49,3
9944,9335,9336,8,3
9945,9336,9337,68,3
9946,9337,9338,20,3
9947,9338,9330,5,3
9948,9339,9340,13,3
9949,9340,9328,30,3
9950,8554,9341,47,3
9951,9341,282,9,3
9952,9078,9342,16,3
9953,9342,9343,35,3
9954,9343,9344,3,3
9955,9344,9345,38,3
9956,9346,9347,64,3
9957,9347,9348,13,3
9958,8420,9349,9,3
9959,9349,9350,5,3
9960,9350,9351,4,3
9961,9351,9352,5,3
9962,9352,9353,12,3
9963,9353,9354,3,3
9964,9354,9348,17,3
9965,9355,9356,17,3
9966,9356,9357,12,3
9967,9357,9348,28,3
9968,9358,9346,30,3
9969,8509,9359,9,3
9970,9359,9360,6,3
9971,9360,9361,5,3
9972,9361,9362,15,3
9973,9362,9363,32,3
9974,9363,9364,17,3
9975,9364,9365,12,3
9976,9365,9346,18,3
9977,6349,9366,4,3
9978,9366,9367,43,3
9979,9367,9346,16,3
9980,8024,9368,21,3
9981,9368,9369,9,3
9982,9369,9370,24,3
9983,9370,8420,21,3
9984,9371,9372,13,3
9985,9372,9373,9,3
9986,9373,9355,44,3
9987,9374,9375,11,3
9988,9375,9376,16,3
9989,9376,9377,16,3
9990,9377,9378,30,3
9991,9378,9355,21,3
9992,8509,9379,9,3
9993,9379,9380,28,3
9994,9380,9381,16,3
9995,9381,9358,54,3
9996,9382,9383,5,3
9997,9383,9384,34,3
9998,9384,9385,9,3
9999,9385,9386,49,3
10000,9386,9358,41,3
10001,8511,9387,10,3
10002,9387,9388,10,3
10003,9388,9389,19,3
10004,9389,8509,9,3
10005,9390,9391,7,3
10006,9391,9392,10,3
10007,9392,9393,14,3
10008,9393,8509,9,3
10009,9394,9395,28,3
10010,9395,9396,10,3
10011,9396,9397,20,3
10012,9397,6349,5,3
10013,9398,6357,41,3
10014,6106,9399,14,3
10015,9399,9400,11,3
10016,9400,9401,28,3
10017,9401,9394,13,3
10018,5781,9402,4,3
10019,9402,5649,32,3
10020,5963,9403,7,3
10021,9403,9404,4,3
10022,9404,5649,62,3
10023,9405,9406,1,3
10024,9406,9407,10,3
10025,9407,5781,11,3
10026,5963,9408,7,3
10027,9408,5651,138,3
10028,7872,9409,5,3
10029,9409,9410,61,3
10030,9410,9411,6,3
10031,9411,5963,7,3
10032,9412,9413,10,3
10033,9413,9414,6,3
10034,9414,9415,30,3
10035,9415,5791,37,3
10036,6770,9416,11,3
10037,9416,9417,6,3
10038,9417,9418,5,3
10039,9418,9419,6,3
10040,9419,5791,21,3
10041,9331,9420,40,3
10042,9420,9412,36,3
10043,6770,9421,22,3
10044,9421,9422,17,3
10045,9422,9412,10,3
10046,7858,7872,72,3
10047,8511,9423,3,3
10048,9423,9424,70,3
10049,9424,6106,14,3
10050,6347,9425,40,3
10051,9425,6106,13,3
10052,9426,9427,9,3
10053,9427,9428,21,3
10054,9428,9429,8,3
10055,9429,6106,13,3
10056,9430,9431,8,3
10057,9431,9432,89,3
10058,9432,5788,24,3
10059,9433,9434,5,3
10060,9434,9435,40,3
10061,9435,9436,6,3
10062,9436,9437,7,3
10063,9437,9438,22,3
10064,9438,9439,44,3
10065,9439,9440,7,3
10066,9440,5788,9,3
10067,9331,9441,34,3
10068,9441,9442,8,3
10069,9405,9443,5,3
10070,9443,9442,43,3
10071,9444,9331,38,3
10072,9444,9445,14,3
10073,9445,9405,46,3
10074,9446,6113,25,3
10075,6122,9447,11,3
10076,9447,9448,56,3
10077,9448,9449,2,3
10078,9449,6113,7,3
10079,6767,9450,23,3
10080,9450,9451,29,3
10081,9451,6116,15,3
10082,9452,9453,6,3
10083,9453,9454,3,3
10084,9454,6116,18,3
10085,9333,9455,27,3
10086,9455,6767,20,3
10087,9446,9456,8,3
10088,9456,9457,5,3
10089,9457,9458,14,3
10090,9458,6767,26,3
10091,9459,9460,5,3
10092,9460,9333,18,3
10093,6766,9461,65,3
10094,9461,9446,11,3
10095,9462,9463,65,3
10096,9463,9464,6,3
10097,9464,9446,8,3
10098,9465,8508,33,3
10099,8278,8508,123,3
10100,6122,9466,9,3
10101,9466,9467,68,3
10102,9467,8508,16,3
10103,9468,9469,20,3
10104,9469,9465,22,3
10105,9470,9471,56,3
10106,9471,9472,20,3
10107,9472,9465,42,3
10108,9470,8278,20,3
10109,8248,9473,7,3
10110,9473,9474,12,3
10111,9474,8278,91,3
10112,9462,6122,50,3
10113,9475,9476,25,3
10114,9476,9477,12,3
10115,9478,9479,6,3
10116,9479,9480,7,3
10117,9480,9481,19,3
10118,9481,9477,12,3
10119,8654,9482,8,3
10120,9482,9483,16,3
10121,9483,9477,13,3
10122,9484,9485,4,3
10123,9485,9475,26,3
10124,9486,9478,34,3
10125,9487,9488,69,3
10126,9488,9478,7,3
10127,9489,9490,80,3
10128,9490,8655,143,3
10129,9491,9492,45,3
10130,9492,8655,18,3
10131,9493,9494,4,3
10132,9494,9495,118,3
10133,9495,9468,20,3
10134,9496,9497,33,3
10135,9497,9468,10,3
10136,9468,9498,8,3
10137,9498,9499,52,3
10138,9499,9500,7,3
10139,9500,9501,25,3
10140,9501,9502,7,3
10141,9468,9503,20,3
10142,9503,9502,83,3
10143,9504,9505,21,3
10144,9505,9506,40,3
10145,9506,9468,20,3
10146,9507,9508,42,3
10147,9508,9493,4,3
10148,9470,9509,22,3
10149,9509,9493,4,3
10150,9510,9511,9,3
10151,9511,9512,83,3
10152,9512,9493,4,3
10153,9513,9514,6,3
10154,9514,9515,43,3
10155,9515,9516,9,3
10156,9433,9517,5,3
10157,9517,9518,13,3
10158,9518,9519,22,3
10159,9519,9520,21,3
10160,9520,9521,9,3
10161,9521,9516,9,3
10162,6739,9522,7,3
10163,9522,9523,13,3
10164,9523,9524,9,3
10165,9524,9516,9,3
10166,9091,9525,10,3
10167,9525,9526,16,3
10168,9526,9527,14,3
10169,9527,9528,15,3
10170,9528,9529,13,3
10171,9529,9516,9,3
10172,9091,9530,9,3
10173,9530,9531,63,3
10174,9531,9513,7,3
10175,9430,9532,7,3
10176,9532,9513,51,3
10177,9533,9534,9,3
10178,9534,9535,43,3
10179,9535,9536,24,3
10180,9536,9513,7,3
10181,9430,9537,8,3
10182,9537,9538,48,3
10183,9538,9433,5,3
10184,9539,9540,3,3
10185,9540,9541,15,3
10186,9541,9542,13,3
10187,9542,9433,5,3
10188,9543,9544,81,3
10189,9544,9545,4,3
10190,9545,9091,8,3
10191,9546,9547,99,3
10192,9547,9548,1,3
10193,9548,9430,7,3
10194,9549,9550,25,3
10195,9550,9533,14,3
10196,9543,9551,6,3
10197,9551,9552,48,3
10198,9552,9533,67,3
10199,9553,9554,6,3
10200,9554,9555,15,3
10201,9556,9557,41,3
10202,9557,9558,4,3
10203,9558,9555,5,3
10204,9559,9560,13,3
10205,9560,9561,9,3
10206,9561,9562,25,3
10207,9562,9555,5,3
10208,9563,9564,98,3
10209,9564,9553,8,3
10210,9565,9566,5,3
10211,9566,9567,11,3
10212,9567,9568,82,3
10213,9568,9569,12,3
10214,9569,9570,9,3
10215,9570,9571,12,3
10216,9571,9572,15,3
10217,9572,9553,7,3
10218,9559,9573,7,3
10219,9573,9574,26,3
10220,9574,9553,10,3
10221,9575,9576,50,3
10222,9576,9577,10,3
10223,9577,9556,49,3
10224,9578,9579,8,3
10225,9579,9580,7,3
10226,9580,9581,91,3
10227,9581,9556,6,3
10228,7187,9582,11,3
10229,9582,9583,15,3
10230,9583,9584,68,3
10231,9584,9585,94,3
10232,9585,9586,26,3
10233,9586,9559,19,3
10234,9587,9588,4,3
10235,9588,9589,16,3
10236,9589,9590,20,3
10237,9590,9591,22,3
10238,9591,9592,31,3
10239,9592,9593,19,3
10240,9593,9594,7,3
10241,9594,9595,6,3
10242,9595,9596,9,3
10243,9596,9597,10,3
10244,9597,9598,3,3
10245,9598,9599,33,3
10246,9599,9600,21,3
10247,9600,9601,21,3
10248,9601,9602,17,3
10249,9602,9587,4,3
10250,9603,9604,60,3
10251,9604,9587,4,3
10252,9587,9605,4,3
10253,9605,9606,15,3
10254,9606,9607,23,3
10255,9607,9608,21,3
10256,9608,9609,15,3
10257,9609,9610,22,3
10258,9610,9611,18,3
10259,9611,9587,4,3
10260,9612,9613,24,3
10261,9613,9614,103,3
10262,9614,9594,7,3
10263,9615,9616,84,3
10264,9616,9594,6,3
10265,9617,9618,105,3
10266,9618,9594,6,3
10267,9594,9619,6,3
10268,9619,9620,12,3
10269,9620,9621,18,3
10270,9622,9623,162,3
10271,9623,9594,7,3
10272,9624,9625,11,3
10273,9625,9626,19,3
10274,9626,9594,7,3
10275,9627,9628,35,3
10276,9629,9628,38,3
10277,9630,9631,57,3
10278,9631,9628,43,3
10279,9632,9627,25,3
10280,9633,9634,8,3
10281,9634,9635,6,3
10282,9635,9636,42,3
10283,9636,9627,44,3
10284,9637,9629,35,3
10285,9638,9639,91,3
10286,9639,9640,35,3
10287,9640,9641,41,3
10288,9641,9642,86,3
10289,9642,9643,25,3
10290,9643,9629,20,3
10291,9633,9644,8,3
10292,9644,9630,34,3
10293,9645,9646,73,3
10294,9646,9630,94,3
10295,9647,9648,51,3
10296,9648,9649,27,3
10297,9649,9650,34,3
10298,9650,9651,31,3
10299,9651,9652,19,3
10300,9652,9653,56,3
10301,9653,7187,6,3
10302,9654,9603,76,3
10303,9655,9603,147,3
10304,9615,9654,134,3
10305,9656,9657,74,3
10306,9657,9654,7,3
10307,9647,9658,58,3
10308,9658,9654,102,3
10309,9647,9655,99,3
10310,9659,9660,5,3
10311,9660,9661,6,3
10312,9661,9662,6,3
10313,9662,9655,57,3
10314,9663,9507,87,3
10315,9664,9665,10,3
10316,9665,9507,68,3
10317,9502,9666,15,3
10318,9666,9507,10,3
10319,9667,9496,88,3
10320,9462,9496,61,3
10321,9546,9667,60,3
10322,9504,9667,42,3
10323,9510,9668,7,3
10324,9668,9669,29,3
10325,9669,8248,8,3
10326,6067,9670,23,3
10327,9670,9671,4,3
10328,9671,9672,10,3
10329,9672,9673,5,3
10330,9673,8248,7,3
10331,9398,6355,39,3
10332,9674,9675,40,3
10333,9675,9676,34,3
10334,9676,6355,36,3
10335,6681,9677,9,3
10336,9677,9678,174,3
10337,9678,2661,8,3
10338,9679,9680,5,3
10339,9680,2661,70,3
10340,6650,9681,103,3
10341,9681,2644,8,3
10342,9539,9682,36,3
10343,9682,2644,9,3
10344,5642,9683,102,3
10345,9683,9684,11,3
10346,9684,2644,28,3
10347,7490,9685,81,3
10348,9685,5009,9,3
10349,5011,9686,2,3
10350,9686,7490,45,3
10351,9687,9688,39,3
10352,9688,9689,22,3
10353,9689,9690,12,3
10354,9690,9691,17,3
10355,9691,9692,13,3
10356,9692,9693,18,3
10357,9693,9694,45,3
10358,9694,9695,32,3
10359,9695,9696,96,3
10360,9696,9697,12,3
10361,9697,9698,7,3
10362,9698,9699,7,3
10363,9699,9700,12,3
10364,9700,9701,8,3
10365,9701,1490,8,3
10366,4773,9702,8,3
10367,9702,9703,53,3
10368,9703,173,10,3
10369,4822,9704,22,3
10370,9704,4773,8,3
10371,8980,9705,24,3
10372,9705,4293,5,3
10373,4822,9706,8,3
10374,9706,9707,69,3
10375,9707,8980,8,3
10376,9708,9709,5,3
10377,9709,9710,8,3
10378,9710,9711,3,3
10379,9711,9712,14,3
10380,9712,9713,17,3
10381,9713,9714,26,3
10382,9714,9715,16,3
10383,9715,9716,1,3
10384,9716,9717,12,3
10385,9717,9718,3,3
10386,9719,9720,10,3
10387,9720,9721,4,3
10388,9721,9722,16,3
10389,9722,9723,11,3
10390,9723,9724,36,3
10391,9724,9718,3,3
10392,9725,9726,85,3
10393,9726,9718,3,3
10394,6598,9727,8,3
10395,9727,9728,46,3
10396,9728,9718,3,3
10397,8712,9729,5,3
10398,9729,9730,36,3
10399,9730,9731,39,3
10400,9731,9732,5,3
10401,9732,9733,5,3
10402,9733,9734,146,3
10403,9734,9735,5,3
10404,9735,9708,5,3
10405,9725,9736,40,3
10406,9736,9708,5,3
10407,9737,9738,31,3
10408,9738,9739,41,3
10409,9739,9740,4,3
10410,9740,9708,5,3
10411,6246,9741,18,3
10412,9741,9719,11,3
10413,8267,9742,1,3
10414,9742,9743,4,3
10415,9743,9744,46,3
10416,9744,9745,29,3
10417,9745,9746,28,3
10418,9746,9747,8,3
10419,9747,9748,78,3
10420,9748,9719,14,3
10421,9539,9749,3,3
10422,9749,9750,7,3
10423,9750,9751,12,3
10424,9751,9752,17,3
10425,9752,9753,10,3
10426,9753,9754,13,3
10427,9754,9755,11,3
10428,9755,9756,35,3
10429,9756,9757,6,3
10430,9757,6739,6,3
10431,5125,9758,38,3
10432,9758,9759,8,3
10433,9759,9760,8,3
10434,9760,9761,48,3
10435,9761,9762,33,3
10436,9762,9763,39,3
10437,9763,9764,19,3
10438,9764,9765,20,3
10439,9765,9766,15,3
10440,9767,9768,37,3
10441,9768,9769,51,3
10442,9769,9770,7,3
10443,9770,9771,27,3
10444,9771,9772,27,3
10445,9772,9773,11,3
10446,9773,9766,10,3
10447,5125,9774,41,3
10448,9774,9775,9,3
10449,5111,9767,30,3
10450,5836,9776,4,3
10451,9776,9777,15,3
10452,9777,9767,8,3
10453,9778,9779,9,3
10454,9779,9780,126,3
10455,9780,9781,4,3
10456,9781,9782,5,3
10457,9783,9784,115,3
10458,9784,9782,35,3
10459,9785,9786,52,3
10460,9786,9787,57,3
10461,9787,9788,74,3
10462,9788,9789,29,3
10463,9789,9790,43,3
10464,9790,9791,38,3
10465,9791,9792,12,3
10466,9792,9782,6,3
10467,9074,9793,8,3
10468,9793,9794,46,3
10469,9794,9778,10,3
10470,9795,9796,22,3
10471,9796,9797,5,3
10472,9797,9798,6,3
10473,9798,9799,12,3
10474,9799,9800,6,3
10475,9800,9801,4,3
10476,9801,9802,8,3
10477,9802,9803,1,3
10478,9803,9804,67,3
10479,9804,9805,4,3
10480,9805,9806,3,3
10481,9806,9807,4,3
10482,9807,9808,3,3
10483,9808,9778,4,3
10484,9809,9810,6,3
10485,9810,9783,18,3
10486,8594,9785,73,3
10487,9811,9812,69,3
10488,9812,9785,23,3
10489,7863,9679,137,3
10490,9813,9679,201,3
10491,9814,9815,7,3
10492,9815,9816,5,3
10493,9816,9679,30,3
10494,9817,7863,44,3
10495,6681,9818,9,3
10496,9818,9819,7,3
10497,9819,9813,67,3
10498,9820,9821,5,3
10499,9821,9813,17,3
10500,9822,9814,27,3
10501,9823,9814,198,3
10502,9817,9814,136,3
10503,9824,9822,200,3
10504,9825,9826,43,3
10505,9826,9822,187,3
10506,9823,9824,26,3
10507,9795,9827,17,3
10508,9827,9828,9,3
10509,9828,9829,40,3
10510,9829,9824,34,3
10511,9830,9831,28,3
10512,9831,9825,162,3
10513,9832,9833,24,3
10514,9833,9825,30,3
10515,9820,9834,5,3
10516,9834,9823,14,3
10517,9088,9835,6,3
10518,9835,9836,11,3
10519,9836,9837,2,3
10520,9837,9838,3,3
10521,9838,9839,4,3
10522,9839,9820,8,3
10523,9840,9841,6,3
10524,9841,7858,70,3
10525,7860,9840,140,3
10526,9830,9840,42,3
10527,9842,7860,42,3
10528,9832,9830,116,3
10529,9843,9809,39,3
10530,5631,9844,6,3
10531,9844,9845,29,3
10532,9845,9846,55,3
10533,9846,9847,42,3
10534,9847,9848,5,3
10535,9848,9849,25,3
10536,9849,9850,15,3
10537,9850,9851,10,3
10538,9851,9852,22,3
10539,9852,9853,37,3
10540,9853,9809,5,3
10541,5437,9843,57,3
10542,9854,9855,6,3
10543,9855,9856,33,3
10544,9856,9857,22,3
10545,9857,9858,19,3
10546,9858,9859,19,3
10547,9859,9860,2,3
10548,9860,9843,2,3
10549,9861,9862,32,3
10550,9862,5631,6,3
10551,9854,9863,5,3
10552,9863,9864,23,3
10553,9864,9865,14,3
10554,9865,9866,13,3
10555,9866,9867,8,3
10556,9867,9868,15,3
10557,9868,9869,5,3
10558,9869,9870,7,3
10559,9870,9871,27,3
10560,9871,9872,6,3
10561,9872,5631,6,3
10562,9873,9874,40,3
10563,9874,9875,15,3
10564,9875,9876,6,3
10565,9876,5631,6,3
10566,9854,9877,27,3
10567,9877,9878,17,3
10568,9878,9879,20,3
10569,9879,9880,13,3
10570,9880,9881,19,3
10571,9881,9882,1,3
10572,9882,5437,4,3
10573,9883,9884,3,3
10574,9884,9885,19,3
10575,9885,9886,13,3
10576,9886,9887,10,3
10577,9887,9888,9,3
10578,9888,9889,6,3
10579,9889,9890,7,3
10580,9890,9891,6,3
10581,9891,9892,6,3
10582,9892,9893,16,3
10583,9893,5431,4,3
10584,9894,9895,35,3
10585,9895,5431,4,3
10586,9896,9897,7,3
10587,9897,9898,11,3
10588,9898,9899,10,3
10589,9899,9900,9,3
10590,9900,5431,4,3
10591,9883,9901,3,3
10592,9901,9902,4,3
10593,9902,9903,36,3
10594,9903,5246,8,3
10595,9904,9894,35,3
10596,9905,9906,34,3
10597,9906,9907,16,3
10598,9907,9894,30,3
10599,9908,9896,71,3
10600,9908,9904,35,3
10601,9909,9910,9,3
10602,9910,9911,13,3
10603,9911,9912,11,3
10604,9912,9913,23,3
10605,9913,9914,10,3
10606,9914,9904,24,3
10607,5420,9915,8,3
10608,9915,9916,19,3
10609,9916,9908,4,3
10610,9917,9918,10,3
10611,9918,9919,13,3
10612,9919,9908,31,3
10613,9905,9920,23,3
10614,9920,9921,21,3
10615,9921,9922,6,3
10616,9922,9909,9,3
10617,9923,9924,16,3
10618,9924,9925,24,3
10619,9925,9909,9,3
10620,9917,9926,14,3
10621,9926,9927,7,3
10622,9927,9928,25,3
10623,9928,9929,8,3
10624,9929,9930,15,3
10625,9930,9931,10,3
10626,9931,9932,16,3
10627,9932,9933,19,3
10628,9933,9934,12,3
10629,9934,9935,3,3
10630,9935,9909,9,3
10631,9936,9937,2,3
10632,9937,9938,12,3
10633,9938,5688,23,3
10634,5691,9939,75,3
10635,9939,5688,5,3
10636,9940,9941,10,3
10637,9941,9942,17,3
10638,9942,9936,2,3
10639,9943,9944,4,3
10640,9944,9945,3,3
10641,9945,9946,69,3
10642,9946,9936,2,3
10643,9943,9947,4,3
10644,9947,9948,7,3
10645,9948,9949,10,3
10646,9949,9950,16,3
10647,9950,9951,7,3
10648,9951,9952,70,3
10649,9952,9953,36,3
10650,9953,9936,2,3
10651,9943,9954,4,3
10652,9954,5691,27,3
10653,9955,9956,13,3
10654,9956,9957,15,3
10655,9957,9958,15,3
10656,9958,9959,14,3
10657,9959,9960,26,3
10658,9960,9961,110,3
10659,9961,9962,17,3
10660,9962,9963,15,3
10661,9963,9940,2,3
10662,9964,9965,1,3
10663,9965,9966,6,3
10664,9966,9967,9,3
10665,9967,9968,27,3
10666,9968,9969,6,3
10667,9969,9970,13,3
10668,9970,9971,10,3
10669,9971,9972,13,3
10670,9972,9940,19,3
10671,9973,9974,8,3
10672,9974,9975,137,3
10673,9975,9976,25,3
10674,9976,9977,22,3
10675,9977,9978,30,3
10676,9978,9979,55,3
10677,9980,9981,10,3
10678,9981,9982,20,3
10679,9982,9983,15,3
10680,9983,9984,25,3
10681,9984,9985,66,3
10682,9985,9986,22,3
10683,9986,9987,14,3
10684,9987,9988,10,3
10685,9988,9989,18,3
10686,9989,9990,17,3
10687,9990,9991,10,3
10688,9991,9992,15,3
10689,9992,9993,17,3
10690,9993,9994,17,3
10691,9994,9995,20,3
10692,9995,9996,97,3
10693,9996,9997,22,3
10694,9997,9998,21,3
10695,9998,9999,17,3
10696,9999,10000,38,3
10697,10000,10001,22,3
10698,10001,10002,22,3
10699,10002,10003,28,3
10700,10003,10004,25,3
10701,10004,10005,44,3
10702,10005,10006,32,3
10703,10006,10007,19,3
10704,10007,10008,17,3
10705,10008,10009,20,3
10706,10009,10010,20,3
10707,10010,10011,21,3
10708,10011,10012,23,3
10709,10012,9979,49,3
10710,10013,10014,7,3
10711,10014,10015,21,3
10712,10015,10016,26,3
10713,10016,10017,12,3
10714,10017,10018,10,3
10715,10018,10019,30,3
10716,10019,10020,6,3
10717,10020,10021,4,3
10718,10021,10022,6,3
10719,10022,10023,7,3
10720,10023,10024,93,3
10721,10024,10025,14,3
10722,10025,10026,11,3
10723,10026,10027,37,3
10724,10027,10028,16,3
10725,10028,10029,13,3
10726,10029,10030,43,3
10727,10030,10031,16,3
10728,10031,10032,16,3
10729,10032,10033,32,3
10730,10033,10034,8,3
10731,10034,10035,7,3
10732,10035,9979,6,3
10733,9955,10036,2,3
10734,10036,10037,11,3
10735,10037,10038,16,3
10736,10038,10039,14,3
10737,10039,10040,16,3
10738,10040,10041,13,3
10739,10041,9973,28,3
10740,10042,10043,7,3
10741,10043,10044,9,3
10742,10044,10045,19,3
10743,10045,10046,23,3
10744,10046,9973,7,3
10745,10047,10048,11,3
10746,10048,10049,27,3
10747,10049,10050,30,3
10748,10050,10051,10,3
10749,10051,9980,8,3
10750,10047,10052,11,3
10751,10052,10053,7,3
10752,10053,10054,3,3
10753,10054,10055,4,3
10754,10055,10056,3,3
10755,10056,10057,11,3
10756,10057,10058,11,3
10757,10058,10059,12,3
10758,10059,10060,15,3
10759,10060,10061,11,3
10760,10061,10062,5,3
10761,10062,9980,6,3
10762,4312,10063,31,3
10763,10064,10065,7,3
10764,10065,10063,43,3
10765,10066,10067,8,3
10766,10067,10068,28,3
10767,10068,10069,5,3
10768,10069,10070,4,3
10769,10070,10071,6,3
10770,10071,10063,50,3
10771,10072,10073,27,3
10772,10073,4312,19,3
10773,2217,10074,9,3
10774,10074,4312,45,3
10775,8587,10075,31,3
10776,10075,10064,6,3
10777,10072,10076,6,3
10778,10076,10077,24,3
10779,10077,10064,7,3
10780,10078,10079,3,3
10781,10079,10080,37,3
10782,10080,10064,7,3
10783,10081,10082,9,3
10784,10082,10083,40,3
10785,10083,10066,9,3
10786,7867,10084,4,3
10787,10084,10085,5,3
10788,10085,9817,51,3
10789,9842,10086,5,3
10790,10086,10087,42,3
10791,10087,10088,7,3
10792,10088,7867,3,3
10793,10089,10090,5,3
10794,10090,10091,6,3
10795,10091,10092,163,3
10796,10092,10093,3,3
10797,10093,7867,16,3
10798,9549,9546,46,3
10799,6598,10094,3,3
10800,10094,10095,5,3
10801,10095,10096,21,3
10802,10096,10097,9,3
10803,10097,10098,18,3
10804,10098,10099,5,3
10805,10099,6246,6,3
10806,10100,10101,17,3
10807,10101,10102,17,3
10808,10102,10103,17,3
10809,10103,10104,5,3
10810,10104,10105,4,3
10811,10105,10106,4,3
10812,10106,10107,13,3
10813,10107,10108,4,3
10814,10108,10109,4,3
10815,10109,10110,15,3
10816,10110,6246,8,3
10817,10111,10112,54,3
10818,10112,8267,1,3
10819,10113,10114,9,3
10820,10114,8586,26,3
10821,10113,8587,43,3
10822,9074,10115,7,3
10823,10115,10116,1,3
10824,10116,10117,111,3
10825,10117,10118,74,3
10826,10118,9088,12,3
10827,10119,10120,24,3
10828,8154,10121,50,3
10829,10121,10120,7,3
10830,10122,10123,3,3
10831,10123,10124,25,3
10832,10124,10120,18,3
10833,10125,10126,10,3
10834,10126,10119,21,3
10835,8156,10127,2,3
10836,10127,10119,70,3
10837,10128,8154,30,3
10838,10129,10130,16,3
10839,10130,10122,30,3
10840,10131,10122,41,3
10841,10132,10133,1,3
10842,10133,10134,3,3
10843,10134,10135,1,3
10844,10135,10136,1,3
10845,10136,10137,2,3
10846,10137,10138,2,3
10847,10138,10139,7,3
10848,10139,10140,3,3
10849,10140,10141,8,3
10850,10141,10142,1,3
10851,10142,10143,1,3
10852,10143,10144,2,3
10853,10144,10145,2,3
10854,10145,10122,2,3
10855,10146,10147,11,3
10856,10147,10148,12,3
10857,10148,10149,24,3
10858,10150,10151,27,3
10859,10151,10152,4,3
10860,10152,10153,6,3
10861,10153,10154,14,3
10862,10154,10155,4,3
10863,10155,10156,4,3
10864,10156,10149,8,3
10865,10157,10158,39,3
10866,10158,10149,3,3
10867,10159,10160,4,3
10868,10160,10161,112,3
10869,10161,10146,11,3
10870,10162,10163,11,3
10871,10163,10164,20,3
10872,10164,10146,11,3
10873,10165,10166,17,3
10874,10166,10167,11,3
10875,10167,10168,16,3
10876,10168,10146,2,3
10877,10169,10150,41,3
10878,10170,10171,5,3
10879,10171,10172,43,3
10880,10172,10150,5,3
10881,10173,10174,6,3
10882,10174,10175,4,3
10883,10175,10157,42,3
10884,10169,10176,2,3
10885,10176,10177,32,3
10886,10177,10178,5,3
10887,10178,10179,7,3
10888,10179,10180,1,3
10889,10180,10181,1,3
10890,10181,10182,3,3
10891,10182,10183,1,3
10892,10183,10184,4,3
10893,10184,10185,12,3
10894,10185,10186,16,3
10895,10186,10187,4,3
10896,10187,10188,4,3
10897,10188,10189,2,3
10898,10189,10190,8,3
10899,10190,10191,2,3
10900,10191,10192,2,3
10901,10192,10157,40,3
10902,9374,9371,84,3
10903,10193,9371,56,3
10904,8414,10194,4,3
10905,10194,9374,20,3
10906,10195,10196,41,3
10907,10193,10196,37,3
10908,10197,10196,46,3
10909,10198,10199,57,3
10910,10199,10196,6,3
10911,10200,10201,6,3
10912,10201,10202,5,3
10913,10202,10203,8,3
10914,10203,10195,24,3
10915,10204,10193,60,3
10916,10205,10193,97,3
10917,10206,10197,44,3
10918,10207,10208,8,3
10919,10208,10197,66,3
10920,10204,10198,36,3
10921,10209,10198,72,3
10922,10204,10210,48,3
10923,10210,9382,5,3
10924,10211,10212,18,3
10925,10212,10213,71,3
10926,10213,10214,21,3
10927,10214,9382,5,3
10928,10215,10216,6,3
10929,10216,10217,25,3
10930,10217,10218,20,3
10931,10218,9382,5,3
10932,10209,10211,45,3
10933,10219,10220,37,3
10934,10220,10221,6,3
10935,10221,10211,57,3
10936,10222,10223,36,3
10937,10223,10224,37,3
10938,10224,10225,1,3
10939,10225,8138,7,3
10940,8158,10226,6,3
10941,10226,10227,8,3
10942,10227,8138,79,3
10943,8145,10228,8,3
10944,10228,10229,30,3
10945,10229,8140,4,3
10946,10222,10230,9,3
10947,10230,10231,7,3
10948,10231,10232,17,3
10949,10232,8140,4,3
10950,10233,10234,47,3
10951,10234,10235,9,3
10952,10235,8140,4,3
10953,8029,8024,47,3
10954,10236,10237,33,3
10955,10238,10239,12,3
10956,10239,10237,93,3
10957,10240,10241,3,3
10958,10241,10237,42,3
10959,10242,10236,34,3
10960,10243,10236,51,3
10961,10244,10245,78,3
10962,10245,10238,12,3
10963,10246,10247,3,3
10964,10247,10248,2,3
10965,10248,10249,3,3
10966,10249,10250,6,3
10967,10250,10251,6,3
10968,10251,10238,12,3
10969,10252,10253,13,3
10970,10253,10254,5,3
10971,10254,10255,2,3
10972,10255,10256,44,3
10973,10256,10257,44,3
10974,10257,10258,24,3
10975,10258,10259,60,3
10976,10259,10260,54,3
10977,10260,10261,4,3
10978,10261,10262,2,3
10979,10262,10263,15,3
10980,10263,10264,2,3
10981,10264,10265,3,3
10982,10265,10266,26,3
10983,10266,10267,92,3
10984,10267,10268,7,3
10985,10268,10238,3,3
10986,10269,10270,5,3
10987,10270,10271,109,3
10988,10271,10272,6,3
10989,10272,10238,3,3
10990,10269,10273,5,3
10991,10273,10274,4,3
10992,10274,10275,4,3
10993,10275,10276,2,3
10994,10276,10277,1,3
10995,10277,10278,102,3
10996,10278,10279,5,3
10997,10279,10238,12,3
10998,10280,10281,11,3
10999,10281,10282,18,3
11000,10282,10283,3,3
11001,10283,10238,12,3
11002,10243,10284,21,3
11003,10284,10240,13,3
11004,10285,10286,36,3
11005,10286,10240,6,3
11006,10246,10287,18,3
11007,10287,10288,3,3
11008,10288,10289,55,3
11009,10289,10290,16,3
11010,10290,10240,4,3
11011,6437,8148,35,3
11012,10128,10291,1,3
11013,10291,10292,15,3
11014,10292,8148,8,3
11015,10173,10293,6,3
11016,10293,8149,80,3
11017,10294,10295,2,3
11018,10295,10296,27,3
11019,10296,8149,2,3
11020,10294,10297,15,3
11021,10297,10298,30,3
11022,10298,8151,4,3
11023,10299,10300,8,3
11024,10300,10301,37,3
11025,10301,8151,4,3
11026,10302,10303,30,3
11027,10303,8151,4,3
11028,10304,8156,30,3
11029,9398,10305,61,3
11030,10305,9674,21,3
11031,10207,10306,8,3
11032,10306,10307,39,3
11033,10242,10307,39,3
11034,10206,10308,9,3
11035,10308,10307,75,3
11036,10200,10309,12,3
11037,10309,10310,19,3
11038,10310,10207,8,3
11039,10311,10242,60,3
11040,10205,10206,43,3
11041,10312,10313,32,3
11042,10313,10173,6,3
11043,10314,10315,90,3
11044,10315,10316,4,3
11045,10316,10173,6,3
11046,10317,10318,2,3
11047,10318,10319,9,3
11048,10319,10320,2,3
11049,10320,10321,2,3
11050,10321,10322,45,3
11051,10322,10173,6,3
11052,10317,10323,3,3
11053,10323,10324,44,3
11054,10324,10173,6,3
11055,10304,10312,30,3
11056,10325,10326,85,3
11057,10326,10312,2,3
11058,10280,10327,6,3
11059,10327,10314,26,3
11060,10325,10328,29,3
11061,10328,10314,5,3
11062,8414,10329,4,3
11063,10329,10205,57,3
11064,10330,10331,9,3
11065,10331,10332,63,3
11066,10332,10333,3,3
11067,10333,10334,4,3
11068,10334,8158,6,3
11069,10244,10335,47,3
11070,10335,10336,3,3
11071,10336,10337,1,3
11072,10337,10338,4,3
11073,10338,8158,6,3
11074,10339,10340,6,3
11075,10340,10341,45,3
11076,10341,10342,4,3
11077,10342,10330,14,3
11078,10222,10343,46,3
11079,10343,10330,8,3
11080,10344,10345,13,3
11081,10345,10346,56,3
11082,10346,8414,4,3
11083,10269,10347,5,3
11084,10347,10348,67,3
11085,10348,10349,12,3
11086,10349,10350,173,3
11087,10350,10351,7,3
11088,10351,8414,4,3
11089,10339,10352,5,3
11090,10352,10353,71,3
11091,10353,10354,3,3
11092,10354,10355,5,3
11093,10355,10252,3,3
11094,10356,10357,3,3
11095,10357,10358,80,3
11096,10358,10359,8,3
11097,10359,10252,3,3
11098,10356,10360,3,3
11099,10360,10361,11,3
11100,10361,10362,19,3
11101,10362,10363,12,3
11102,10363,10364,6,3
11103,10364,10365,33,3
11104,10365,10366,5,3
11105,10366,10252,13,3
11106,10367,10368,22,3
11107,10368,10369,11,3
11108,10369,10370,3,3
11109,10370,10252,13,3
11110,10371,10372,1,3
11111,10372,10373,4,3
11112,10373,10374,71,3
11113,10374,10375,83,3
11114,10375,10376,7,3
11115,10376,10252,13,3
11116,10377,10378,7,3
11117,10378,10379,33,3
11118,10379,10380,33,3
11119,10380,10381,8,3
11120,10381,10252,13,3
11121,10382,10383,8,3
11122,10383,10384,34,3
11123,10384,10385,7,3
11124,10385,10252,13,3
11125,10377,10386,19,3
11126,10386,10387,2,3
11127,10387,10339,5,3
11128,10356,10388,3,3
11129,10388,10389,3,3
11130,10389,10390,72,3
11131,10390,10371,14,3
11132,10356,10391,3,3
11133,10391,10392,72,3
11134,10392,10393,4,3
11135,10393,10371,6,3
11136,10394,10395,3,3
11137,10395,10396,8,3
11138,10396,10397,8,3
11139,10397,10398,11,3
11140,10398,10356,3,3
11141,10399,10400,117,3
11142,10400,10299,8,3
11143,10162,10401,9,3
11144,10401,10402,26,3
11145,10402,10299,8,3
11146,10162,10403,12,3
11147,10403,10404,31,3
11148,10404,10299,8,3
11149,10405,10406,30,3
11150,10406,10299,8,3
11151,10407,10399,30,3
11152,10408,10399,31,3
11153,10407,10409,117,3
11154,10409,10162,9,3
11155,10294,10410,15,3
11156,10410,10411,46,3
11157,10411,10162,12,3
11158,8399,10412,2,3
11159,10412,10405,28,3
11160,10302,10413,49,3
11161,10413,10405,5,3
11162,10408,10414,113,3
11163,10414,10405,5,3
11164,10415,10219,47,3
11165,6058,10416,4,3
11166,10416,10219,113,3
11167,10417,10415,32,3
11168,10418,10415,22,3
11169,6073,10419,5,3
11170,10419,10420,16,3
11171,10420,6058,7,3
11172,10421,10422,29,3
11173,10422,10423,16,3
11174,10423,10170,4,3
11175,10367,10424,4,3
11176,10424,10425,6,3
11177,10425,10426,3,3
11178,10426,10427,3,3
11179,10427,10428,8,3
11180,10428,10429,9,3
11181,10429,10430,6,3
11182,10430,10431,10,3
11183,10431,10432,3,3
11184,10432,10170,4,3
11185,10433,10421,63,3
11186,10159,10434,4,3
11187,10434,10435,13,3
11188,10435,10421,18,3
11189,10436,10437,5,3
11190,10437,10438,19,3
11191,10438,10367,5,3
11192,10439,10440,23,3
11193,10440,10441,23,3
11194,10441,10442,27,3
11195,10442,10443,22,3
11196,10443,10367,5,3
11197,10159,10444,4,3
11198,10444,10445,19,3
11199,10445,10446,8,3
11200,10446,10407,6,3
11201,8201,10447,5,3
11202,10447,10408,29,3
11203,10448,10449,20,3
11204,10449,10408,2,3
11205,8160,10450,4,3
11206,10450,10451,10,3
11207,10451,10452,9,3
11208,10452,10453,16,3
11209,10453,10454,4,3
11210,10454,10455,7,3
11211,10455,10244,2,3
11212,10456,10209,58,3
11213,10200,10457,15,3
11214,10457,10458,13,3
11215,10458,10209,61,3
11216,10459,10460,4,3
11217,10460,10461,17,3
11218,10461,10462,25,3
11219,10462,5913,2,3
11220,6023,10463,23,3
11221,10463,10464,9,3
11222,10464,10465,7,3
11223,10465,5913,16,3
11224,10466,10467,30,3
11225,10467,5913,28,3
11226,5757,10468,19,3
11227,10468,10469,26,3
11228,10469,5920,5,3
11229,10470,10471,4,3
11230,10471,10472,34,3
11231,10472,10473,48,3
11232,10473,10474,17,3
11233,10474,3936,23,3
11234,10475,10470,90,3
11235,10476,10477,9,3
11236,10477,10478,74,3
11237,10478,10479,74,3
11238,10479,10480,39,3
11239,10480,10481,2,3
11240,10481,10482,2,3
11241,10482,10483,3,3
11242,10483,10484,17,3
11243,10484,10485,3,3
11244,10485,10486,3,3
11245,10486,10487,39,3
11246,10487,10488,24,3
11247,10488,10489,26,3
11248,10489,10470,4,3
11249,10490,2735,44,3
11250,9861,10491,5,3
11251,10491,10492,38,3
11252,10492,2735,4,3
11253,10475,10493,6,3
11254,10493,10494,27,3
11255,10494,10495,42,3
11256,10495,10496,45,3
11257,10496,10497,83,3
11258,10497,10498,29,3
11259,10498,10499,80,3
11260,10499,10500,10,3
11261,10500,10501,66,3
11262,10501,10476,4,3
11263,3935,10502,17,3
11264,10502,10503,13,3
11265,10503,10504,43,3
11266,10504,10505,60,3
11267,10505,10475,13,3
11268,10506,10507,6,3
11269,10507,10508,35,3
11270,10508,10509,18,3
11271,10509,10510,25,3
11272,10510,10511,42,3
11273,10511,10512,16,3
11274,10512,10513,17,3
11275,10513,10514,15,3
11276,10514,10515,14,3
11277,10515,10516,12,3
11278,10516,10517,16,3
11279,10517,10518,57,3
11280,10518,10519,28,3
11281,10519,10520,20,3
11282,10520,10521,11,3
11283,10521,10522,24,3
11284,10522,2791,17,3
11285,10523,10506,51,3
11286,10524,10525,8,3
11287,10525,10526,5,3
11288,10526,10527,5,3
11289,10527,10528,4,3
11290,10528,10529,5,3
11291,10529,10530,4,3
11292,10530,10531,6,3
11293,10531,10532,29,3
11294,10532,10533,6,3
11295,10533,10534,7,3
11296,10534,10535,6,3
11297,10535,10536,62,3
11298,10536,10537,16,3
11299,10537,10538,7,3
11300,10538,10539,9,3
11301,10539,10540,16,3
11302,10540,10541,3,3
11303,10541,10542,3,3
11304,10542,10543,3,3
11305,10543,10544,4,3
11306,10544,10545,3,3
11307,10545,10546,3,3
11308,10546,10547,5,3
11309,10547,10548,2,3
11310,10548,10549,4,3
11311,10549,10550,16,3
11312,10550,10551,7,3
11313,10551,10552,9,3
11314,10552,10553,10,3
11315,10553,10554,19,3
11316,10554,10555,16,3
11317,10555,10556,13,3
11318,10556,10557,20,3
11319,10557,10558,28,3
11320,10558,10559,16,3
11321,10559,10560,23,3
11322,10560,10561,16,3
11323,10561,10562,18,3
11324,10562,10563,14,3
11325,10563,10564,37,3
11326,10564,10565,45,3
11327,10565,10566,7,3
11328,10566,10567,4,3
11329,10567,10568,4,3
11330,10568,10569,38,3
11331,10569,10570,49,3
11332,10570,10571,9,3
11333,10571,10572,10,3
11334,10572,10573,12,3
11335,10573,10506,7,3
11336,10574,10575,47,3
11337,10575,10576,75,3
11338,10576,10506,9,3
11339,10577,1401,117,3
11340,10578,10579,114,3
11341,10580,10579,112,3
11342,10581,10579,38,3
11343,10582,10579,51,3
11344,10583,10578,89,3
11345,10584,10585,22,3
11346,10585,10578,24,3
11347,10586,10578,41,3
11348,5239,10587,19,3
11349,10587,10580,38,3
11350,10588,10580,50,3
11351,10589,10580,50,3
11352,10590,10581,31,3
11353,10588,10581,111,3
11354,10584,10591,22,3
11355,10591,10581,113,3
11356,10586,10582,117,3
11357,10592,10582,51,3
11358,10593,10582,44,3
11359,10594,10583,33,3
11360,10595,10583,37,3
11361,10596,10583,32,3
11362,10597,10594,41,3
11363,10598,10594,54,3
11364,10599,10595,50,3
11365,10600,10595,50,3
11366,10601,10602,5,3
11367,10602,10595,70,3
11368,10586,10596,89,3
11369,10603,10596,28,3
11370,10577,1201,43,3
11371,10604,10605,29,3
11372,10605,10606,10,3
11373,10607,10608,12,3
11374,10608,10609,64,3
11375,10609,10606,8,3
11376,10610,10611,49,3
11377,10611,10606,8,3
11378,10612,10613,20,3
11379,10613,10606,5,3
11380,10597,10604,83,3
11381,10614,10615,26,3
11382,10615,10604,5,3
11383,10616,10617,27,3
11384,10617,10604,6,3
11385,10618,10619,36,3
11386,10619,10607,12,3
11387,10620,10621,9,3
11388,10621,10622,29,3
11389,10622,10607,12,3
11390,10623,10624,3,3
11391,10624,10625,49,3
11392,10625,10607,12,3
11393,10626,10627,41,3
11394,10627,10607,6,3
11395,10628,10629,13,3
11396,10629,10610,16,3
11397,10630,10631,16,3
11398,10631,10632,19,3
11399,10632,10610,7,3
11400,10626,10633,14,3
11401,10633,10634,28,3
11402,10634,10635,15,3
11403,10635,10610,5,3
11404,10636,10637,8,3
11405,10637,10612,22,3
11406,10618,10638,61,3
11407,10638,10612,11,3
11408,10639,10640,4,3
11409,10640,6407,30,3
11410,10641,10642,7,3
11411,10642,10643,64,3
11412,10643,6407,10,3
11413,10639,10644,4,3
11414,10644,6410,74,3
11415,10645,10646,20,3
11416,10646,10647,32,3
11417,10648,10647,53,3
11418,10649,10650,9,3
11419,10650,10647,26,3
11420,10651,10652,33,3
11421,10652,10647,13,3
11422,10620,10653,9,3
11423,10653,10654,45,3
11424,10654,10645,20,3
11425,10620,10655,9,3
11426,10655,10656,39,3
11427,10656,10645,9,3
11428,10657,10658,34,3
11429,10658,10645,14,3
11430,10659,10660,6,3
11431,10660,10661,47,3
11432,10661,10645,14,3
11433,10662,10663,61,3
11434,10663,10645,15,3
11435,10664,10648,26,3
11436,10665,10666,22,3
11437,10666,10648,15,3
11438,10665,10649,48,3
11439,10651,10649,24,3
11440,10667,10668,37,3
11441,10668,10649,9,3
11442,10662,10651,43,3
11443,10623,10669,3,3
11444,10669,10670,48,3
11445,10670,10620,9,3
11446,10659,10671,6,3
11447,10671,10672,25,3
11448,10672,10620,9,3
11449,6222,10673,9,3
11450,10673,10674,29,3
11451,10674,10675,10,3
11452,10675,10623,3,3
11453,10664,10676,30,3
11454,10676,10677,10,3
11455,10677,10623,3,3
11456,10618,10678,52,3
11457,10678,10623,3,3
11458,10679,409,23,3
11459,10667,10680,38,3
11460,10680,409,10,3
11461,4242,10681,85,3
11462,10681,409,10,3
11463,10682,10683,7,3
11464,10683,10679,25,3
11465,10667,10684,24,3
11466,10684,10679,51,3
11467,10662,4242,37,3
11468,10685,10686,8,3
11469,10686,4242,21,3
11470,10687,10688,9,3
11471,10688,10689,37,3
11472,10689,1716,7,3
11473,1708,10690,6,3
11474,10690,10691,105,3
11475,10691,1716,7,3
11476,1708,10692,45,3
11477,10692,6171,15,3
11478,10693,10694,9,3
11479,10694,10695,3,3
11480,10695,10696,19,3
11481,10696,6171,10,3
11482,10687,10697,10,3
11483,10697,10698,103,3
11484,10698,6171,9,3
11485,10693,10699,9,3
11486,10699,10700,4,3
11487,10700,10701,1,3
11488,10701,10702,86,3
11489,10702,5492,8,3
11490,10693,10703,9,3
11491,10703,10704,6,3
11492,10704,10705,84,3
11493,10705,5492,8,3
11494,5617,10706,30,3
11495,10706,10693,9,3
11496,5182,10707,7,3
11497,10707,10708,28,3
11498,10708,10687,9,3
11499,2270,10709,7,3
11500,10709,10710,80,3
11501,10710,10687,9,3
11502,10711,10712,89,3
11503,10712,5182,8,3
11504,2236,10713,23,3
11505,10713,2270,6,3
11506,10711,10714,40,3
11507,10714,2270,6,3
11508,2140,10715,20,3
11509,10715,4327,33,3
11510,7503,2164,65,3
11511,7503,6200,22,3
11512,10716,10717,9,3
11513,10717,10718,4,3
11514,10718,10719,61,3
11515,10719,10720,62,3
11516,10721,10722,9,3
11517,10722,10720,25,3
11518,10723,10724,42,3
11519,10724,10720,34,3
11520,10725,10726,9,3
11521,10726,10727,13,3
11522,10727,10728,17,3
11523,10728,10716,9,3
11524,10729,10730,4,3
11525,10730,10731,4,3
11526,10731,10732,18,3
11527,10732,10733,28,3
11528,10733,10716,9,3
11529,10734,10735,96,3
11530,10735,10736,4,3
11531,10736,10716,9,3
11532,10725,10737,9,3
11533,10737,10721,40,3
11534,10725,10738,9,3
11535,10738,10739,40,3
11536,10739,10721,23,3
11537,9491,10723,34,3
11538,10740,10741,16,3
11539,10741,10742,4,3
11540,10742,10743,11,3
11541,10743,10744,3,3
11542,10744,10745,32,3
11543,10745,10746,2,3
11544,10746,10723,53,3
11545,10072,10747,5,3
11546,10747,10748,15,3
11547,10748,4311,7,3
11548,2092,10749,50,3
11549,10749,8564,13,3
11550,10750,10751,60,3
11551,10751,10752,20,3
11552,10752,10753,35,3
11553,10753,8564,46,3
11554,10754,10755,12,3
11555,10755,10756,24,3
11556,10756,10757,14,3
11557,10757,10758,8,3
11558,10758,10759,18,3
11559,10759,10760,17,3
11560,10760,10761,1,3
11561,10761,10762,54,3
11562,10762,10763,10,3
11563,10763,10764,36,3
11564,10764,10750,9,3
11565,10765,10766,26,3
11566,10766,4432,52,3
11567,10767,8388,44,3
11568,10768,8388,90,3
11569,10769,10767,35,3
11570,7996,10770,5,3
11571,10770,10771,2,3
11572,10771,10772,58,3
11573,10772,10768,3,3
11574,10773,10774,20,3
11575,10774,10768,18,3
11576,10765,10775,7,3
11577,10775,8290,41,3
11578,10776,10777,9,3
11579,10777,10778,6,3
11580,10778,10779,17,3
11581,10779,10765,12,3
11582,8383,10780,107,3
11583,10780,10765,6,3
11584,9272,10781,4,3
11585,10781,10782,65,3
11586,10782,9230,8,3
11587,10783,10784,5,3
11588,10784,10785,5,3
11589,10785,10786,17,3
11590,10786,10787,14,3
11591,10787,9230,8,3
11592,8383,10788,29,3
11593,10789,10788,41,3
11594,10790,10791,10,3
11595,10791,10792,5,3
11596,10792,10788,20,3
11597,10793,8383,44,3
11598,10793,10789,30,3
11599,10794,10795,3,3
11600,10795,10789,26,3
11601,10794,10796,3,3
11602,10796,10797,7,3
11603,10797,10798,24,3
11604,10798,10799,13,3
11605,10799,10790,10,3
11606,10800,10801,4,3
11607,10801,10802,22,3
11608,10802,10803,10,3
11609,10803,10790,1,3
11610,10804,10805,32,3
11611,10805,10806,18,3
11612,10806,10790,1,3
11613,10807,10808,28,3
11614,10808,10790,10,3
11615,10809,10810,6,3
11616,10810,10811,24,3
11617,10811,10790,10,3
11618,10812,10813,44,3
11619,10814,10815,2,3
11620,10815,10816,2,3
11621,10816,10813,116,3
11622,10817,10818,144,3
11623,10818,10813,1,3
11624,8292,10812,28,3
11625,10819,10812,125,3
11626,10820,10821,39,3
11627,10821,10822,3,3
11628,10822,10812,100,3
11629,10819,10814,43,3
11630,8390,10823,2,3
11631,10823,10824,63,3
11632,10824,10814,4,3
11633,10820,10825,31,3
11634,10825,10817,11,3
11635,4525,10826,5,3
11636,10826,10827,107,3
11637,10827,10817,3,3
11638,10828,10829,41,3
11639,10829,8381,3,3
11640,10830,10831,26,3
11641,10831,7247,7,3
11642,10832,9139,31,3
11643,6508,10833,2,3
11644,10833,10834,23,3
11645,10835,10836,2,3
11646,10836,10837,40,3
11647,10837,10834,4,3
11648,10838,10839,4,3
11649,10839,10840,33,3
11650,10840,10841,19,3
11651,10841,10842,13,3
11652,10842,10843,23,3
11653,10843,10834,12,3
11654,6510,10844,14,3
11655,10844,10845,52,3
11656,10845,6508,2,3
11657,8785,10846,106,3
11658,10846,6508,2,3
11659,6510,10847,14,3
11660,10847,10835,22,3
11661,8402,10848,8,3
11662,10848,10835,43,3
11663,8785,10838,22,3
11664,9296,10849,5,3
11665,10849,10850,5,3
11666,10850,10851,10,3
11667,10851,10852,12,3
11668,10852,10853,16,3
11669,10853,10854,22,3
11670,10854,10855,15,3
11671,10855,10856,13,3
11672,10856,10857,10,3
11673,10857,10838,3,3
11674,8385,10819,31,3
11675,10769,10858,3,3
11676,10858,10859,18,3
11677,10859,10860,42,3
11678,10860,8390,46,3
11679,8292,8385,136,3
11680,10861,10862,31,3
11681,10862,10863,4,3
11682,10863,10769,56,3
11683,10864,10865,32,3
11684,10866,10865,45,3
11685,10867,10865,52,3
11686,10868,10864,54,3
11687,10869,10870,7,3
11688,10870,10864,27,3
11689,10868,10866,34,3
11690,10871,10872,7,3
11691,10872,10873,5,3
11692,10873,10866,18,3
11693,10874,10867,29,3
11694,10875,10876,6,3
11695,10876,10867,61,3
11696,10820,4464,56,3
11697,10877,10869,50,3
11698,10875,10869,51,3
11699,10878,10879,4,3
11700,10879,10880,22,3
11701,10880,10869,5,3
11702,10881,10882,19,3
11703,10882,10877,36,3
11704,10883,10875,29,3
11705,10884,10885,26,3
11706,10885,10878,5,3
11707,10884,10886,39,3
11708,10886,10887,34,3
11709,10887,10888,21,3
11710,10888,10889,4,3
11711,10889,10890,13,3
11712,10890,10878,3,3
11713,10891,10892,4,3
11714,10892,10828,74,3
11715,9253,10828,58,3
11716,10893,10828,43,3
11717,10894,10895,5,3
11718,10895,10896,46,3
11719,10896,10891,4,3
11720,10897,10898,8,3
11721,10898,10899,14,3
11722,10899,10900,7,3
11723,10900,10891,4,3
11724,10804,10901,5,3
11725,10901,10902,33,3
11726,10902,10903,26,3
11727,10903,10904,25,3
11728,10904,10905,13,3
11729,10905,10906,12,3
11730,10906,10891,4,3
11731,10907,10908,9,3
11732,10908,10909,2,3
11733,10909,10910,59,3
11734,10910,10911,2,3
11735,10911,10912,20,3
11736,10912,10891,4,3
11737,10913,10914,20,3
11738,10914,10915,4,3
11739,10915,10891,4,3
11740,10916,10917,4,3
11741,10917,10918,21,3
11742,10918,9253,7,3
11743,10919,10893,24,3
11744,10894,10893,56,3
11745,7996,10920,5,3
11746,10920,10921,48,3
11747,10921,10922,3,3
11748,10922,10923,3,3
11749,10923,9296,5,3
11750,10861,10924,13,3
11751,10924,10925,20,3
11752,10925,10926,14,3
11753,10926,9296,7,3
11754,10773,10861,31,3
11755,10919,10793,24,3
11756,10927,10919,55,3
11757,10809,10800,26,3
11758,10776,10928,9,3
11759,10928,10929,9,3
11760,10929,10800,41,3
11761,10930,10931,4,3
11762,10931,10932,4,3
11763,10932,10933,41,3
11764,10933,10800,9,3
11765,10794,10934,3,3
11766,10934,10804,19,3
11767,10807,10935,44,3
11768,10935,10804,18,3
11769,6966,7242,48,3
11770,10927,10936,30,3
11771,10936,10794,3,3
11772,10894,10937,8,3
11773,10937,10927,22,3
11774,10938,10939,4,3
11775,10939,10940,26,3
11776,10940,10941,24,3
11777,10941,10942,26,3
11778,10942,10943,25,3
11779,10943,10944,22,3
11780,10944,8402,5,3
11781,10945,10938,24,3
11782,9199,10946,4,3
11783,10946,10947,29,3
11784,10947,10948,7,3
11785,10948,10949,8,3
11786,10949,10950,8,3
11787,10950,10951,8,3
11788,10951,10938,3,3
11789,10952,10953,27,3
11790,10953,10907,9,3
11791,10913,10954,2,3
11792,10954,10955,48,3
11793,10955,10956,19,3
11794,10956,10907,9,3
11795,10957,10958,8,3
11796,10958,10959,8,3
11797,10959,10960,7,3
11798,10960,10961,4,3
11799,10961,10962,6,3
11800,10962,10913,13,3
11801,10963,10964,11,3
11802,10964,10965,24,3
11803,10965,10783,5,3
11804,9236,10966,9,3
11805,10966,10967,2,3
11806,10967,10968,5,3
11807,10968,10969,5,3
11808,10969,10970,6,3
11809,10970,10971,7,3
11810,10971,10972,8,3
11811,10972,10973,5,3
11812,10973,10974,12,3
11813,10974,10783,5,3
11814,4787,10975,38,3
11815,10975,4800,9,3
11816,10976,10977,8,3
11817,10977,10978,4,3
11818,10978,10979,35,3
11819,10979,10980,13,3
11820,10980,4800,10,3
11821,6923,10981,10,3
11822,10981,10982,28,3
11823,10982,4800,9,3
11824,10983,10984,9,3
11825,10984,10985,1,3
11826,10985,4787,51,3
11827,7270,10986,38,3
11828,10986,10976,8,3
11829,10983,10987,41,3
11830,10987,10976,9,3
11831,10988,10989,16,3
11832,10989,10990,3,3
11833,10990,10976,7,3
11834,7270,10991,8,3
11835,10991,10992,2,3
11836,10992,10993,58,3
11837,10993,6923,9,3
11838,4799,10994,39,3
11839,10994,6923,11,3
11840,8271,8991,58,3
11841,10995,10996,34,3
11842,10996,10997,54,3
11843,10997,8991,11,3
11844,10111,10998,3,3
11845,10998,10999,105,3
11846,10999,8271,5,3
11847,8460,11000,10,3
11848,11000,10995,11,3
11849,10995,11001,6,3
11850,11001,11002,35,3
11851,11002,11003,32,3
11852,11003,11004,20,3
11853,11004,11005,35,3
11854,11005,8981,7,3
11855,7938,11006,39,3
11856,11006,7967,7,3
11857,11007,11008,20,3
11858,11008,7967,8,3
11859,11009,11010,29,3
11860,11010,7970,32,3
11861,11007,11011,10,3
11862,11011,11012,3,3
11863,11012,11013,4,3
11864,11013,7970,29,3
11865,11014,7962,22,3
11866,8665,11015,17,3
11867,11015,7962,64,3
11868,9832,9842,22,3
11869,7938,11016,48,3
11870,11016,7272,7,3
11871,7270,11017,6,3
11872,11017,11018,3,3
11873,11018,7938,105,3
11874,11009,11019,16,3
11875,11019,10983,10,3
11876,10988,11009,51,3
11877,10215,11020,18,3
11878,11020,11021,14,3
11879,11021,11022,14,3
11880,11022,11023,8,3
11881,11023,11024,19,3
11882,11024,11025,11,3
11883,11025,9390,28,3
11884,11026,5309,26,3
11885,6667,11027,13,3
11886,11027,11028,7,3
11887,11028,11029,32,3
11888,11029,11030,8,3
11889,11030,11031,10,3
11890,11031,5309,8,3
11891,11032,11033,6,3
11892,11033,11034,6,3
11893,11034,11035,8,3
11894,11035,11036,24,3
11895,11037,11038,1,3
11896,11038,11039,8,3
11897,11039,11040,14,3
11898,11040,11041,10,3
11899,11041,11042,9,3
11900,11042,11043,12,3
11901,11043,11044,15,3
11902,11044,11045,30,3
11903,11045,11046,56,3
11904,11046,11047,6,3
11905,11047,11048,5,3
11906,11048,11049,6,3
11907,11049,11050,29,3
11908,11050,11051,67,3
11909,11051,11036,67,3
11910,11037,11052,1,3
11911,11052,11053,7,3
11912,11053,11054,24,3
11913,11054,11055,21,3
11914,11055,11056,17,3
11915,11056,11057,89,3
11916,11057,11058,4,3
11917,11058,11059,16,3
11918,11059,11060,15,3
11919,11060,11061,38,3
11920,11061,11062,2,3
11921,11062,11063,26,3
11922,11063,11064,35,3
11923,11064,11065,19,3
11924,11065,11036,11,3
11925,11066,11067,10,3
11926,11067,11068,89,3
11927,11068,11032,8,3
11928,11069,11070,8,3
11929,11070,11071,6,3
11930,11071,11072,4,3
11931,11072,11073,6,3
11932,11073,11074,4,3
11933,11074,11075,5,3
11934,11075,11076,7,3
11935,11076,11077,9,3
11936,11077,11078,17,3
11937,11078,11079,13,3
11938,11079,11080,27,3
11939,11080,11081,32,3
11940,11081,11082,11,3
11941,11082,11037,1,3
11942,11083,11084,6,3
11943,11084,11085,49,3
11944,11085,11086,9,3
11945,11086,11087,9,3
11946,11087,11037,1,3
11947,11088,11089,5,3
11948,11089,11090,9,3
11949,11090,11091,55,3
11950,11091,8851,5,3
11951,8851,11092,5,3
11952,11092,11093,55,3
11953,11093,11094,11,3
11954,11094,11088,5,3
11955,11095,11096,35,3
11956,11096,11097,6,3
11957,11097,11088,5,3
11958,11088,11098,5,3
11959,11098,11099,3,3
11960,11099,11100,42,3
11961,11100,11101,1,3
11962,11101,4398,4,3
11963,4398,11102,4,3
11964,11102,11103,2,3
11965,11103,11104,41,3
11966,11104,11105,4,3
11967,11105,11088,5,3
11968,11106,11107,5,3
11969,11107,11108,15,3
11970,11108,11109,61,3
11971,11109,11110,12,3
11972,11110,11111,7,3
11973,11111,11088,5,3
11974,11112,11113,43,3
11975,11113,11114,5,3
11976,11114,8851,5,3
11977,11115,11116,23,3
11978,11116,11117,28,3
11979,11117,11118,7,3
11980,11118,11119,13,3
11981,11119,11120,9,3
11982,11120,11121,14,3
11983,11121,11122,4,3
11984,11122,11123,5,3
11985,11123,8851,5,3
11986,11112,11095,63,3
11987,11124,11125,17,3
11988,11125,11095,102,3
11989,11126,11127,41,3
11990,11127,11128,40,3
11991,11128,4402,4,3
11992,11129,11130,7,3
11993,11130,11131,9,3
11994,11131,11132,11,3
11995,11132,11133,2,3
11996,11133,4402,5,3
11997,11134,11135,12,3
11998,11135,11124,38,3
11999,11136,11124,24,3
12000,11137,11138,13,3
12001,11138,11139,2,3
12002,11139,11140,23,3
12003,11140,11134,12,3
12004,11137,11141,13,3
12005,11141,11142,3,3
12006,11142,11143,22,3
12007,11143,11134,11,3
12008,8825,11144,36,3
12009,11144,11134,11,3
12010,11145,11146,83,3
12011,11146,11134,6,3
12012,11137,11147,13,3
12013,11147,11136,41,3
12014,11148,11149,1,3
12015,11149,11150,55,3
12016,11150,11151,20,3
12017,11151,11152,16,3
12018,11152,11153,19,3
12019,11153,11154,16,3
12020,11154,11155,17,3
12021,11155,11136,39,3
12022,11156,11157,93,3
12023,11157,7791,8,3
12024,11148,11158,1,3
12025,11158,11159,41,3
12026,11159,11160,13,3
12027,11160,11161,11,3
12028,11161,11162,14,3
12029,11162,11163,15,3
12030,11163,7791,7,3
12031,11164,11165,17,3
12032,11165,11166,9,3
12033,11166,11167,22,3
12034,11167,11168,1,3
12035,11168,11169,23,3
12036,11169,11170,6,3
12037,11170,11171,8,3
12038,11171,11156,7,3
12039,11172,11173,14,3
12040,11173,11156,6,3
12041,7760,11174,9,3
12042,11174,11175,2,3
12043,11175,11176,46,3
12044,11176,11177,6,3
12045,11177,11148,1,3
12046,11178,11179,4,3
12047,11179,11180,41,3
12048,11180,11181,24,3
12049,11181,11182,9,3
12050,11182,11183,16,3
12051,11183,11148,1,3
12052,5499,11184,2,3
12053,11184,11185,2,3
12054,11185,11186,3,3
12055,11186,11187,17,3
12056,11187,8566,5,3
12057,8570,11188,1,3
12058,11188,11189,7,3
12059,11189,11190,55,3
12060,11190,8566,26,3
12061,11191,11192,20,3
12062,11192,11193,20,3
12063,11193,11194,47,3
12064,11194,11195,3,3
12065,11195,11196,1,3
12066,11196,11197,5,3
12067,11197,11198,2,3
12068,11198,11199,2,3
12069,11199,11200,2,3
12070,11200,11201,2,3
12071,11201,11202,3,3
12072,11202,7760,4,3
12073,11203,11204,42,3
12074,11204,11205,4,3
12075,11205,11206,2,3
12076,11206,11207,3,3
12077,11207,11208,3,3
12078,11208,7760,10,3
12079,11209,11210,5,3
12080,11210,11211,11,3
12081,11211,11212,105,3
12082,11212,11213,13,3
12083,11214,11215,5,3
12084,11215,11216,13,3
12085,11216,11217,1,3
12086,11217,11218,23,3
12087,11218,11219,26,3
12088,11219,11220,101,3
12089,11220,11221,1,3
12090,11221,11213,8,3
12091,11222,11223,16,3
12092,11223,11224,22,3
12093,11224,11213,7,3
12094,11225,11226,32,3
12095,11226,11213,7,3
12096,11209,11227,5,3
12097,11227,11228,13,3
12098,11228,11229,45,3
12099,11209,11230,5,3
12100,11230,11231,13,3
12101,11231,11232,17,3
12102,11232,11233,10,3
12103,7693,11234,36,3
12104,11234,11235,50,3
12105,11235,11236,18,3
12106,11236,11237,13,3
12107,11237,11209,5,3
12108,11238,11239,34,3
12109,11239,11240,13,3
12110,11240,11209,5,3
12111,11241,11242,33,3
12112,11242,11243,14,3
12113,11243,11209,5,3
12114,11214,11244,5,3
12115,11244,11245,81,3
12116,11245,11246,42,3
12117,11246,11247,26,3
12118,11247,11248,36,3
12119,11248,11249,24,3
12120,11249,11250,1,3
12121,11251,11252,25,3
12122,11252,11253,35,3
12123,11253,11254,40,3
12124,11254,11214,5,3
12125,11214,11255,5,3
12126,11255,11256,8,3
12127,11256,11257,36,3
12128,11258,11259,64,3
12129,11259,11214,5,3
12130,11260,11261,40,3
12131,11261,11262,1,3
12132,11262,11263,8,3
12133,11263,11214,5,3
12134,11264,11222,30,3
12135,11265,11222,78,3
12136,11266,11225,21,3
12137,11260,11267,1,3
12138,11267,11268,5,3
12139,11268,11269,127,3
12140,11269,11270,3,3
12141,11270,11271,1,3
12142,11271,11225,5,3
12143,11272,11273,24,3
12144,11273,4384,11,3
12145,11274,11275,50,3
12146,11275,4384,6,3
12147,11276,11277,8,3
12148,11277,11278,13,3
12149,11278,11279,18,3
12150,11279,4384,11,3
12151,11280,11281,9,3
12152,11281,11282,24,3
12153,11282,11283,13,3
12154,11283,11284,15,3
12155,11284,11285,28,3
12156,11285,11286,37,3
12157,11286,11287,21,3
12158,11287,11288,1,3
12159,11288,11289,11,3
12160,11289,11290,7,3
12161,11290,4398,4,3
12162,11291,11292,41,3
12163,11292,11293,2,3
12164,11293,2041,8,3
12165,11294,11295,20,3
12166,11295,11296,34,3
12167,11296,2041,10,3
12168,11126,11297,52,3
12169,11297,2046,34,3
12170,11298,2049,54,3
12171,2054,2049,29,3
12172,11299,11300,51,3
12173,11300,11106,5,3
12174,11301,11302,49,3
12175,11302,11303,13,3
12176,11303,11106,5,3
12177,11304,4359,34,3
12178,8570,11305,1,3
12179,11305,11306,6,3
12180,11306,11307,105,3
12181,11307,5499,8,3
12182,5499,11308,3,3
12183,11308,11309,20,3
12184,5497,11310,72,3
12185,11310,8570,1,3
12186,11311,11312,43,3
12187,11313,11312,42,3
12188,11314,11312,70,3
12189,11315,11316,5,3
12190,11316,11312,106,3
12191,11317,11311,99,3
12192,11318,11311,42,3
12193,11319,11320,4,3
12194,11320,11311,98,3
12195,11321,11313,86,3
12196,11322,11323,5,3
12197,11323,11313,115,3
12198,11324,11314,22,3
12199,11322,11315,42,3
12200,11319,11325,6,3
12201,11325,11326,16,3
12202,11326,11315,21,3
12203,11327,11328,106,3
12204,11328,11315,5,3
12205,11324,11321,42,3
12206,3331,11321,48,3
12207,3321,11329,7,3
12208,11329,11330,6,3
12209,11330,11321,61,3
12210,11317,11324,43,3
12211,3369,11331,5,3
12212,11331,11324,158,3
12213,3340,11332,6,3
12214,11332,11333,32,3
12215,11333,11334,7,3
12216,11334,3321,7,3
12217,11335,11336,5,3
12218,11336,11337,73,3
12219,11338,11339,6,3
12220,11339,11340,45,3
12221,11340,11337,21,3
12222,11341,11342,20,3
12223,11342,11337,2,3
12224,11343,11344,17,3
12225,11344,11345,2,3
12226,11345,11335,3,3
12227,7257,11346,26,3
12228,11346,11335,6,3
12229,11347,11348,27,3
12230,11348,11335,3,3
12231,11349,11350,9,3
12232,11350,11351,5,3
12233,11351,11352,3,3
12234,11352,11353,2,3
12235,11353,11354,65,3
12236,11354,11338,7,3
12237,11355,11356,4,3
12238,11356,11357,18,3
12239,11357,11338,3,3
12240,11358,11359,23,3
12241,11359,11360,33,3
12242,11360,11338,6,3
12243,11361,11341,26,3
12244,11343,11362,23,3
12245,11362,11363,7,3
12246,11363,11364,44,3
12247,11364,11341,4,3
12248,11355,11365,4,3
12249,11365,11366,69,3
12250,11366,11341,5,3
12251,11319,11367,43,3
12252,11368,11369,14,3
12253,11369,11370,12,3
12254,11370,11371,9,3
12255,11371,11367,6,3
12256,11318,11372,95,3
12257,11372,11367,5,3
12258,11373,11374,117,3
12259,11374,11367,5,3
12260,11375,11376,115,3
12261,11376,11319,6,3
12262,11377,11368,42,3
12263,11378,11379,114,3
12264,11379,11368,5,3
12265,11380,11381,99,3
12266,11381,11368,4,3
12267,11380,11318,42,3
12268,11382,11318,96,3
12269,11378,11373,42,3
12270,11375,11373,43,3
12271,11383,11373,98,3
12272,11384,11385,7,3
12273,11385,11375,96,3
12274,11327,11375,43,3
12275,11386,11387,42,3
12276,11387,11322,5,3
12277,3309,11388,11,3
12278,11388,11389,24,3
12279,11389,11322,41,3
12280,11390,11391,38,3
12281,8217,11392,5,3
12282,11392,11393,21,3
12283,11393,11394,11,3
12284,11394,11395,11,3
12285,11395,11396,11,3
12286,11396,11397,12,3
12287,11397,11398,17,3
12288,11398,11399,17,3
12289,11399,11391,18,3
12290,11400,11401,40,3
12291,11401,11402,42,3
12292,11402,11391,5,3
12293,8801,11390,28,3
12294,11403,11390,20,3
12295,11404,11405,3,3
12296,11405,11406,14,3
12297,11406,11407,4,3
12298,11407,8217,5,3
12299,11377,11408,4,3
12300,11408,11409,24,3
12301,11409,11410,3,3
12302,11410,11411,44,3
12303,11411,11412,1,3
12304,11412,8217,9,3
12305,11413,11400,45,3
12306,9188,11414,34,3
12307,11414,11400,5,3
12308,11380,11415,42,3
12309,11416,11415,38,3
12310,11377,11417,4,3
12311,11417,11415,109,3
12312,11418,11419,5,3
12313,11419,11420,38,3
12314,11420,3369,5,3
12315,11421,11418,42,3
12316,11317,11422,170,3
12317,11422,11418,6,3
12318,6719,11423,8,3
12319,11423,11424,56,3
12320,11424,11418,6,3
12321,8603,11425,3,3
12322,11425,11426,50,3
12323,11426,8440,2,3
12324,11383,11427,3,3
12325,11427,11428,35,3
12326,11428,11429,4,3
12327,11429,11384,7,3
12328,11430,11431,5,3
12329,11431,11432,38,3
12330,11432,11384,7,3
12331,11433,11434,20,3
12332,11434,11435,20,3
12333,11435,11436,17,3
12334,11436,11437,14,3
12335,11437,11438,9,3
12336,11438,11439,8,3
12337,11439,11440,26,3
12338,11440,11441,32,3
12339,11441,11384,7,3
12340,11442,11443,4,3
12341,11443,11444,79,3
12342,11444,11445,2,3
12343,11445,11384,7,3
12344,11446,11447,11,3
12345,11447,11448,11,3
12346,11448,11449,6,3
12347,11449,11450,35,3
12348,11450,11451,6,3
12349,11451,11452,6,3
12350,11452,11453,7,3
12351,11453,11454,7,3
12352,11454,11455,7,3
12353,11455,11456,6,3
12354,11456,11457,12,3
12355,11457,11458,35,3
12356,11458,11459,2,3
12357,11459,11460,18,3
12358,11460,11461,16,3
12359,11461,11462,9,3
12360,11462,11463,9,3
12361,11463,11464,35,3
12362,11464,11384,4,3
12363,11465,11327,41,3
12364,11430,11327,91,3
12365,11466,11467,34,3
12366,11468,11469,22,3
12367,11469,11470,4,3
12368,11470,11471,3,3
12369,11471,11472,2,3
12370,11472,11473,2,3
12371,11473,11467,4,3
12372,11474,11475,6,3
12373,11475,11476,7,3
12374,11476,11467,23,3
12375,11477,11478,7,3
12376,11478,11479,5,3
12377,11479,11480,6,3
12378,11480,11481,13,3
12379,11481,11467,4,3
12380,11482,11466,35,3
12381,11483,11484,2,3
12382,11484,11485,20,3
12383,11485,11466,3,3
12384,11486,11487,7,3
12385,11487,11488,30,3
12386,11488,11468,3,3
12387,11489,11490,8,3
12388,11490,11491,12,3
12389,11491,11492,8,3
12390,11492,11493,18,3
12391,11493,11494,19,3
12392,11494,11495,10,3
12393,11495,11496,13,3
12394,11496,11497,8,3
12395,11497,11498,9,3
12396,11498,11499,21,3
12397,11499,11500,9,3
12398,11500,11501,8,3
12399,11501,11502,15,3
12400,11502,11503,7,3
12401,11503,11504,6,3
12402,11504,11505,6,3
12403,11505,11468,5,3
12404,11482,11474,20,3
12405,7455,11506,22,3
12406,11506,11507,3,3
12407,11507,11474,3,3
12408,11508,11509,13,3
12409,11509,11510,8,3
12410,11510,11511,9,3
12411,11511,11512,15,3
12412,11512,11513,29,3
12413,11513,11514,37,3
12414,11514,11515,99,3
12415,11515,11477,7,3
12416,11516,11517,9,3
12417,11517,11518,44,3
12418,11518,11519,13,3
12419,11519,11520,6,3
12420,11520,11477,7,3
12421,11521,11522,6,3
12422,11522,11523,14,3
12423,11523,11524,20,3
12424,11524,11525,20,3
12425,11525,11526,18,3
12426,11526,11527,18,3
12427,11527,11528,10,3
12428,11528,11477,7,3
12429,9300,11529,8,3
12430,11529,11530,7,3
12431,11530,11531,42,3
12432,11531,11532,39,3
12433,11532,11533,69,3
12434,11533,11534,17,3
12435,11534,11535,6,3
12436,11535,11536,6,3
12437,11536,11537,10,3
12438,11537,11538,19,3
12439,11538,11539,52,3
12440,11539,11540,43,3
12441,11540,11541,13,3
12442,11541,11542,14,3
12443,11542,11543,26,3
12444,11543,11544,5,3
12445,11544,11477,7,3
12446,11382,11545,43,3
12447,11546,11545,42,3
12448,11380,11545,86,3
12449,8611,11547,5,3
12450,11547,11545,183,3
12451,11317,11548,10,3
12452,11548,11382,33,3
12453,11421,11549,5,3
12454,11549,11382,173,3
12455,11416,11546,42,3
12456,11550,11546,30,3
12457,8603,11551,3,3
12458,11551,8611,42,3
12459,11421,8611,42,3
12460,8603,11552,3,3
12461,11552,11550,155,3
12462,8603,11553,3,3
12463,11553,11554,41,3
12464,11554,11555,60,3
12465,11555,11556,27,3
12466,11556,11557,28,3
12467,11557,11558,36,3
12468,11558,11559,2,3
12469,11559,11550,27,3
12470,8197,11560,50,3
12471,11560,11561,30,3
12472,11561,8794,7,3
12473,11562,11563,6,3
12474,11563,11564,4,3
12475,11564,11565,13,3
12476,11565,11566,3,3
12477,11566,8794,7,3
12478,11567,11568,9,3
12479,11568,11569,5,3
12480,11569,11570,25,3
12481,11570,11571,16,3
12482,11571,11572,2,3
12483,11572,3309,8,3
12484,11446,11573,11,3
12485,11573,11574,70,3
12486,11574,3309,18,3
12487,11446,11575,11,3
12488,11575,11576,10,3
12489,11576,11577,76,3
12490,11577,11567,9,3
12491,11578,11579,6,3
12492,11579,11580,21,3
12493,11580,11581,4,3
12494,11581,11567,8,3
12495,11582,11583,10,3
12496,11583,11584,22,3
12497,11584,11585,30,3
12498,11585,11586,5,3
12499,11586,11567,8,3
12500,11587,11588,5,3
12501,11588,11589,14,3
12502,11589,11590,4,3
12503,11590,11591,4,3
12504,11591,11592,20,3
12505,11592,11593,5,3
12506,11593,11594,6,3
12507,11594,11595,8,3
12508,11595,11596,10,3
12509,11596,11597,38,3
12510,11597,11598,42,3
12511,11598,11599,24,3
12512,11599,11600,19,3
12513,11600,11601,6,3
12514,11601,11567,8,3
12515,11602,11603,51,3
12516,11603,11604,37,3
12517,11604,11605,11,3
12518,11605,11606,17,3
12519,11606,11607,13,3
12520,11607,11567,11,3
12521,3280,11608,15,3
12522,11608,11609,12,3
12523,11609,11610,12,3
12524,11610,11611,6,3
12525,11611,11446,11,3
12526,11612,11613,29,3
12527,11613,11614,5,3
12528,11614,11446,11,3
12529,11582,11615,10,3
12530,11615,11616,35,3
12531,11616,11617,8,3
12532,11617,11446,5,3
12533,11618,11619,5,3
12534,11619,11620,8,3
12535,11620,11621,32,3
12536,11621,11622,10,3
12537,11622,11446,5,3
12538,11623,11343,21,3
12539,11624,11625,4,3
12540,11625,11347,53,3
12541,11626,11627,17,3
12542,11627,11628,2,3
12543,11628,11629,7,3
12544,11629,11349,9,3
12545,10433,11630,29,3
12546,11630,11631,2,3
12547,11631,11632,3,3
12548,11632,11349,9,3
12549,11633,11634,32,3
12550,11634,11349,9,3
12551,11355,11635,4,3
12552,11635,11636,77,3
12553,11636,11637,4,3
12554,11637,11349,9,3
12555,11638,11626,27,3
12556,11639,11626,99,3
12557,10436,11640,6,3
12558,11640,10433,55,3
12559,8206,8197,54,3
12560,11641,11642,45,3
12561,11642,8197,3,3
12562,11643,11644,50,3
12563,11644,8206,3,3
12564,11645,11641,34,3
12565,11643,11641,47,3
12566,11562,11646,6,3
12567,11646,11641,76,3
12568,8399,11647,2,3
12569,11647,8201,117,3
12570,11465,11386,54,3
12571,11648,11649,2,3
12572,11649,11650,4,3
12573,11650,11651,1,3
12574,11651,11386,35,3
12575,11652,11653,2,3
12576,11653,11654,15,3
12577,11654,11655,40,3
12578,11655,11656,35,3
12579,11656,11657,7,3
12580,11657,11658,9,3
12581,11658,7412,8,3
12582,11659,11660,17,3
12583,11660,11661,9,3
12584,11661,11662,8,3
12585,11662,7412,8,3
12586,7443,11663,6,3
12587,11663,11664,37,3
12588,11664,11665,33,3
12589,11665,11666,27,3
12590,11666,11667,1,3
12591,11667,11668,6,3
12592,11668,11669,1,3
12593,11669,11670,7,3
12594,11670,7412,8,3
12595,9171,11671,15,3
12596,11671,11672,2,3
12597,11672,11673,18,3
12598,11673,11652,2,3
12599,9268,11674,32,3
12600,11674,11652,2,3
12601,9268,11675,2,3
12602,11675,11659,96,3
12603,8612,11676,18,3
12604,11676,8443,4,3
12605,11677,11678,29,3
12606,11678,7443,6,3
12607,11679,11680,80,3
12608,11680,7443,5,3
12609,8610,11681,4,3
12610,11681,11682,23,3
12611,11682,6719,8,3
12612,11638,11683,21,3
12613,11683,10159,4,3
12614,11684,11685,29,3
12615,11685,11358,23,3
12616,10436,11686,8,3
12617,11686,11687,11,3
12618,11687,11688,3,3
12619,11688,11689,3,3
12620,11689,11690,2,3
12621,11690,11691,2,3
12622,11691,11692,2,3
12623,11692,11693,2,3
12624,11693,11694,2,3
12625,11694,11695,4,3
12626,11695,11696,58,3
12627,11696,11358,23,3
12628,11697,11698,33,3
12629,11698,11699,38,3
12630,11699,11358,23,3
12631,10439,11684,32,3
12632,11624,11700,48,3
12633,11700,11697,26,3
12634,11701,11383,42,3
12635,11378,11701,101,3
12636,11702,11703,40,3
12637,11703,11704,3,3
12638,11704,11705,21,3
12639,11705,11701,16,3
12640,8610,11706,50,3
12641,11706,11421,6,3
12642,11378,11707,41,3
12643,11702,11707,67,3
12644,11377,11708,4,3
12645,11708,11707,106,3
12646,11639,11709,31,3
12647,11709,8210,6,3
12648,11633,11710,35,3
12649,11710,8210,6,3
12650,11643,11711,37,3
12651,11711,11712,5,3
12652,11712,8210,6,3
12653,11713,11714,50,3
12654,11430,11715,7,3
12655,11715,11716,13,3
12656,11716,11717,11,3
12657,11717,11718,7,3
12658,11718,11714,3,3
12659,11465,11713,30,3
12660,11719,11720,95,3
12661,11720,2335,45,3
12662,11721,11722,7,3
12663,11722,11723,14,3
12664,11723,11724,42,3
12665,11724,11725,1,3
12666,11725,11726,23,3
12667,11726,11727,16,3
12668,11728,11729,9,3
12669,11729,11727,12,3
12670,7016,11730,15,3
12671,11730,11731,70,3
12672,11731,11732,15,3
12673,11732,11733,84,3
12674,11734,11735,26,3
12675,11735,11733,27,3
12676,11736,11737,4,3
12677,11737,11738,23,3
12678,11738,11739,8,3
12679,11739,11740,10,3
12680,11740,7016,13,3
12681,11741,11736,28,3
12682,11742,11743,87,3
12683,11743,11736,11,3
12684,499,11742,29,3
12685,11744,11742,36,3
12686,11744,11745,24,3
12687,11745,499,32,3
12688,11746,11747,9,3
12689,11747,11721,20,3
12690,11748,11749,17,3
12691,11749,11750,16,3
12692,11750,11751,18,3
12693,11751,11752,53,3
12694,11752,11746,9,3
12695,11753,11754,6,3
12696,11754,11755,15,3
12697,11755,11746,9,3
12698,7006,11756,5,3
12699,11756,11757,5,3
12700,11757,11758,11,3
12701,11758,11759,2,3
12702,11759,11760,23,3
12703,11760,11761,7,3
12704,11761,11734,8,3
12705,11762,11763,5,3
12706,11763,11764,7,3
12707,11764,11765,31,3
12708,11765,11766,2,3
12709,11766,11767,54,3
12710,11767,11768,10,3
12711,11768,11769,24,3
12712,11769,11770,3,3
12713,11770,11771,14,3
12714,11771,11772,21,3
12715,11772,11748,2,3
12716,11753,11773,5,3
12717,11773,11774,34,3
12718,11774,11748,5,3
12719,7036,11775,7,3
12720,11775,11776,8,3
12721,11776,11777,51,3
12722,11777,11778,39,3
12723,11778,11779,5,3
12724,11779,7006,5,3
12725,11780,11781,23,3
12726,11781,11782,50,3
12727,11782,11783,20,3
12728,11783,7006,5,3
12729,7093,11784,2,3
12730,11784,11785,9,3
12731,11785,11786,24,3
12732,11786,11787,35,3
12733,11787,11780,20,3
12734,11788,11789,29,3
12735,11789,11790,23,3
12736,11790,11791,36,3
12737,11791,11780,29,3
12738,7027,11792,5,3
12739,11792,11793,30,3
12740,11793,11794,70,3
12741,11794,11795,7,3
12742,11795,7036,7,3
12743,7098,11796,22,3
12744,11796,11797,34,3
12745,11797,11798,69,3
12746,11798,11799,5,3
12747,11799,7036,7,3
12748,11800,11801,10,3
12749,11801,11802,40,3
12750,11802,11803,15,3
12751,11803,7036,7,3
12752,11804,11805,24,3
12753,11805,3222,21,3
12754,11806,11807,3,3
12755,11807,11808,1,3
12756,11808,11809,14,3
12757,11809,11810,18,3
12758,11810,11811,13,3
12759,11811,3226,4,3
12760,11812,8316,56,3
12761,11813,11814,21,3
12762,11814,8316,9,3
12763,11815,11812,92,3
12764,11816,11817,3,3
12765,11817,11818,19,3
12766,11818,11812,5,3
12767,11819,11813,33,3
12768,11820,11821,50,3
12769,11822,11823,19,3
12770,11823,11824,17,3
12771,11824,11825,19,3
12772,11825,11826,20,3
12773,11826,11821,27,3
12774,11816,11827,82,3
12775,11827,11828,30,3
12776,11828,11829,53,3
12777,11829,11821,10,3
12778,11830,11831,13,3
12779,11831,11822,106,3
12780,11832,11833,16,3
12781,11833,11834,20,3
12782,11834,11816,13,3
12783,8624,11835,3,3
12784,11835,11836,34,3
12785,11836,11837,6,3
12786,11837,11838,72,3
12787,11838,11839,11,3
12788,11839,11816,16,3
12789,11840,11841,53,3
12790,11841,11842,33,3
12791,11842,11815,61,3
12792,11843,11844,14,3
12793,11844,11845,8,3
12794,11845,11846,43,3
12795,11846,11815,6,3
12796,11847,11848,7,3
12797,11848,11840,13,3
12798,11849,11850,28,3
12799,11850,11843,5,3
12800,11851,11852,27,3
12801,11852,11853,7,3
12802,11854,11855,7,3
12803,11855,11856,3,3
12804,11856,11857,3,3
12805,11857,11858,20,3
12806,11858,11859,3,3
12807,11859,11860,2,3
12808,11860,11861,4,3
12809,11861,11853,7,3
12810,11862,11863,13,3
12811,11863,11864,42,3
12812,11864,11865,4,3
12813,11865,11853,7,3
12814,11832,11866,43,3
12815,11866,11851,26,3
12816,11867,11868,17,3
12817,11868,11869,21,3
12818,11869,11854,7,3
12819,10734,11870,5,3
12820,11870,11871,40,3
12821,11872,11873,10,3
12822,11873,11874,13,3
12823,11874,11875,11,3
12824,11875,11876,10,3
12825,11876,11877,22,3
12826,11877,11878,42,3
12827,11878,11871,5,3
12828,10725,11879,9,3
12829,11879,11880,14,3
12830,11880,11881,15,3
12831,11881,11882,20,3
12832,11882,11871,32,3
12833,11883,10734,102,3
12834,11884,11885,5,3
12835,11885,11886,4,3
12836,11886,11887,38,3
12837,11887,10734,4,3
12838,9489,11872,188,3
12839,11888,11889,40,3
12840,11889,11872,36,3
12841,9489,11890,6,3
12842,11890,11891,16,3
12843,11891,11892,32,3
12844,11892,11893,6,3
12845,11893,10725,9,3
12846,11894,11895,9,3
12847,11895,11896,54,3
12848,11896,11897,5,3
12849,11898,11899,8,3
12850,11899,11900,24,3
12851,11900,11897,5,3
12852,11901,11902,7,3
12853,11902,11903,4,3
12854,11903,11904,16,3
12855,11904,11897,5,3
12856,11898,11905,7,3
12857,11905,11906,36,3
12858,11906,11907,29,3
12859,11907,11894,9,3
12860,11908,11909,46,3
12861,11909,11898,5,3
12862,11910,11911,9,3
12863,11911,11912,18,3
12864,11912,11898,7,3
12865,11913,11914,10,3
12866,11914,11915,15,3
12867,11915,11916,8,3
12868,11916,11917,61,3
12869,11918,11913,29,3
12870,11919,11920,3,3
12871,11920,11921,4,3
12872,11921,11922,5,3
12873,11922,11923,22,3
12874,11923,11924,3,3
12875,11924,11925,4,3
12876,11926,11927,55,3
12877,11927,11925,16,3
12878,11928,11929,9,3
12879,11929,11930,34,3
12880,11930,11925,16,3
12881,11918,11931,5,3
12882,11931,11932,7,3
12883,11932,11933,7,3
12884,11933,11934,33,3
12885,11934,11925,15,3
12886,11935,11936,3,3
12887,11936,11919,17,3
12888,11937,11938,7,3
12889,11938,11939,15,3
12890,11939,11940,10,3
12891,11940,11919,19,3
12892,11941,11942,10,3
12893,11942,11943,5,3
12894,11943,11944,24,3
12895,11944,11945,9,3
12896,11945,11946,23,3
12897,11946,11947,5,3
12898,11947,8624,3,3
12899,11948,11949,27,3
12900,11949,11950,13,3
12901,11862,11951,8,3
12902,11951,11952,46,3
12903,11952,11950,12,3
12904,11908,11918,27,3
12905,11953,11954,16,3
12906,11954,11918,5,3
12907,6718,11955,19,3
12908,11955,3397,4,3
12909,11956,11957,5,3
12910,11957,11958,6,3
12911,11958,11959,3,3
12912,11959,11960,2,3
12913,11960,11961,2,3
12914,11961,11962,2,3
12915,11962,11963,3,3
12916,11963,11964,19,3
12917,11964,11965,6,3
12918,11965,11966,11,3
12919,11966,11967,8,3
12920,11967,11968,4,3
12921,11968,11969,24,3
12922,11969,11970,6,3
12923,11970,3397,3,3
12924,11941,11971,11,3
12925,11971,11972,4,3
12926,11972,11973,5,3
12927,11973,11956,17,3
12928,11974,11975,21,3
12929,11976,11977,13,3
12930,11977,11978,37,3
12931,11978,11979,4,3
12932,11979,11980,3,3
12933,11980,11981,5,3
12934,11981,11982,5,3
12935,11982,11983,2,3
12936,11983,11975,5,3
12937,11984,11985,21,3
12938,11985,11986,2,3
12939,11986,11975,6,3
12940,11987,11988,48,3
12941,11988,11975,6,3
12942,3440,11974,33,3
12943,11989,11990,17,3
12944,11990,11991,31,3
12945,11991,11992,2,3
12946,11992,11974,5,3
12947,11993,11994,2,3
12948,11994,11995,10,3
12949,11995,11996,5,3
12950,11996,11976,13,3
12951,10729,11997,4,3
12952,11997,11984,22,3
12953,11998,11987,43,3
12954,11999,12000,55,3
12955,12000,11987,5,3
12956,11948,12001,23,3
12957,12002,12003,12,3
12958,12003,11862,12,3
12959,12004,12005,13,3
12960,12005,12006,10,3
12961,12006,12007,52,3
12962,12007,12008,26,3
12963,12008,12009,54,3
12964,12009,11830,13,3
12965,11948,12010,62,3
12966,12010,12004,12,3
12967,11937,12011,7,3
12968,12011,11926,32,3
12969,11989,12012,17,3
12970,12012,11926,33,3
12971,11849,12013,5,3
12972,12013,12014,10,3
12973,12014,12015,8,3
12974,12015,12016,10,3
12975,12016,12017,6,3
12976,12017,11937,7,3
12977,12018,12019,56,3
12978,12019,12020,40,3
12979,12020,11937,7,3
12980,10089,12021,11,3
12981,12021,12022,46,3
12982,12022,6134,6,3
12983,12023,12024,2,3
12984,12024,12025,32,3
12985,12025,6134,8,3
12986,12026,12027,39,3
12987,12027,12028,9,3
12988,12028,6135,14,3
12989,12029,12030,3,3
12990,12030,12031,54,3
12991,12031,6135,50,3
12992,12032,12033,32,3
12993,12033,11998,6,3
12994,12034,12035,27,3
12995,12035,11998,8,3
12996,11884,12036,5,3
12997,12036,12032,30,3
12998,8332,12037,4,3
12999,12037,12034,26,3
13000,12018,12038,28,3
13001,12038,11935,2,3
13002,11910,12039,9,3
13003,12039,12040,4,3
13004,12040,12041,12,3
13005,12041,12042,9,3
13006,12042,12043,7,3
13007,12043,12044,6,3
13008,12044,12018,21,3
13009,12045,12046,5,3
13010,12046,12047,4,3
13011,12047,12048,25,3
13012,12048,9489,3,3
13013,11832,12049,18,3
13014,12049,12002,9,3
13015,12050,11883,26,3
13016,12051,12052,18,3
13017,12052,11883,38,3
13018,10729,12053,4,3
13019,12053,12054,4,3
13020,12054,12055,97,3
13021,12055,11884,5,3
13022,11999,12056,37,3
13023,12056,12057,5,3
13024,12057,11884,5,3
13025,12058,12050,29,3
13026,12059,12050,57,3
13027,12060,12061,6,3
13028,12061,12051,19,3
13029,11941,12062,10,3
13030,12062,12063,11,3
13031,12063,12064,20,3
13032,12064,8620,5,3
13033,12065,12066,56,3
13034,12066,12067,23,3
13035,12067,12068,9,3
13036,12068,12069,28,3
13037,12069,12070,26,3
13038,12070,12071,3,3
13039,12071,12072,5,3
13040,12072,8332,4,3
13041,12073,12074,8,3
13042,12074,12075,33,3
13043,12075,12076,6,3
13044,12076,8332,4,3
13045,12077,12078,16,3
13046,12078,12079,3,3
13047,12079,12080,2,3
13048,12080,11941,7,3
13049,3447,12081,8,3
13050,12081,11953,28,3
13051,11849,12082,37,3
13052,12082,12083,3,3
13053,12083,11993,2,3
13054,11867,12084,2,3
13055,12084,12085,42,3
13056,12085,12077,3,3
13057,12086,12087,30,3
13058,12087,9019,7,3
13059,12088,12089,8,3
13060,12089,12090,24,3
13061,12090,12091,50,3
13062,12091,9019,5,3
13063,8992,12092,9,3
13064,12092,9019,17,3
13065,10100,12093,27,3
13066,12093,12094,81,3
13067,12094,8460,5,3
13068,8370,12095,5,3
13069,12095,12096,1,3
13070,12096,12097,5,3
13071,12097,8464,45,3
13072,6254,12098,29,3
13073,12098,8464,31,3
13074,8981,12099,13,3
13075,12099,9005,17,3
13076,9005,12100,10,3
13077,12100,12101,37,3
13078,12101,12102,17,3
13079,12102,12103,17,3
13080,12103,12104,30,3
13081,12104,12105,25,3
13082,12105,12086,26,3
13083,6263,12106,7,3
13084,12106,12107,5,3
13085,12107,12108,8,3
13086,12108,12109,37,3
13087,12109,12110,9,3
13088,12110,8370,5,3
13089,6261,12111,27,3
13090,12111,8370,5,3
13091,6263,12112,7,3
13092,12112,12113,30,3
13093,12113,6254,8,3
13094,11928,12114,9,3
13095,12114,12115,73,3
13096,12115,3440,6,3
13097,12116,12117,11,3
13098,12117,12118,7,3
13099,12118,12119,8,3
13100,12119,12120,7,3
13101,12120,8702,4,3
13102,8702,12121,4,3
13103,12121,12122,7,3
13104,12122,12123,1,3
13105,12123,12124,4,3
13106,12124,12125,3,3
13107,12125,12126,7,3
13108,12126,12127,27,3
13109,12127,12128,74,3
13110,12128,12129,6,3
13111,12130,12131,106,3
13112,12131,8702,4,3
13113,12132,12133,31,3
13114,12133,12134,18,3
13115,12134,8702,4,3
13116,12135,12136,6,3
13117,12136,12137,2,3
13118,12137,12138,2,3
13119,12138,12139,2,3
13120,12139,12140,1,3
13121,12140,12141,8,3
13122,12141,8702,4,3
13123,12142,12116,29,3
13124,12143,12116,114,3
13125,12129,12144,6,3
13126,12144,12145,39,3
13127,12146,12147,29,3
13128,12147,12148,1,3
13129,12148,12149,5,3
13130,12149,12129,6,3
13131,12129,12150,3,3
13132,12150,12151,47,3
13133,12151,12152,24,3
13134,12152,12135,39,3
13135,12153,12154,17,3
13136,12154,12155,21,3
13137,12155,12156,10,3
13138,12156,12157,20,3
13139,12157,12158,3,3
13140,12158,12129,5,3
13141,12159,12160,2,3
13142,12160,12161,55,3
13143,12161,12129,5,3
13144,4596,8696,41,3
13145,12162,12163,39,3
13146,12163,4621,3,3
13147,12164,8719,26,3
13148,12165,8719,37,3
13149,12166,12167,7,3
13150,12167,12168,30,3
13151,12168,12169,15,3
13152,12169,12170,26,3
13153,12170,12171,34,3
13154,12171,12172,13,3
13155,12172,12173,14,3
13156,12164,12174,7,3
13157,12174,12173,17,3
13158,12175,12176,22,3
13159,12176,12173,36,3
13160,12177,12178,38,3
13161,12178,12179,38,3
13162,12179,12166,50,3
13163,12180,12181,30,3
13164,12181,12166,13,3
13165,12165,12182,27,3
13166,12182,12164,38,3
13167,12183,12175,26,3
13168,4502,12184,4,3
13169,12184,12185,13,3
13170,12185,12186,4,3
13171,12186,12187,4,3
13172,12187,12188,2,3
13173,12188,12189,3,3
13174,12189,12190,35,3
13175,12190,12175,18,3
13176,9290,12191,33,3
13177,12191,12192,9,3
13178,9290,12193,4,3
13179,12193,12194,6,3
13180,12194,12195,9,3
13181,12195,12196,5,3
13182,12196,12192,5,3
13183,12197,12198,33,3
13184,12198,12199,10,3
13185,12199,12200,47,3
13186,12200,12201,47,3
13187,12201,12192,9,3
13188,12202,12203,7,3
13189,12203,12204,10,3
13190,12204,12205,9,3
13191,12205,12192,10,3
13192,12206,12197,70,3
13193,12207,12197,29,3
13194,4519,12208,10,3
13195,12208,12209,1,3
13196,12209,4502,10,3
13197,4526,12210,6,3
13198,12210,12211,7,3
13199,12211,4519,26,3
13200,4525,4526,39,3
13201,12212,12206,29,3
13202,12213,12214,4,3
13203,12214,12206,24,3
13204,12215,12207,32,3
13205,12212,12207,72,3
13206,3786,12216,11,3
13207,12216,12217,13,3
13208,12217,12218,15,3
13209,12218,12177,25,3
13210,12180,12219,42,3
13211,12219,12220,17,3
13212,12220,12221,18,3
13213,12221,12177,6,3
13214,12222,12223,12,3
13215,12223,12224,25,3
13216,12224,12225,30,3
13217,12225,12226,72,3
13218,12226,12180,13,3
13219,4616,12227,5,3
13220,12227,12228,68,3
13221,12228,12180,42,3
13222,12229,12230,6,3
13223,12230,12231,41,3
13224,12231,12232,34,3
13225,12232,12233,11,3
13226,12233,12234,27,3
13227,12234,12235,12,3
13228,12235,12236,36,3
13229,12236,12237,7,3
13230,12237,12238,24,3
13231,12238,12239,23,3
13232,12239,12240,17,3
13233,12240,12241,18,3
13234,12242,12243,16,3
13235,12243,12244,64,3
13236,12244,12241,18,3
13237,12245,12246,1,3
13238,12246,12247,73,3
13239,12247,12241,2,3
13240,12248,12249,46,3
13241,12249,12241,18,3
13242,12250,12251,6,3
13243,12251,12252,55,3
13244,12252,12241,18,3
13245,12253,12215,73,3
13246,12254,12255,8,3
13247,12255,12215,33,3
13248,12256,12253,34,3
13249,12212,12253,31,3
13250,12257,12258,5,3
13251,12258,12259,5,3
13252,12259,12253,65,3
13253,12256,12260,76,3
13254,12260,12254,8,3
13255,12261,12262,16,3
13256,12262,12263,23,3
13257,12263,12254,8,3
13258,12264,12265,4,3
13259,12265,12266,9,3
13260,12266,12267,3,3
13261,12267,12268,4,3
13262,12268,12269,85,3
13263,12269,12254,8,3
13264,12270,12248,90,3
13265,12271,12272,19,3
13266,12272,12248,7,3
13267,12273,12274,39,3
13268,12274,12250,6,3
13269,12275,12276,27,3
13270,12276,12250,6,3
13271,12277,12261,31,3
13272,12278,12279,28,3
13273,12279,12264,11,3
13274,12280,12281,15,3
13275,12281,12282,13,3
13276,12282,12264,17,3
13277,12283,12284,2,3
13278,12284,12270,37,3
13279,12275,12270,44,3
13280,12285,12286,29,3
13281,12286,12287,19,3
13282,12287,12288,12,3
13283,12288,12289,12,3
13284,12289,12290,13,3
13285,12290,12291,19,3
13286,12291,12271,50,3
13287,12292,12293,3,3
13288,12293,12294,33,3
13289,12294,12295,3,3
13290,12295,12296,3,3
13291,12296,12297,3,3
13292,12297,12298,38,3
13293,12298,12271,6,3
13294,12299,12300,36,3
13295,12300,3341,2,3
13296,12280,12285,94,3
13297,12301,12302,14,3
13298,12302,12303,6,3
13299,12303,12304,17,3
13300,12304,12285,5,3
13301,12305,12306,52,3
13302,12306,12292,3,3
13303,12307,12308,21,3
13304,12308,12292,3,3
13305,12309,12310,10,3
13306,12310,12311,18,3
13307,12311,12312,1,3
13308,12312,12313,109,3
13309,12313,12292,3,3
13310,12314,12280,37,3
13311,12301,12314,80,3
13312,12315,12316,3,3
13313,12316,12314,19,3
13314,12278,12317,8,3
13315,12317,12318,35,3
13316,12318,12314,14,3
13317,12319,12301,23,3
13318,12320,12321,5,3
13319,12321,12322,62,3
13320,12322,3786,4,3
13321,12323,12324,27,3
13322,12325,12324,31,3
13323,12202,12326,7,3
13324,12326,12323,44,3
13325,12327,12328,9,3
13326,12328,12325,123,3
13327,12329,12330,5,3
13328,12330,12331,3,3
13329,12331,12325,38,3
13330,12332,12333,39,3
13331,12333,3340,2,3
13332,12334,12273,40,3
13333,12245,12335,1,3
13334,12335,12273,25,3
13335,12336,12334,41,3
13336,12337,12338,13,3
13337,12338,12339,88,3
13338,12339,12245,1,3
13339,12340,12341,23,3
13340,12341,12245,1,3
13341,12342,12340,32,3
13342,12343,12344,25,3
13343,12344,12345,16,3
13344,12345,3302,6,3
13345,3311,12346,6,3
13346,12346,12347,17,3
13347,12347,12348,10,3
13348,12348,12349,9,3
13349,12349,12350,3,3
13350,12350,3302,6,3
13351,12351,12352,30,3
13352,12352,11442,5,3
13353,7426,12353,3,3
13354,12353,12354,10,3
13355,12354,12355,32,3
13356,12355,11442,5,3
13357,12356,12357,9,3
13358,12357,12351,30,3
13359,12358,12359,6,3
13360,12359,12360,1,3
13361,12360,12361,17,3
13362,12361,12362,5,3
13363,12362,12363,32,3
13364,12363,12351,5,3
13365,9265,12364,2,3
13366,12364,12365,2,3
13367,12365,7426,15,3
13368,3339,12299,48,3
13369,12366,12367,7,3
13370,12367,12368,20,3
13371,12368,12369,1,3
13372,12369,12370,6,3
13373,12370,12299,8,3
13374,12329,12371,18,3
13375,12371,12372,3,3
13376,12372,12373,3,3
13377,12374,12375,5,3
13378,12375,12376,5,3
13379,12376,12377,5,3
13380,12377,12378,14,3
13381,12378,12373,3,3
13382,12213,12379,24,3
13383,12379,12380,25,3
13384,12380,12381,3,3
13385,12381,12373,3,3
13386,12382,12383,3,3
13387,12383,12384,51,3
13388,12384,12385,4,3
13389,12385,12373,3,3
13390,12257,12386,5,3
13391,12386,12374,85,3
13392,12387,12388,3,3
13393,12388,12389,8,3
13394,12389,12390,5,3
13395,12390,12391,15,3
13396,12391,12374,3,3
13397,12392,12393,32,3
13398,12393,12327,9,3
13399,12394,12395,108,3
13400,12395,12327,4,3
13401,12396,12397,22,3
13402,12397,12327,9,3
13403,12398,12399,5,3
13404,12399,12400,6,3
13405,12400,11516,13,3
13406,12401,12402,13,3
13407,12402,12403,8,3
13408,12403,12404,25,3
13409,12404,12405,17,3
13410,12405,11516,11,3
13411,12406,12407,12,3
13412,12407,12408,18,3
13413,12408,12409,19,3
13414,12409,12410,1,3
13415,12410,12411,6,3
13416,12411,12412,2,3
13417,12412,12413,6,3
13418,12413,12414,14,3
13419,12414,11521,7,3
13420,12415,12416,3,3
13421,12416,12417,10,3
13422,12417,12418,2,3
13423,12418,11521,7,3
13424,12419,12420,4,3
13425,12420,12421,16,3
13426,12421,9300,6,3
13427,12422,12423,3,3
13428,12423,12307,26,3
13429,12309,12424,98,3
13430,12424,12307,5,3
13431,12425,12309,34,3
13432,12426,12427,77,3
13433,12428,12429,8,3
13434,12429,12427,37,3
13435,12430,12427,21,3
13436,12431,12426,20,3
13437,12432,12433,15,3
13438,12433,12434,7,3
13439,12434,12426,54,3
13440,12435,12436,4,3
13441,12436,12437,67,3
13442,12437,12428,8,3
13443,12438,12439,5,3
13444,12439,12440,65,3
13445,12440,12441,6,3
13446,12441,12442,11,3
13447,12442,12428,8,3
13448,12443,12430,20,3
13449,12431,12430,71,3
13450,4673,12444,6,3
13451,12444,12445,6,3
13452,12445,12446,5,3
13453,12446,12447,4,3
13454,12447,12448,2,3
13455,12448,12449,7,3
13456,12449,4508,9,3
13457,12450,12451,26,3
13458,12451,12452,7,3
13459,12452,12453,10,3
13460,12453,12454,7,3
13461,12454,12455,3,3
13462,12455,4508,9,3
13463,12342,12456,21,3
13464,12456,12457,9,3
13465,12457,4673,9,3
13466,3339,12332,55,3
13467,12458,12459,7,3
13468,12459,12460,3,3
13469,12460,12461,11,3
13470,12461,12332,11,3
13471,12462,12425,34,3
13472,12422,12463,3,3
13473,12463,12425,96,3
13474,12432,12431,65,3
13475,12315,12464,4,3
13476,12464,12431,16,3
13477,12319,12432,20,3
13478,12315,12465,4,3
13479,12465,12319,68,3
13480,12466,12467,11,3
13481,12467,12468,17,3
13482,12468,12469,5,3
13483,12469,12257,5,3
13484,12382,12470,4,3
13485,12470,12471,5,3
13486,12471,12472,4,3
13487,12472,12473,8,3
13488,12473,12474,15,3
13489,12474,12475,5,3
13490,12475,12257,5,3
13491,12476,12477,29,3
13492,12477,12257,5,3
13493,12478,12479,4,3
13494,12479,12480,11,3
13495,12480,12481,6,3
13496,12481,12482,17,3
13497,12482,12483,14,3
13498,12483,12484,2,3
13499,12484,12485,9,3
13500,12485,12466,6,3
13501,12256,12486,68,3
13502,12486,12487,2,3
13503,12487,12466,1,3
13504,12213,12488,14,3
13505,12488,12382,19,3
13506,12476,12387,93,3
13507,12392,12489,31,3
13508,12489,12387,5,3
13509,12490,12343,28,3
13510,12491,12492,25,3
13511,12478,12493,3,3
13512,12493,12494,3,3
13513,12494,12492,24,3
13514,12495,12496,25,3
13515,12496,12491,2,3
13516,12497,12498,34,3
13517,12498,12478,3,3
13518,12275,12499,37,3
13519,12283,12500,2,3
13520,12500,12499,43,3
13521,12501,12499,35,3
13522,12502,12503,25,3
13523,12503,12504,21,3
13524,12504,12283,2,3
13525,12505,12506,9,3
13526,12506,12507,9,3
13527,12507,12508,7,3
13528,12508,12501,14,3
13529,12509,12510,16,3
13530,12510,12511,37,3
13531,12511,12366,7,3
13532,12509,12512,16,3
13533,12512,12513,25,3
13534,12513,12514,6,3
13535,12514,12366,7,3
13536,12515,12516,1,3
13537,12516,12517,24,3
13538,12517,12518,25,3
13539,12518,12366,7,3
13540,3339,12519,35,3
13541,12519,12509,16,3
13542,12458,12520,7,3
13543,12520,12521,4,3
13544,12521,12522,11,3
13545,12522,12523,6,3
13546,12523,12509,21,3
13547,12524,12525,31,3
13548,12525,12526,30,3
13549,12526,12527,16,3
13550,12527,12528,1,3
13551,12528,12509,9,3
13552,12529,12530,37,3
13553,11083,12531,10,3
13554,12531,12532,1,3
13555,12532,12533,2,3
13556,12533,12534,2,3
13557,12534,12530,42,3
13558,12229,12535,20,3
13559,12535,12536,23,3
13560,12536,12537,42,3
13561,12537,12538,32,3
13562,12538,12539,59,3
13563,12539,12540,32,3
13564,12541,12542,13,3
13565,12542,12543,44,3
13566,12543,12544,46,3
13567,12544,12540,32,3
13568,12541,12545,5,3
13569,12545,12546,91,3
13570,12546,12540,24,3
13571,12547,12548,23,3
13572,12548,12549,19,3
13573,12549,12550,86,3
13574,12550,12540,11,3
13575,12551,12552,43,3
13576,12552,12540,33,3
13577,12553,12554,58,3
13578,12554,12540,23,3
13579,12555,12229,41,3
13580,12556,12557,13,3
13581,12557,12558,8,3
13582,12558,12559,10,3
13583,12559,12560,15,3
13584,12560,12541,13,3
13585,12547,12561,6,3
13586,12561,12562,21,3
13587,12562,12563,13,3
13588,12563,12564,12,3
13589,12564,12541,13,3
13590,12565,12476,34,3
13591,12497,12476,102,3
13592,12566,12567,12,3
13593,12567,12568,5,3
13594,12568,12569,13,3
13595,12569,12570,13,3
13596,12570,12571,7,3
13597,12571,8726,9,3
13598,12572,12573,12,3
13599,12573,8726,11,3
13600,12574,12575,2,3
13601,12575,12576,2,3
13602,12576,12577,3,3
13603,12577,12578,11,3
13604,12578,12579,6,3
13605,12579,12580,2,3
13606,12580,12458,7,3
13607,12581,12515,37,3
13608,3292,12582,48,3
13609,12582,12356,9,3
13610,12566,12583,8,3
13611,12583,12584,2,3
13612,12584,12585,17,3
13613,12585,12586,62,3
13614,12586,3292,5,3
13615,12587,12588,61,3
13616,12588,3292,6,3
13617,12589,12590,52,3
13618,12398,12591,9,3
13619,12591,12592,3,3
13620,12592,12590,79,3
13621,12593,12594,6,3
13622,12594,12595,5,3
13623,12595,12596,39,3
13624,12596,12590,5,3
13625,3142,12589,33,3
13626,12597,12598,5,3
13627,12598,12599,50,3
13628,12599,12589,5,3
13629,12600,12601,27,3
13630,12601,12398,12,3
13631,12597,12602,4,3
13632,12602,12603,14,3
13633,12603,12604,2,3
13634,12604,12593,3,3
13635,12605,12606,7,3
13636,12606,12607,5,3
13637,12607,12608,4,3
13638,12608,12609,7,3
13639,12609,12610,6,3
13640,12610,12611,9,3
13641,12611,12593,3,3
13642,12612,12490,27,3
13643,12613,12462,34,3
13644,12614,12615,6,3
13645,12615,12462,88,3
13646,12435,12616,5,3
13647,12616,12617,4,3
13648,12617,12618,7,3
13649,12618,12619,5,3
13650,12619,12462,114,3
13651,12620,12621,2,3
13652,12621,12613,79,3
13653,12622,12623,4,3
13654,12623,12613,100,3
13655,12422,12624,3,3
13656,12624,12625,6,3
13657,12625,12626,29,3
13658,12626,12614,6,3
13659,12620,12627,2,3
13660,12627,12628,24,3
13661,12628,12614,6,3
13662,12622,12629,7,3
13663,12629,12630,8,3
13664,12630,12435,4,3
13665,12631,12632,6,3
13666,12632,12633,15,3
13667,12633,12634,14,3
13668,12634,12435,3,3
13669,12635,12587,20,3
13670,11433,12636,16,3
13671,12636,12587,18,3
13672,12637,12638,16,3
13673,12638,12639,17,3
13674,12639,12640,35,3
13675,12640,3848,4,3
13676,12641,12642,25,3
13677,12642,12643,6,3
13678,12643,12644,22,3
13679,12644,12645,4,3
13680,12645,3848,2,3
13681,12502,12646,6,3
13682,12646,12647,5,3
13683,12647,12648,54,3
13684,12648,12422,3,3
13685,12649,12650,15,3
13686,12650,12651,16,3
13687,12651,12547,23,3
13688,12556,12652,2,3
13689,12652,12653,8,3
13690,12653,12654,54,3
13691,12654,12547,23,3
13692,12655,12656,71,3
13693,12656,12657,30,3
13694,12657,12547,5,3
13695,12658,12659,14,3
13696,12659,12660,21,3
13697,12660,12505,3,3
13698,12661,12662,6,3
13699,12662,12663,5,3
13700,12663,12664,8,3
13701,12664,12665,13,3
13702,12665,12666,14,3
13703,12666,12505,18,3
13704,3219,12667,7,3
13705,12667,12668,24,3
13706,12668,12669,11,3
13707,12669,12670,10,3
13708,12670,12671,10,3
13709,12671,12406,29,3
13710,12672,12673,15,3
13711,12673,12674,3,3
13712,12674,12675,3,3
13713,12675,12676,7,3
13714,12676,12406,13,3
13715,12677,12678,5,3
13716,12678,12679,3,3
13717,12679,12680,12,3
13718,12680,12681,14,3
13719,12681,12682,13,3
13720,12682,12683,14,3
13721,12683,12684,12,3
13722,12684,12685,8,3
13723,12685,12415,4,3
13724,12401,12686,24,3
13725,12686,12687,37,3
13726,12687,12415,3,3
13727,12688,12689,9,3
13728,12689,12690,4,3
13729,12690,12691,5,3
13730,12691,12692,2,3
13731,12692,12693,3,3
13732,12693,12677,7,3
13733,12694,12695,20,3
13734,12695,12696,2,3
13735,12696,12697,1,3
13736,12697,12677,9,3
13737,12565,12394,34,3
13738,12698,12699,13,3
13739,12699,12700,26,3
13740,12700,12701,4,3
13741,12701,12394,10,3
13742,12702,12622,54,3
13743,12703,12704,83,3
13744,12704,12631,5,3
13745,12705,12706,17,3
13746,12706,12631,4,3
13747,12637,12707,8,3
13748,12707,12708,8,3
13749,12708,12709,8,3
13750,12709,12556,8,3
13751,12649,12710,67,3
13752,12710,12711,10,3
13753,12711,12637,2,3
13754,12712,12565,97,3
13755,12392,12565,103,3
13756,12497,12712,36,3
13757,12713,12714,2,3
13758,12714,12715,13,3
13759,12715,12712,24,3
13760,12716,12717,2,3
13761,12717,12718,8,3
13762,12718,12719,7,3
13763,12719,12581,9,3
13764,12720,12702,23,3
13765,12721,12702,132,3
13766,12722,12723,9,3
13767,12723,12649,33,3
13768,12721,12724,30,3
13769,12724,12620,2,3
13770,12725,12726,29,3
13771,12726,12727,83,3
13772,12727,12620,2,3
13773,12574,12612,35,3
13774,12728,12729,3,3
13775,12729,12612,25,3
13776,12730,12731,9,3
13777,12731,12732,24,3
13778,12732,12574,1,3
13779,11602,12733,7,3
13780,12733,12728,14,3
13781,11602,12734,7,3
13782,12734,12735,8,3
13783,12735,12736,7,3
13784,12736,12737,7,3
13785,12737,12738,6,3
13786,12738,12739,9,3
13787,12739,12730,9,3
13788,12740,12741,51,3
13789,12741,12742,6,3
13790,12742,12743,4,3
13791,12743,12744,7,3
13792,12744,12745,29,3
13793,12745,12746,44,3
13794,12746,12747,21,3
13795,12747,12748,12,3
13796,12748,12749,31,3
13797,12749,12730,9,3
13798,12698,12750,13,3
13799,12750,12751,41,3
13800,12751,12752,16,3
13801,12752,12713,2,3
13802,12698,12753,2,3
13803,12753,12754,57,3
13804,12754,12755,10,3
13805,12755,12756,35,3
13806,12756,12713,2,3
13807,12438,12757,5,3
13808,12757,12758,33,3
13809,12758,12713,2,3
13810,11618,12759,5,3
13811,12759,12760,7,3
13812,12760,12761,8,3
13813,12761,12762,3,3
13814,12762,12763,2,3
13815,12763,12764,2,3
13816,12764,12765,2,3
13817,12765,12766,3,3
13818,12766,3280,5,3
13819,11433,12767,3,3
13820,12767,12768,9,3
13821,12768,12769,7,3
13822,12769,12770,3,3
13823,12770,12771,5,3
13824,12771,12772,5,3
13825,12772,11618,5,3
13826,12773,12774,17,3
13827,12774,12775,18,3
13828,12775,12438,5,3
13829,12776,12777,6,3
13830,12777,12778,8,3
13831,12778,12779,30,3
13832,12779,12780,2,3
13833,12780,12781,52,3
13834,12781,12782,29,3
13835,12782,12783,2,3
13836,12783,12784,6,3
13837,12784,12785,12,3
13838,12785,12438,5,3
13839,12786,12787,3,3
13840,12787,12788,22,3
13841,12788,12597,5,3
13842,12789,12605,42,3
13843,12790,12791,2,3
13844,12791,12792,5,3
13845,12792,12793,14,3
13846,12793,12794,11,3
13847,12794,12795,6,3
13848,12795,12796,4,3
13849,12796,12797,4,3
13850,12797,12798,7,3
13851,12798,12799,11,3
13852,12799,12800,7,3
13853,12800,3286,6,3
13854,12801,12802,14,3
13855,12802,12803,5,3
13856,12803,12804,4,3
13857,12804,12805,4,3
13858,12805,12806,4,3
13859,12806,12807,3,3
13860,12807,12808,3,3
13861,12808,12809,8,3
13862,12809,12810,7,3
13863,12810,12811,9,3
13864,12811,12812,4,3
13865,12812,12813,7,3
13866,12813,12814,8,3
13867,12814,12815,7,3
13868,12815,12816,6,3
13869,12816,12817,5,3
13870,12817,12818,6,3
13871,12818,12819,11,3
13872,12819,12820,5,3
13873,12820,3286,6,3
13874,12821,12822,2,3
13875,12822,12721,31,3
13876,12725,12721,84,3
13877,12823,12824,16,3
13878,12824,12725,31,3
13879,12825,12826,27,3
13880,12826,3858,6,3
13881,12827,12828,5,3
13882,12828,12829,1,3
13883,12829,12830,15,3
13884,12830,12831,11,3
13885,12831,12832,71,3
13886,12832,12833,49,3
13887,12833,12834,11,3
13888,12834,12835,12,3
13889,12835,3858,9,3
13890,12836,12837,23,3
13891,12837,12838,26,3
13892,12838,12825,8,3
13893,11066,12839,13,3
13894,12839,12840,45,3
13895,12840,12825,14,3
13896,3884,12841,6,3
13897,12841,12842,3,3
13898,12842,12843,18,3
13899,12843,12827,3,3
13900,3840,12844,6,3
13901,12844,12845,25,3
13902,12845,12827,72,3
13903,12846,12847,58,3
13904,12847,12848,6,3
13905,12848,12849,1,3
13906,12849,12827,6,3
13907,12850,12703,33,3
13908,12720,12703,41,3
13909,12851,12703,82,3
13910,12852,12705,30,3
13911,12853,12854,7,3
13912,12854,12855,21,3
13913,12855,12856,5,3
13914,12856,12857,52,3
13915,12857,12858,6,3
13916,12858,12705,25,3
13917,12859,12860,44,3
13918,12860,12836,21,3
13919,12861,12862,22,3
13920,12862,12863,76,3
13921,12863,12864,11,3
13922,12864,12865,44,3
13923,12865,12836,14,3
13924,12722,12866,9,3
13925,12866,12641,47,3
13926,12867,12868,13,3
13927,12868,12869,8,3
13928,12869,12641,2,3
13929,12722,12870,9,3
13930,12870,12871,4,3
13931,12871,12872,28,3
13932,12872,12873,6,3
13933,12722,12874,9,3
13934,12874,12875,26,3
13935,12875,12876,2,3
13936,12876,12873,6,3
13937,12655,12877,29,3
13938,12877,12878,2,3
13939,12878,12722,9,3
13940,12879,12880,2,3
13941,12880,12881,4,3
13942,12881,12882,11,3
13943,12882,12867,22,3
13944,12873,12883,6,3
13945,12883,12884,7,3
13946,12884,12867,53,3
13947,12885,12879,42,3
13948,3835,12886,29,3
13949,12886,12887,4,3
13950,12887,12879,28,3
13951,12888,12885,38,3
13952,12889,12885,59,3
13953,12889,3835,41,3
13954,12890,12891,50,3
13955,12891,12892,14,3
13956,12892,3290,24,3
13957,12893,12894,7,3
13958,12894,12895,11,3
13959,12895,12896,18,3
13960,12896,12786,3,3
13961,3142,12897,5,3
13962,12897,12898,70,3
13963,12898,12899,5,3
13964,12899,12786,3,3
13965,12900,12901,4,3
13966,12901,12902,28,3
13967,12902,12698,13,3
13968,12903,12904,23,3
13969,12904,12658,33,3
13970,4678,12658,51,3
13971,12905,12906,52,3
13972,12906,12903,23,3
13973,12823,12907,16,3
13974,12907,12908,4,3
13975,12908,12909,101,3
13976,12909,12903,7,3
13977,12910,12911,52,3
13978,12911,12903,11,3
13979,4693,12912,22,3
13980,12912,12903,22,3
13981,12913,12914,53,3
13982,12914,12903,22,3
13983,12915,12916,62,3
13984,12916,12903,9,3
13985,12905,4678,33,3
13986,12917,12918,31,3
13987,12918,4678,30,3
13988,12910,12905,34,3
13989,4671,12905,84,3
13990,12919,12917,27,3
13991,12853,12852,38,3
13992,12850,12920,61,3
13993,12920,12921,11,3
13994,12921,12922,14,3
13995,12922,12852,10,3
13996,12923,12924,23,3
13997,12924,12925,9,3
13998,12925,12926,46,3
13999,12926,12853,7,3
14000,12927,12850,75,3
14001,12923,12850,31,3
14002,3143,12928,53,3
14003,12928,12893,7,3
14004,3143,12929,22,3
14005,12929,12930,46,3
14006,12930,12893,7,3
14007,12688,12931,3,3
14008,12931,12932,7,3
14009,12932,12933,2,3
14010,12933,12934,4,3
14011,12934,12935,2,3
14012,12935,12936,4,3
14013,12936,12937,3,3
14014,12937,12893,7,3
14015,12938,12939,3,3
14016,12939,12720,33,3
14017,12821,12940,2,3
14018,12940,12941,12,3
14019,12941,12942,55,3
14020,12942,12943,12,3
14021,12943,12938,3,3
14022,12944,12945,4,3
14023,12945,12946,5,3
14024,12946,12947,76,3
14025,12947,12938,3,3
14026,12948,12949,11,3
14027,12949,12950,4,3
14028,12950,12889,56,3
14029,12951,12952,30,3
14030,12952,12688,10,3
14031,12953,12954,7,3
14032,12954,12955,1,3
14033,12955,12956,9,3
14034,12956,12957,2,3
14035,12957,12958,11,3
14036,12958,12959,2,3
14037,12959,3219,7,3
14038,12960,12961,9,3
14039,12961,12962,3,3
14040,12962,12888,17,3
14041,12963,12964,11,3
14042,12964,12965,16,3
14043,12965,12888,7,3
14044,12966,12967,5,3
14045,12967,12968,40,3
14046,12968,12969,35,3
14047,12969,12970,4,3
14048,12970,12971,37,3
14049,12971,12972,22,3
14050,12972,3840,8,3
14051,3884,12973,6,3
14052,12973,12974,6,3
14053,12974,12859,61,3
14054,12975,12976,4,3
14055,12976,12977,44,3
14056,12977,12978,13,3
14057,12978,12979,5,3
14058,12979,12980,9,3
14059,12980,12981,31,3
14060,12981,12982,51,3
14061,12982,12983,37,3
14062,12983,12984,41,3
14063,12984,12985,95,3
14064,12985,12859,18,3
14065,12529,12861,114,3
14066,12986,12987,3,3
14067,12987,12988,123,3
14068,12988,12989,1,3
14069,12989,12861,39,3
14070,12960,12990,9,3
14071,12990,12991,3,3
14072,12991,12992,20,3
14073,12992,12873,6,3
14074,12993,12994,4,3
14075,12994,12995,4,3
14076,12995,12851,49,3
14077,12927,12996,21,3
14078,12996,12851,11,3
14079,12776,12997,6,3
14080,12997,12998,10,3
14081,12998,12999,149,3
14082,12999,13000,10,3
14083,13000,7153,4,3
14084,7153,13001,4,3
14085,13001,13002,9,3
14086,13002,13003,138,3
14087,13003,13004,7,3
14088,13004,13005,11,3
14089,13005,12776,8,3
14090,13006,13007,18,3
14091,13007,13008,7,3
14092,13008,12776,8,3
14093,13009,13010,5,3
14094,13010,13011,13,3
14095,13011,13012,8,3
14096,13012,13013,72,3
14097,13013,13014,5,3
14098,13014,12776,6,3
14099,12776,13015,6,3
14100,13015,13016,10,3
14101,13016,13017,20,3
14102,13017,13018,25,3
14103,13018,13019,104,3
14104,13019,13020,115,3
14105,13020,13021,14,3
14106,13021,4686,4,3
14107,13022,13023,36,3
14108,13023,13024,5,3
14109,13024,12776,8,3
14110,13025,13026,6,3
14111,13026,13027,36,3
14112,13027,13028,36,3
14113,13028,13029,9,3
14114,13029,13030,8,3
14115,13030,12776,8,3
14116,13031,13032,38,3
14117,13032,12900,4,3
14118,13033,13034,15,3
14119,13034,13035,9,3
14120,13035,13036,10,3
14121,13036,13037,30,3
14122,13037,12900,4,3
14123,12821,13038,2,3
14124,13038,13039,30,3
14125,12944,13040,4,3
14126,13040,13039,25,3
14127,12823,13041,16,3
14128,13041,13042,5,3
14129,13042,13039,81,3
14130,12823,13043,16,3
14131,13043,13044,85,3
14132,13044,12821,2,3
14133,12993,13045,34,3
14134,13045,12944,4,3
14135,12823,13046,16,3
14136,13046,13047,5,3
14137,13047,13048,15,3
14138,13048,13049,6,3
14139,13049,13050,9,3
14140,13050,13051,39,3
14141,13051,13052,39,3
14142,13052,13053,5,3
14143,13053,12944,4,3
14144,12915,13054,41,3
14145,13054,12823,1,3
14146,11578,13055,6,3
14147,13055,13056,6,3
14148,13056,13057,46,3
14149,13057,13058,33,3
14150,12801,13059,7,3
14151,13059,13060,2,3
14152,13060,13061,11,3
14153,13061,13058,8,3
14154,13062,13063,5,3
14155,13063,13064,2,3
14156,13064,13065,3,3
14157,13065,13066,2,3
14158,13066,13067,15,3
14159,13067,13068,4,3
14160,13068,13069,2,3
14161,13069,13070,2,3
14162,13070,13071,4,3
14163,13071,13072,17,3
14164,13072,13058,8,3
14165,13062,12801,45,3
14166,13073,13074,22,3
14167,13074,13075,21,3
14168,13075,13076,4,3
14169,13076,13077,5,3
14170,13077,13078,4,3
14171,13078,13079,3,3
14172,13079,13080,3,3
14173,13080,12801,6,3
14174,13081,13082,26,3
14175,13082,13083,17,3
14176,13083,13084,1,3
14177,13084,13085,5,3
14178,13085,13086,5,3
14179,13086,13062,3,3
14180,13087,13088,16,3
14181,13088,13089,13,3
14182,13089,12960,9,3
14183,13090,12910,33,3
14184,13091,12910,85,3
14185,12948,13092,11,3
14186,13092,13093,21,3
14187,13093,12963,6,3
14188,12948,13094,10,3
14189,13094,13095,27,3
14190,13095,13096,15,3
14191,13096,12963,14,3
14192,13097,13098,10,3
14193,13098,3905,40,3
14194,13099,13100,6,3
14195,13100,13101,19,3
14196,13101,3905,8,3
14197,3083,13102,4,3
14198,13102,13103,8,3
14199,13103,13104,10,3
14200,13104,13105,6,3
14201,13105,13106,5,3
14202,13106,13107,16,3
14203,13107,3906,33,3
14204,4693,13090,54,3
14205,13091,13108,32,3
14206,13108,13109,28,3
14207,13109,13090,56,3
14208,4671,13091,33,3
14209,13110,13111,51,3
14210,13112,13111,29,3
14211,13031,13113,16,3
14212,13113,13114,3,3
14213,13114,13115,5,3
14214,13115,13116,3,3
14215,13116,13117,8,3
14216,13117,13118,4,3
14217,13118,13111,59,3
14218,12396,13110,30,3
14219,13033,13119,4,3
14220,13119,13120,7,3
14221,13120,13110,49,3
14222,7153,13121,4,3
14223,13121,13122,6,3
14224,13122,13112,25,3
14225,12986,13123,3,3
14226,13123,13124,46,3
14227,13124,12529,4,3
14228,12975,13125,137,3
14229,13125,12986,3,3
14230,13126,13127,36,3
14231,13127,13128,81,3
14232,13128,13129,66,3
14233,13129,12986,3,3
14234,3146,13130,3,3
14235,13130,13131,9,3
14236,13131,13132,3,3
14237,13132,13133,2,3
14238,13133,13134,2,3
14239,13134,13135,3,3
14240,13135,13136,2,3
14241,13136,13137,3,3
14242,13137,12951,5,3
14243,4686,13138,4,3
14244,13138,13139,7,3
14245,13139,13140,26,3
14246,13140,13141,3,3
14247,13141,12993,3,3
14248,13081,13142,13,3
14249,13142,13143,4,3
14250,13143,13144,23,3
14251,13144,13145,19,3
14252,13145,13146,10,3
14253,13146,13147,6,3
14254,13147,13148,4,3
14255,13148,13149,2,3
14256,13149,13150,3,3
14257,13150,13151,7,3
14258,13151,13152,5,3
14259,13152,13153,3,3
14260,13153,13073,22,3
14261,13154,13155,8,3
14262,13155,13156,4,3
14263,13156,13157,4,3
14264,13157,13158,3,3
14265,13158,13159,2,3
14266,13159,13160,3,3
14267,13160,13161,2,3
14268,13161,13162,2,3
14269,13162,13163,31,3
14270,13163,13164,3,3
14271,13164,13165,3,3
14272,13165,13073,5,3
14273,12790,13166,1,3
14274,13166,13167,6,3
14275,13167,13168,18,3
14276,13168,13169,18,3
14277,13169,13170,24,3
14278,13170,13073,14,3
14279,13171,13172,25,3
14280,13172,13173,15,3
14281,13173,13174,8,3
14282,13174,13175,15,3
14283,13175,13073,21,3
14284,2625,13176,22,3
14285,13176,13177,5,3
14286,4198,13178,16,3
14287,13178,13179,12,3
14288,13179,13180,14,3
14289,13180,13181,11,3
14290,13181,13182,77,3
14291,13182,13183,28,3
14292,13183,13184,31,3
14293,13184,13185,18,3
14294,13185,13177,5,3
14295,13186,13187,18,3
14296,13187,13188,8,3
14297,13188,13189,28,3
14298,13189,13177,5,3
14299,13190,13191,3,3
14300,13191,13192,33,3
14301,13192,13193,4,3
14302,13193,13194,3,3
14303,13194,13195,5,3
14304,13195,13196,58,3
14305,13196,13197,56,3
14306,13197,13198,10,3
14307,13198,13199,19,3
14308,13199,13200,25,3
14309,13200,13201,8,3
14310,13201,13202,12,3
14311,13202,13203,35,3
14312,13203,13177,5,3
14313,1589,13204,11,3
14314,13204,13205,63,3
14315,13205,13206,27,3
14316,13206,13207,1,3
14317,13207,13208,39,3
14318,13208,13209,44,3
14319,13209,2625,12,3
14320,4686,13210,4,3
14321,13210,13211,15,3
14322,13211,13212,45,3
14323,13212,13213,139,3
14324,13213,13025,6,3
14325,13214,13215,8,3
14326,13215,13216,7,3
14327,13216,13217,11,3
14328,13217,13218,6,3
14329,13218,4686,4,3
14330,11587,13219,6,3
14331,13219,13220,3,3
14332,13220,13221,16,3
14333,13221,13222,32,3
14334,13222,13223,29,3
14335,13223,12740,36,3
14336,11587,13224,32,3
14337,13224,13225,4,3
14338,13225,13226,3,3
14339,13226,13227,4,3
14340,13227,12740,49,3
14341,13228,13229,26,3
14342,13229,13230,27,3
14343,13230,13231,4,3
14344,13231,13232,4,3
14345,13232,13233,10,3
14346,13233,12740,51,3
14347,13081,13234,13,3
14348,13234,13235,6,3
14349,13235,13236,30,3
14350,13236,12740,34,3
14351,13237,13238,2,3
14352,13238,13239,52,3
14353,13239,13240,9,3
14354,13240,13228,11,3
14355,13241,13097,60,3
14356,13087,13242,2,3
14357,13242,13243,14,3
14358,13243,13244,3,3
14359,13244,13245,3,3
14360,13245,13097,7,3
14361,13246,13247,7,3
14362,13247,13248,2,3
14363,13248,13249,11,3
14364,13249,13250,12,3
14365,13250,13097,7,3
14366,13251,13241,84,3
14367,13252,13253,3,3
14368,13253,13254,20,3
14369,13254,13241,7,3
14370,13099,13255,6,3
14371,13255,13256,24,3
14372,13256,13257,19,3
14373,13257,13258,7,3
14374,13258,13259,14,3
14375,13259,13246,7,3
14376,13260,13261,10,3
14377,13261,13262,14,3
14378,13262,13246,7,3
14379,13252,13263,4,3
14380,13263,13264,48,3
14381,13264,13246,7,3
14382,13265,13266,7,3
14383,13266,13267,6,3
14384,13267,13268,6,3
14385,13268,13269,5,3
14386,13269,13270,6,3
14387,13270,13271,12,3
14388,2572,13272,9,3
14389,13272,13273,9,3
14390,13273,13274,8,3
14391,13274,13275,23,3
14392,13275,13276,17,3
14393,13276,13277,21,3
14394,13277,13278,49,3
14395,13278,13271,15,3
14396,13279,13280,16,3
14397,13280,13281,20,3
14398,13281,13282,24,3
14399,13282,13283,16,3
14400,13283,13284,15,3
14401,13284,13271,4,3
14402,13285,13286,28,3
14403,13286,13265,7,3
14404,13126,13287,41,3
14405,13287,13265,7,3
14406,11069,13288,7,3
14407,13288,13289,32,3
14408,13289,13265,7,3
14409,13279,13290,40,3
14410,13290,13291,5,3
14411,13291,2572,9,3
14412,2572,13292,9,3
14413,13292,13293,9,3
14414,13293,13294,22,3
14415,13294,13295,33,3
14416,13295,13296,35,3
14417,13296,13297,69,3
14418,13298,13299,88,3
14419,13299,13300,3,3
14420,13300,13301,16,3
14421,13301,13302,25,3
14422,13302,13303,16,3
14423,13303,13304,5,3
14424,13304,13305,5,3
14425,13305,13306,25,3
14426,13306,13307,5,3
14427,13307,13308,4,3
14428,13308,13309,16,3
14429,13309,13310,24,3
14430,13310,13311,15,3
14431,13311,13312,11,3
14432,13312,13313,26,3
14433,13313,13314,8,3
14434,13314,13279,3,3
14435,11083,13315,42,3
14436,13315,13316,5,3
14437,13316,13317,5,3
14438,13317,11069,22,3
14439,12773,13318,5,3
14440,13318,13319,14,3
14441,13319,13320,50,3
14442,13320,13006,4,3
14443,13321,13322,3,3
14444,13322,13323,15,3
14445,13323,13324,7,3
14446,13324,13325,20,3
14447,13325,13006,7,3
14448,13326,13327,3,3
14449,13327,13328,8,3
14450,13328,13329,11,3
14451,13329,13330,16,3
14452,13330,13331,10,3
14453,13331,13332,6,3
14454,11804,13333,9,3
14455,13333,13334,24,3
14456,13334,13335,4,3
14457,13335,13332,10,3
14458,13336,13337,6,3
14459,13337,13338,2,3
14460,13338,13339,28,3
14461,13339,13340,5,3
14462,13340,13332,7,3
14463,12890,13341,8,3
14464,13341,13342,17,3
14465,13342,13343,6,3
14466,13343,13332,7,3
14467,3283,13344,16,3
14468,13344,13326,14,3
14469,12890,13345,32,3
14470,13345,13326,7,3
14471,13336,13346,2,3
14472,13346,13347,5,3
14473,13347,13348,28,3
14474,13348,13349,8,3
14475,13349,13350,5,3
14476,13350,13351,2,3
14477,13351,11804,7,3
14478,13352,13353,34,3
14479,13353,13336,6,3
14480,13354,13355,2,3
14481,13355,13356,5,3
14482,13356,13357,78,3
14483,13357,13285,28,3
14484,13298,13358,9,3
14485,13358,13359,29,3
14486,13359,13285,4,3
14487,13360,13361,17,3
14488,13361,13362,5,3
14489,13362,7153,4,3
14490,13363,13364,2,3
14491,13364,13365,2,3
14492,13365,13366,6,3
14493,13366,13367,4,3
14494,13367,13368,4,3
14495,13368,13369,3,3
14496,13369,13370,2,3
14497,13370,13081,26,3
14498,13371,13372,56,3
14499,13372,13081,13,3
14500,13373,13374,7,3
14501,13374,13375,3,3
14502,13375,13376,3,3
14503,13376,13377,4,3
14504,13377,13378,14,3
14505,13378,13379,6,3
14506,13379,13009,5,3
14507,13380,13381,11,3
14508,13381,13382,6,3
14509,13382,13383,6,3
14510,13383,13384,6,3
14511,13384,13385,5,3
14512,13385,13009,5,3
14513,13386,13387,8,3
14514,13387,13388,24,3
14515,13388,13009,5,3
14516,13386,13389,6,3
14517,13389,13022,23,3
14518,13390,13391,11,3
14519,13391,13392,24,3
14520,13392,13393,27,3
14521,13393,13394,43,3
14522,13394,13395,21,3
14523,13395,13396,13,3
14524,13396,13397,33,3
14525,13397,13398,2,3
14526,13398,13399,8,3
14527,13399,13400,10,3
14528,13400,3884,6,3
14529,13401,13402,8,3
14530,13402,13403,6,3
14531,13403,13404,2,3
14532,13404,13405,39,3
14533,13405,13406,11,3
14534,13406,13407,3,3
14535,13407,13408,18,3
14536,13408,13409,39,3
14537,13409,13410,28,3
14538,13410,13411,9,3
14539,13411,3884,6,3
14540,12966,13412,10,3
14541,13412,12846,10,3
14542,13413,13414,4,3
14543,13414,13415,20,3
14544,13415,13154,8,3
14545,13416,13417,5,3
14546,13417,13418,6,3
14547,13418,13419,10,3
14548,13419,13420,5,3
14549,13420,13421,53,3
14550,13421,13360,29,3
14551,13171,13422,4,3
14552,13422,13423,13,3
14553,13423,13424,11,3
14554,13424,13425,4,3
14555,13425,13426,18,3
14556,13426,13427,10,3
14557,13427,13428,7,3
14558,13428,13429,4,3
14559,13429,13430,2,3
14560,13430,12790,30,3
14561,13431,13432,11,3
14562,13432,13433,48,3
14563,13433,13434,15,3
14564,13434,13435,56,3
14565,13435,13436,5,3
14566,13436,13437,4,3
14567,13437,13438,15,3
14568,13438,13439,41,3
14569,13439,13440,5,3
14570,13440,13441,4,3
14571,13441,13442,11,3
14572,13442,13443,10,3
14573,13443,13444,19,3
14574,13444,13186,11,3
14575,13190,13445,25,3
14576,13445,13446,3,3
14577,13446,13447,3,3
14578,13447,13448,2,3
14579,13448,13449,2,3
14580,13449,13450,3,3
14581,13450,13451,51,3
14582,13451,13452,18,3
14583,13452,13453,17,3
14584,13453,13454,23,3
14585,13454,13455,79,3
14586,13455,13456,7,3
14587,13456,13431,51,3
14588,13321,13457,36,3
14589,13457,13458,4,3
14590,13458,13025,6,3
14591,13459,13460,2,3
14592,13460,13171,35,3
14593,13461,13462,5,3
14594,13462,13463,23,3
14595,13463,13464,6,3
14596,13464,13214,8,3
14597,13465,13466,6,3
14598,13466,13467,7,3
14599,13467,13468,5,3
14600,13468,13469,1,3
14601,13469,13470,6,3
14602,13470,13471,6,3
14603,13471,13472,12,3
14604,13472,13473,4,3
14605,13473,13474,38,3
14606,13474,13475,2,3
14607,13475,13476,4,3
14608,13476,13477,5,3
14609,13477,13478,16,3
14610,13478,13479,5,3
14611,13479,13480,7,3
14612,13480,13481,16,3
14613,13481,13482,3,3
14614,13482,13483,2,3
14615,13483,13484,2,3
14616,13484,13485,25,3
14617,13485,13486,5,3
14618,13486,13487,8,3
14619,13487,13488,6,3
14620,13488,13489,5,3
14621,13489,13490,4,3
14622,13490,13491,5,3
14623,13491,13492,3,3
14624,13492,13214,8,3
14625,13493,13494,9,3
14626,13494,13495,2,3
14627,13495,13496,29,3
14628,13496,13363,5,3
14629,13497,13498,2,3
14630,13498,13499,2,3
14631,13499,13500,3,3
14632,13500,13501,4,3
14633,13501,13502,14,3
14634,13502,13503,8,3
14635,13503,13504,2,3
14636,13504,13363,2,3
14637,13190,4000,30,3
14638,13505,13506,3,3
14639,13506,13507,6,3
14640,13507,13508,9,3
14641,13508,13509,7,3
14642,13509,13510,9,3
14643,13510,4000,26,3
14644,13497,13511,3,3
14645,13511,13512,8,3
14646,13512,13513,7,3
14647,13513,13514,12,3
14648,13514,13237,2,3
14649,13515,13516,11,3
14650,13516,13517,11,3
14651,13517,13518,2,3
14652,13518,13237,2,3
14653,13519,13520,9,3
14654,13520,13521,17,3
14655,13521,13522,2,3
14656,13522,13523,3,3
14657,13523,13524,9,3
14658,13524,13525,15,3
14659,13525,7075,2,3
14660,13526,13527,9,3
14661,13527,13528,6,3
14662,13528,13529,10,3
14663,13529,7075,7,3
14664,7067,13530,15,3
14665,13530,13531,10,3
14666,13531,13532,12,3
14667,13532,7075,9,3
14668,13533,13534,6,3
14669,13534,13535,6,3
14670,13535,13536,32,3
14671,13536,13537,7,3
14672,13537,13538,5,3
14673,13538,13539,4,3
14674,13539,13540,38,3
14675,13540,13505,2,3
14676,13541,13542,8,3
14677,13542,13543,5,3
14678,13543,13544,10,3
14679,13544,13493,4,3
14680,13352,13545,24,3
14681,13545,13459,9,3
14682,13546,13547,6,3
14683,13547,13548,5,3
14684,13548,13549,9,3
14685,13549,13461,5,3
14686,13550,13551,25,3
14687,13551,13546,6,3
14688,13552,13553,4,3
14689,13553,13554,8,3
14690,13554,13555,29,3
14691,13555,13556,7,3
14692,13556,13546,6,3
14693,6887,13557,7,3
14694,13557,13558,25,3
14695,13558,13559,14,3
14696,13559,13560,20,3
14697,13560,13561,19,3
14698,13561,4700,9,3
14699,13552,13562,4,3
14700,13562,13563,20,3
14701,13563,13564,4,3
14702,13564,13565,5,3
14703,13565,13566,38,3
14704,13566,13567,30,3
14705,13567,4700,9,3
14706,13568,13251,24,3
14707,13569,13570,3,3
14708,13570,13571,9,3
14709,13571,13572,15,3
14710,13572,13251,7,3
14711,13573,13568,98,3
14712,13574,13569,32,3
14713,13575,13576,3,3
14714,13576,13577,30,3
14715,13577,13578,13,3
14716,13578,13569,16,3
14717,13579,13580,4,3
14718,13580,13581,19,3
14719,13582,13583,4,3
14720,13583,13584,7,3
14721,13584,13585,10,3
14722,13585,13586,7,3
14723,13586,13581,14,3
14724,13587,13588,5,3
14725,13588,13589,5,3
14726,13589,13590,3,3
14727,13590,13591,4,3
14728,13591,13592,4,3
14729,13592,13593,4,3
14730,13593,13594,5,3
14731,13594,13579,3,3
14732,13595,13596,12,3
14733,13596,13582,12,3
14734,13597,13598,2,3
14735,13598,13599,13,3
14736,13599,13600,4,3
14737,13600,13601,4,3
14738,13601,13602,6,3
14739,13602,13603,9,3
14740,13603,13604,2,3
14741,13604,13605,3,3
14742,13605,13606,28,3
14743,13606,13587,5,3
14744,13465,13607,6,3
14745,13607,13608,4,3
14746,13608,13609,23,3
14747,13609,13373,15,3
14748,13610,13611,5,3
14749,13611,13612,6,3
14750,13612,13613,3,3
14751,13613,13614,3,3
14752,13614,13615,4,3
14753,13615,13616,4,3
14754,13616,13373,5,3
14755,13617,13618,3,3
14756,13618,13373,59,3
14757,13617,13619,45,3
14758,13619,13620,31,3
14759,13620,13465,6,3
14760,13621,13622,2,3
14761,13622,13623,3,3
14762,13623,13624,3,3
14763,13624,13625,3,3
14764,13625,13626,17,3
14765,13626,13627,2,3
14766,13627,13628,5,3
14767,13628,13629,10,3
14768,13629,13630,11,3
14769,13630,13631,8,3
14770,13631,13632,12,3
14771,13632,13610,5,3
14772,13633,13634,9,3
14773,13634,13635,17,3
14774,13635,7072,5,3
14775,13636,13637,4,3
14776,13637,13638,1,3
14777,13638,13639,5,3
14778,13639,13640,2,3
14779,13640,13641,15,3
14780,13641,13413,8,3
14781,13416,13642,5,3
14782,13642,13643,5,3
14783,13643,13644,12,3
14784,13644,13645,21,3
14785,13645,13597,2,3
14786,13646,13647,8,3
14787,13647,13648,9,3
14788,13648,13649,18,3
14789,13649,13526,9,3
14790,13650,13651,1,3
14791,13651,13652,37,3
14792,13652,13653,38,3
14793,13653,13526,9,3
14794,13416,13654,5,3
14795,13654,13655,10,3
14796,13655,13656,15,3
14797,13656,13657,9,3
14798,13657,13658,5,3
14799,13658,13659,2,3
14800,13659,13660,3,3
14801,13660,13661,7,3
14802,13661,13662,17,3
14803,13662,13663,26,3
14804,13663,13380,1,3
14805,13664,13665,5,3
14806,13665,13666,2,3
14807,13666,13667,15,3
14808,13667,7467,19,3
14809,13668,13669,7,3
14810,13669,13670,8,3
14811,13670,13671,9,3
14812,13671,13672,9,3
14813,13672,13673,8,3
14814,13673,13674,39,3
14815,13674,13675,7,3
14816,13675,13676,4,3
14817,13646,13677,8,3
14818,13677,13678,12,3
14819,13678,13679,4,3
14820,13679,13680,18,3
14821,13680,13681,3,3
14822,13681,13682,4,3
14823,13682,13683,5,3
14824,13683,13684,3,3
14825,13684,13676,4,3
14826,13685,13686,26,3
14827,13686,13687,3,3
14828,13687,13688,3,3
14829,13688,13676,4,3
14830,13689,13690,7,3
14831,13690,13691,6,3
14832,13691,13692,4,3
14833,13692,13693,14,3
14834,13693,13694,2,3
14835,13694,13695,2,3
14836,13695,13696,7,3
14837,13696,13697,1,3
14838,13697,13698,2,3
14839,13698,13699,17,3
14840,13699,13676,4,3
14841,13700,13701,2,3
14842,13701,13702,3,3
14843,13702,13703,7,3
14844,13703,13704,4,3
14845,13704,13705,2,3
14846,13705,13706,2,3
14847,13706,13707,2,3
14848,13707,13708,9,3
14849,13708,13709,1,3
14850,13709,13710,1,3
14851,13710,13711,13,3
14852,13711,13676,4,3
14853,13685,13712,68,3
14854,13712,13713,15,3
14855,13713,13668,7,3
14856,13595,13714,10,3
14857,13714,13715,17,3
14858,13715,13668,6,3
14859,13716,13717,25,3
14860,13717,13646,8,3
14861,13718,13719,8,3
14862,13719,13720,2,3
14863,13720,13721,1,3
14864,13721,13685,10,3
14865,13722,13723,4,3
14866,13723,13724,3,3
14867,13724,13725,6,3
14868,13725,13726,4,3
14869,13726,13727,2,3
14870,13727,13728,2,3
14871,13728,13729,2,3
14872,13729,13730,2,3
14873,13730,13636,8,3
14874,13541,13731,8,3
14875,13731,13732,2,3
14876,13732,13733,7,3
14877,13733,13734,3,3
14878,13734,13735,3,3
14879,13735,13736,3,3
14880,13736,13722,3,3
14881,13737,13738,8,3
14882,13738,13739,33,3
14883,13739,13740,5,3
14884,13740,13741,6,3
14885,13741,13742,7,3
14886,13742,13743,7,3
14887,13743,13744,7,3
14888,13744,13745,20,3
14889,13745,13722,7,3
14890,13746,13747,6,3
14891,13747,13748,10,3
14892,13748,13749,20,3
14893,13749,13750,31,3
14894,13750,13722,4,3
14895,13718,13751,2,3
14896,13751,13752,6,3
14897,13752,13753,13,3
14898,13753,13754,11,3
14899,13754,13755,13,3
14900,13755,13756,30,3
14901,13756,13757,3,3
14902,13757,13758,3,3
14903,13758,13759,3,3
14904,13759,13760,3,3
14905,13760,13761,2,3
14906,13761,13762,2,3
14907,13762,13595,2,3
14908,13763,13764,15,3
14909,13764,13765,5,3
14910,13765,13766,15,3
14911,13766,6887,7,3
14912,13767,13768,4,3
14913,13768,13769,2,3
14914,13769,13770,3,3
14915,13770,13771,9,3
14916,13771,13772,2,3
14917,13772,13773,2,3
14918,13773,13774,1,3
14919,13774,13775,6,3
14920,13775,13776,2,3
14921,13776,13777,2,3
14922,13777,13778,10,3
14923,13778,13700,4,3
14924,13779,13780,9,3
14925,13780,13781,19,3
14926,13781,13782,2,3
14927,13782,13416,4,3
14928,13783,13784,7,3
14929,13784,13785,10,3
14930,13785,13786,26,3
14931,13786,13575,4,3
14932,13787,13788,3,3
14933,13788,13789,47,3
14934,13789,13575,4,3
14935,13790,13791,24,3
14936,13791,13575,4,3
14937,13792,13793,6,3
14938,13793,13794,11,3
14939,13794,13795,5,3
14940,13795,13783,5,3
14941,13796,13797,8,3
14942,13797,13798,14,3
14943,13798,13799,21,3
14944,13799,13800,6,3
14945,13800,13801,8,3
14946,13801,13802,1,3
14947,13802,13803,6,3
14948,13803,13804,4,3
14949,13804,13805,3,3
14950,13805,13783,11,3
14951,13806,13807,71,3
14952,13807,13787,3,3
14953,13808,13809,30,3
14954,13809,13787,3,3
14955,13574,13790,24,3
14956,13808,13790,52,3
14957,13810,13811,2,3
14958,13811,13812,8,3
14959,13812,13633,22,3
14960,13664,13813,5,3
14961,13813,13814,5,3
14962,13814,13815,10,3
14963,13815,13816,5,3
14964,13816,13817,19,3
14965,13817,13818,17,3
14966,13818,13810,2,3
14967,13806,13819,9,3
14968,13819,13820,6,3
14969,13820,13821,5,3
14970,13821,13822,1,3
14971,13822,13823,1,3
14972,13823,13792,1,3
14973,13824,13825,23,3
14974,13825,13826,20,3
14975,13827,13828,4,3
14976,13828,13826,19,3
14977,13806,13829,11,3
14978,13829,13830,8,3
14979,13830,13831,6,3
14980,13831,13826,15,3
14981,13832,13833,12,3
14982,13833,13824,20,3
14983,13834,13835,12,3
14984,13835,13836,9,3
14985,13836,13824,16,3
14986,13837,13838,11,3
14987,13838,13839,13,3
14988,13839,13827,2,3
14989,13541,13840,8,3
14990,13840,13841,6,3
14991,13841,13842,18,3
14992,13842,13843,17,3
14993,13844,13845,4,3
14994,13845,13846,9,3
14995,13846,13847,13,3
14996,13847,13843,3,3
14997,13746,13848,5,3
14998,13848,13849,10,3
14999,13849,13850,10,3
15000,13850,13851,12,3
15001,13851,13852,1,3
15002,13852,13853,15,3
15003,13853,13843,11,3
15004,13854,13855,4,3
15005,13855,13856,20,3
15006,13856,13857,15,3
15007,13857,13858,7,3
15008,13858,13844,5,3
15009,13737,13859,8,3
15010,13859,13860,2,3
15011,13860,13861,7,3
15012,13861,13862,6,3
15013,13862,13863,8,3
15014,13863,13864,5,3
15015,13864,13865,6,3
15016,13865,13866,6,3
15017,13866,13867,7,3
15018,13867,13746,4,3
15019,13515,13868,8,3
15020,13868,13869,9,3
15021,13869,13870,5,3
15022,13870,13871,2,3
15023,13871,13872,2,3
15024,13872,13873,5,3
15025,13873,13874,20,3
15026,13874,13875,11,3
15027,13875,13876,19,3
15028,13876,13854,4,3
15029,13877,13878,51,3
15030,13878,13879,5,3
15031,13879,13401,8,3
15032,13573,13880,64,3
15033,13880,13881,7,3
15034,13881,13401,8,3
15035,13882,13883,4,3
15036,13883,13884,64,3
15037,13884,13885,6,3
15038,13885,7828,3,3
15039,13886,13887,2,3
15040,13887,13888,8,3
15041,13888,13889,19,3
15042,13889,7828,3,3
15043,13890,13891,9,3
15044,13891,13882,45,3
15045,1760,13892,35,3
15046,13892,13882,41,3
15047,13893,13894,14,3
15048,13894,13895,8,3
15049,13895,13886,2,3
15050,13896,13897,1,3
15051,13897,13898,27,3
15052,13898,13890,36,3
15053,13896,13899,1,3
15054,13899,13900,5,3
15055,13900,13901,23,3
15056,13901,13902,6,3
15057,13902,13903,26,3
15058,13903,13890,6,3
15059,13904,13905,45,3
15060,13905,13906,7,3
15061,13906,1775,9,3
15062,1897,13907,2,3
15063,13907,13908,4,3
15064,13908,13909,17,3
15065,13909,13910,3,3
15066,13910,13911,28,3
15067,13911,13912,79,3
15068,13912,13913,16,3
15069,13913,13914,57,3
15070,13914,13915,3,3
15071,13915,13916,27,3
15072,13916,13904,3,3
15073,13917,13918,3,3
15074,13918,13919,22,3
15075,13919,13920,14,3
15076,13920,13921,29,3
15077,13921,13922,20,3
15078,13922,13923,8,3
15079,13923,13924,9,3
15080,13924,13925,36,3
15081,13925,13926,46,3
15082,13926,13927,18,3
15083,13927,13928,10,3
15084,13928,13929,7,3
15085,13929,13930,12,3
15086,13930,13931,75,3
15087,13931,13932,13,3
15088,13932,13933,3,3
15089,13933,13934,4,3
15090,13934,13935,22,3
15091,13935,13936,5,3
15092,13936,13937,8,3
15093,13937,13904,3,3
15094,13938,13939,48,3
15095,13939,13940,3,3
15096,13940,1897,2,3
15097,13917,13941,24,3
15098,13941,13942,18,3
15099,13942,13943,22,3
15100,13943,13944,21,3
15101,13944,13945,27,3
15102,13945,13946,16,3
15103,13946,13947,16,3
15104,13947,13948,15,3
15105,13948,13949,30,3
15106,13949,13950,19,3
15107,13950,13951,22,3
15108,13951,13952,5,3
15109,13952,1897,2,3
15110,2511,13953,9,3
15111,13953,13954,64,3
15112,13954,1727,64,3
15113,1741,13955,110,3
15114,13955,1727,16,3
15115,2511,13956,6,3
15116,13956,13957,9,3
15117,13957,13958,5,3
15118,13958,13959,5,3
15119,13959,13960,4,3
15120,13960,13961,3,3
15121,13961,13962,6,3
15122,13962,13963,7,3
15123,13963,13964,7,3
15124,13964,13965,7,3
15125,13965,13966,6,3
15126,13966,13967,6,3
15127,13967,13968,6,3
15128,13968,13969,83,3
15129,13969,13970,3,3
15130,13970,1746,9,3
15131,2476,1746,67,3
15132,2512,1741,200,3
15133,13971,13972,3,3
15134,13972,13973,20,3
15135,13973,13917,1,3
15136,13974,13975,2,3
15137,13975,13976,4,3
15138,13976,13977,13,3
15139,13977,13978,1,3
15140,13978,13979,14,3
15141,13979,13980,24,3
15142,13980,13981,19,3
15143,13981,13982,14,3
15144,13982,13917,4,3
15145,13983,13984,3,3
15146,13984,13985,24,3
15147,13985,13986,22,3
15148,13986,13987,10,3
15149,13987,13988,10,3
15150,13988,13989,14,3
15151,13989,13990,10,3
15152,13990,13991,22,3
15153,13991,13971,12,3
15154,13974,13992,2,3
15155,13992,13993,19,3
15156,13993,13994,17,3
15157,13994,13995,21,3
15158,13995,13996,8,3
15159,13996,13997,9,3
15160,13997,13971,16,3
15161,13974,13998,2,3
15162,13998,13999,7,3
15163,13999,14000,8,3
15164,14000,14001,10,3
15165,14001,14002,10,3
15166,14002,14003,12,3
15167,14003,14004,9,3
15168,14004,2438,59,3
15169,13974,14005,2,3
15170,14005,14006,3,3
15171,14006,14007,22,3
15172,14007,14008,21,3
15173,14008,14009,5,3
15174,14009,14010,50,3
15175,14010,2438,15,3
15176,14011,14012,1,3
15177,14012,13983,21,3
15178,14013,14014,46,3
15179,14014,14015,79,3
15180,14015,14016,13,3
15181,14016,2438,6,3
15182,1773,14017,8,3
15183,14017,14018,4,3
15184,14018,14019,90,3
15185,14019,14020,60,3
15186,14020,14021,34,3
15187,14021,14022,4,3
15188,14022,14023,4,3
15189,14023,14024,4,3
15190,14024,14025,3,3
15191,14025,14026,26,3
15192,14026,14027,60,3
15193,14027,14028,17,3
15194,14028,14013,10,3
15195,14029,14030,30,3
15196,14030,14031,28,3
15197,14031,14032,51,3
15198,14032,2439,5,3
15199,14029,14033,61,3
15200,14033,2426,5,3
15201,2565,14034,2,3
15202,14034,14035,164,3
15203,14035,2426,2,3
15204,14036,14037,2,3
15205,14037,14038,47,3
15206,14038,14039,14,3
15207,4024,14040,5,3
15208,14040,14041,5,3
15209,14041,14042,10,3
15210,14042,14043,11,3
15211,14043,14044,9,3
15212,14044,14045,8,3
15213,14045,14046,107,3
15214,14046,14047,7,3
15215,14047,14048,5,3
15216,14048,14049,6,3
15217,14049,14050,4,3
15218,14050,14051,7,3
15219,14051,14052,5,3
15220,14052,14053,5,3
15221,14053,14054,5,3
15222,14054,14055,5,3
15223,14055,14056,12,3
15224,14056,14057,21,3
15225,14057,14039,7,3
15226,14058,14059,16,3
15227,14059,14060,13,3
15228,14060,14061,95,3
15229,14061,14062,3,3
15230,14062,14063,4,3
15231,14063,14064,2,3
15232,14064,14065,2,3
15233,14065,14066,3,3
15234,14066,14067,3,3
15235,14067,14068,2,3
15236,14068,14069,2,3
15237,14069,14070,2,3
15238,14070,14071,2,3
15239,14071,14072,3,3
15240,14072,14073,14,3
15241,14073,14074,22,3
15242,14074,14039,9,3
15243,1611,14075,8,3
15244,14075,14076,12,3
15245,14076,14077,85,3
15246,14077,14078,58,3
15247,14078,14036,2,3
15248,1611,14079,8,3
15249,14079,14080,13,3
15250,14080,14081,35,3
15251,14081,14082,6,3
15252,14082,14083,47,3
15253,14083,14084,8,3
15254,14084,14085,22,3
15255,14085,14086,16,3
15256,14086,14087,8,3
15257,14087,14036,2,3
15258,4024,14088,5,3
15259,14088,14089,4,3
15260,14089,14090,4,3
15261,14090,14091,90,3
15262,14091,8949,1,3
15263,4024,14092,3,3
15264,14092,14093,3,3
15265,14093,14094,12,3
15266,14094,14095,3,3
15267,14095,14096,19,3
15268,14096,14097,32,3
15269,14097,14098,13,3
15270,14098,14099,10,3
15271,14099,14100,3,3
15272,14100,8949,1,3
15273,14058,14101,4,3
15274,14101,14102,6,3
15275,14102,14103,11,3
15276,14103,4024,5,3
15277,4030,14104,7,3
15278,14104,14105,69,3
15279,14105,14106,8,3
15280,14106,14107,7,3
15281,14107,14108,18,3
15282,14108,14109,10,3
15283,14109,14058,4,3
15284,4041,14110,10,3
15285,14110,14111,30,3
15286,14111,4030,9,3
15287,4041,14112,12,3
15288,14112,14113,6,3
15289,14113,14114,67,3
15290,14114,14115,10,3
15291,14115,14116,6,3
15292,14116,14117,8,3
15293,14117,14118,30,3
15294,14118,14119,7,3
15295,14119,14120,4,3
15296,14120,14121,4,3
15297,14121,14122,6,3
15298,14122,14123,61,3
15299,14123,14124,8,3
15300,14124,4030,14,3
15301,14125,14126,10,3
15302,14126,14127,17,3
15303,14127,2565,6,3
15304,14128,14129,58,3
15305,14129,14130,65,3
15306,14130,14131,109,3
15307,14131,14132,64,3
15308,14132,14133,21,3
15309,14133,14134,24,3
15310,14134,4034,39,3
15311,4041,14135,31,3
15312,14135,14136,64,3
15313,14136,14137,12,3
15314,14137,14138,15,3
15315,14138,14139,22,3
15316,14139,14140,37,3
15317,14140,14141,43,3
15318,14141,14142,40,3
15319,14142,14143,121,3
15320,14143,14144,44,3
15321,14144,14145,9,3
15322,14145,14146,8,3
15323,14146,14147,8,3
15324,14147,14148,7,3
15325,14148,14149,12,3
15326,14149,14150,75,3
15327,14150,14128,5,3
15328,1589,14151,4,3
15329,14151,14128,71,3
15330,4165,4159,66,3
15331,4155,14152,65,3
15332,14152,14153,80,3
15333,14153,4161,5,3
15334,2537,14154,6,3
15335,14154,14155,34,3
15336,14155,14156,17,3
15337,14156,14157,39,3
15338,14157,14158,33,3
15339,14158,14159,22,3
15340,14159,14160,23,3
15341,14160,14161,1,3
15342,14161,14162,76,3
15343,14162,14163,17,3
15344,14163,14164,74,3
15345,14164,4161,42,3
15346,7496,14165,86,3
15347,14165,541,30,3
15348,14166,14167,37,3
15349,14167,623,4,3
15350,2363,14168,32,3
15351,14168,14166,121,3
15352,14169,14170,1,3
15353,14170,14171,6,3
15354,14171,14172,14,3
15355,14172,14173,4,3
15356,14174,14175,9,3
15357,14175,14176,12,3
15358,14176,14177,5,3
15359,14177,14178,4,3
15360,14178,14179,3,3
15361,14179,14180,21,3
15362,14180,14181,3,3
15363,14181,14182,1,3
15364,14182,14183,2,3
15365,14183,14184,2,3
15366,14184,14185,2,3
15367,14185,14186,4,3
15368,14186,14187,2,3
15369,14187,14188,1,3
15370,14188,14189,3,3
15371,14189,14190,4,3
15372,14190,14173,4,3
15373,14191,14192,4,3
15374,14192,14193,28,3
15375,14193,14194,16,3
15376,14194,14195,3,3
15377,14195,14196,33,3
15378,14196,14197,4,3
15379,14197,14198,3,3
15380,14198,14199,21,3
15381,14199,14200,12,3
15382,14200,14169,1,3
15383,870,14201,12,3
15384,14201,14202,8,3
15385,14202,14203,9,3
15386,14203,14204,7,3
15387,14204,14205,20,3
15388,14205,14206,11,3
15389,14206,14207,16,3
15390,14207,14208,19,3
15391,14208,14209,15,3
15392,14209,14210,12,3
15393,14210,14211,12,3
15394,14211,14212,37,3
15395,14212,14213,21,3
15396,14213,14214,19,3
15397,14214,14215,18,3
15398,14215,14216,3,3
15399,14216,14217,16,3
15400,14217,14218,27,3
15401,14218,14219,14,3
15402,14219,14220,10,3
15403,14220,14221,11,3
15404,14221,14222,12,3
15405,14222,14223,10,3
15406,14223,14224,9,3
15407,14224,14225,9,3
15408,14225,14226,18,3
15409,14226,14227,17,3
15410,14227,14228,5,3
15411,14228,14229,6,3
15412,14229,14230,4,3
15413,14230,14231,4,3
15414,14231,14232,3,3
15415,14232,14233,3,3
15416,14233,14234,3,3
15417,14234,14235,3,3
15418,14235,9687,12,3
15419,870,14236,7,3
15420,14236,14237,3,3
15421,14237,14238,4,3
15422,14238,14239,3,3
15423,14239,14240,3,3
15424,14240,14241,4,3
15425,14241,14242,3,3
15426,14242,14243,12,3
15427,14243,14244,7,3
15428,14244,14245,9,3
15429,14245,14246,37,3
15430,14246,14247,8,3
15431,14247,14248,6,3
15432,14248,14249,8,3
15433,14249,14250,6,3
15434,14250,14251,6,3
15435,14251,14252,12,3
15436,14252,14253,5,3
15437,14253,14254,4,3
15438,14254,14255,4,3
15439,14255,14256,4,3
15440,14256,14257,7,3
15441,14257,14258,4,3
15442,14258,14259,3,3
15443,14259,14260,3,3
15444,14260,14261,11,3
15445,14261,14262,6,3
15446,14262,14263,5,3
15447,14263,14264,5,3
15448,14264,14265,4,3
15449,14265,14266,4,3
15450,14266,14267,10,3
15451,14267,14268,3,3
15452,14268,14269,17,3
15453,14269,14270,19,3
15454,14270,14271,5,3
15455,14271,14272,3,3
15456,14272,14273,3,3
15457,14273,14274,3,3
15458,14274,14275,3,3
15459,14275,14276,3,3
15460,14276,14277,5,3
15461,14277,14278,4,3
15462,14278,14279,5,3
15463,14279,14280,5,3
15464,14280,14281,6,3
15465,14281,14282,12,3
15466,14282,14283,7,3
15467,14283,14284,7,3
15468,14284,14285,7,3
15469,14285,14286,10,3
15470,14286,14287,17,3
15471,14287,14288,22,3
15472,14288,14289,18,3
15473,14289,14290,8,3
15474,14290,14291,6,3
15475,14291,14292,5,3
15476,14292,14293,1,3
15477,14293,14294,1,3
15478,14294,14295,2,3
15479,14295,14296,2,3
15480,14296,14297,2,3
15481,14297,14298,2,3
15482,14298,14299,1,3
15483,14299,14300,4,3
15484,14300,14301,2,3
15485,14301,14302,1,3
15486,14302,14303,2,3
15487,14303,14304,2,3
15488,14304,14305,2,3
15489,14305,14306,2,3
15490,14306,14307,4,3
15491,14307,14308,4,3
15492,14308,14309,5,3
15493,14309,14310,7,3
15494,14310,14311,22,3
15495,14311,14312,28,3
15496,14312,14313,24,3
15497,14313,14314,25,3
15498,14314,14315,11,3
15499,14315,14316,11,3
15500,14316,14317,10,3
15501,14317,14318,8,3
15502,14318,14319,2,3
15503,14319,14320,9,3
15504,14320,14321,10,3
15505,14321,14322,15,3
15506,14322,14323,15,3
15507,14323,14324,12,3
15508,14324,14325,10,3
15509,14325,14326,8,3
15510,14326,14327,4,3
15511,14327,14328,3,3
15512,14328,14329,4,3
15513,14329,14330,3,3
15514,14330,14331,5,3
15515,14331,14332,4,3
15516,14332,14333,8,3
15517,14333,14334,17,3
15518,14334,14335,5,3
15519,14335,14336,4,3
15520,14336,14337,3,3
15521,14337,14338,4,3
15522,14338,14339,7,3
15523,14339,14340,7,3
15524,14340,14341,8,3
15525,14341,14342,2,3
15526,14342,14343,2,3
15527,14343,14344,1,3
15528,14344,14345,2,3
15529,14345,14346,2,3
15530,14346,14347,3,3
15531,14347,14348,2,3
15532,14348,14349,2,3
15533,14349,14350,16,3
15534,14350,14351,2,3
15535,14351,14352,2,3
15536,14352,14353,2,3
15537,14353,14354,3,3
15538,14354,14355,3,3
15539,14355,14356,16,3
15540,14356,9687,11,3
15541,652,2366,86,3
15542,644,14357,4,3
15543,14357,652,66,3
15544,14358,14359,39,3
15545,14359,652,25,3
15546,3575,14360,140,3
15547,14360,14361,5,3
15548,3550,14362,18,3
15549,14362,14363,14,3
15550,14363,14364,51,3
15551,14364,14361,5,3
15552,14365,14366,4,3
15553,14366,14367,17,3
15554,14367,14361,6,3
15555,3578,3575,31,3
15556,14365,14368,8,3
15557,14368,14369,42,3
15558,14369,14370,6,3
15559,14370,14371,8,3
15560,14371,14372,9,3
15561,14372,3550,18,3
15562,14373,14374,4,3
15563,14374,14375,30,3
15564,14375,14365,6,3
15565,653,14358,87,3
15566,650,14376,64,3
15567,14376,14377,77,3
15568,14377,653,9,3
15569,14191,14378,44,3
15570,14378,14379,4,3
15571,14379,14380,3,3
15572,14380,14381,5,3
15573,14381,14382,13,3
15574,14382,14383,7,3
15575,14383,14384,6,3
15576,14384,14385,8,3
15577,14385,14386,28,3
15578,14386,14387,13,3
15579,14387,14373,5,3
15580,3578,14388,60,3
15581,14388,14389,15,3
15582,14389,14390,11,3
15583,14390,14391,14,3
15584,14391,14392,11,3
15585,14392,14393,11,3
15586,14393,14394,11,3
15587,14394,14395,10,3
15588,14395,14373,5,3
15589,14396,14397,2,3
15590,14397,14398,16,3
15591,14398,14373,4,3
15592,14399,14396,27,3
15593,649,693,106,3
15594,5059,3945,35,3
15595,14400,3945,98,3
15596,5056,5059,98,3
15597,5056,14400,35,3
15598,14401,3948,25,3
15599,5058,14402,5,3
15600,14402,14403,96,3
15601,14403,3948,68,3
15602,14404,14405,5,3
15603,14405,5058,45,3
15604,1140,14406,9,3
15605,14406,14407,163,3
15606,14407,14408,4,3
15607,14408,14404,5,3
15608,5003,14409,6,3
15609,14409,14410,31,3
15610,14410,14411,3,3
15611,14411,14404,5,3
15612,14401,14412,1,3
15613,14412,14413,6,3
15614,14413,14414,23,3
15615,14414,14415,83,3
15616,14415,14416,82,3
15617,14416,14417,2,3
15618,14417,14418,4,3
15619,14418,14404,5,3
15620,14419,14420,27,3
15621,14420,1140,9,3
15622,14421,14422,87,3
15623,14423,14424,5,3
15624,14424,14425,14,3
15625,14425,14426,22,3
15626,14426,14427,4,3
15627,14427,14422,3,3
15628,14428,14429,22,3
15629,14429,14430,15,3
15630,14430,14431,3,3
15631,14431,14432,87,3
15632,14432,14433,6,3
15633,14433,14422,11,3
15634,14428,14421,93,3
15635,14434,14421,42,3
15636,14435,14436,7,3
15637,14436,14437,21,3
15638,14437,14423,82,3
15639,7847,14438,3,3
15640,14438,14439,37,3
15641,14439,14423,38,3
15642,14440,14428,40,3
15643,4999,14419,25,3
15644,1167,1154,52,3
15645,1162,1167,53,3
15646,4999,14441,163,3
15647,14441,5003,4,3
15648,14442,14443,6,3
15649,14443,4999,176,3
15650,4972,4974,104,3
15651,4972,5063,41,3
15652,2302,14444,9,3
15653,14444,14442,51,3
15654,1137,14445,6,3
15655,14445,14442,24,3
15656,1137,14446,6,3
15657,14446,14447,25,3
15658,14447,14448,27,3
15659,14448,14449,43,3
15660,14449,2302,8,3
15661,14440,14434,92,3
15662,14450,14451,10,3
15663,14451,14452,21,3
15664,14452,14434,8,3
15665,4988,14440,41,3
15666,4988,14450,92,3
15667,5011,14453,2,3
15668,14453,14450,42,3
15669,7512,14454,4,3
15670,14454,14455,31,3
15671,14455,5011,2,3
15672,14435,14456,20,3
15673,14456,14457,34,3
15674,14457,5011,2,3
15675,14458,14459,51,3
15676,14459,3974,4,3
15677,14460,14458,20,3
15678,3976,14461,4,3
15679,14461,14458,31,3
15680,14462,4979,49,3
15681,14460,4979,70,3
15682,4981,4979,128,3
15683,14463,14464,30,3
15684,14464,4975,5,3
15685,14465,4976,34,3
15686,14463,4976,76,3
15687,14466,14463,34,3
15688,1179,3468,69,3
15689,3480,3468,45,3
15690,3480,3976,65,3
15691,3990,14460,47,3
15692,14462,3990,71,3
15693,3480,14467,5,3
15694,14467,3990,34,3
15695,7821,14462,48,3
15696,14468,14462,127,3
15697,14468,4981,46,3
15698,14469,4981,21,3
15699,14470,14465,44,3
15700,14469,14465,43,3
15701,14466,14465,77,3
15702,14471,14470,44,3
15703,14472,14470,77,3
15704,14473,14470,44,3
15705,14473,14469,46,3
15706,14472,14466,42,3
15707,14474,14472,42,3
15708,14475,14476,103,3
15709,14476,7821,25,3
15710,14475,14468,45,3
15711,14473,14468,21,3
15712,7825,14477,6,3
15713,14477,14475,46,3
15714,14471,14475,65,3
15715,14478,14479,6,3
15716,14479,14471,45,3
15717,14474,14471,78,3
15718,14480,14481,6,3
15719,14481,14474,43,3
15720,14478,14482,6,3
15721,14482,14483,65,3
15722,14483,7825,6,3
15723,14484,14485,16,3
15724,14485,14486,20,3
15725,14486,7825,6,3
15726,14480,14487,6,3
15727,14487,14488,78,3
15728,14488,14478,6,3
15729,14489,14490,24,3
15730,14490,14478,6,3
15731,14484,14491,27,3
15732,14491,14478,6,3
15733,14489,14492,54,3
15734,14492,14480,6,3
15735,13893,14493,3,3
15736,14493,14494,7,3
15737,14494,14495,17,3
15738,14495,14496,4,3
15739,14496,14497,10,3
15740,14497,14489,3,3
15741,14498,14499,44,3
15742,14499,14500,34,3
15743,14500,13893,16,3
15744,3491,14501,1,3
15745,14501,14502,3,3
15746,14502,14503,12,3
15747,14503,14504,10,3
15748,14504,14505,8,3
15749,14505,14506,18,3
15750,14506,14507,14,3
15751,14507,14508,37,3
15752,14508,14509,72,3
15753,14509,14510,5,3
15754,14510,2260,3,3
15755,3491,14511,1,3
15756,14511,14512,2,3
15757,14512,14513,18,3
15758,14513,14514,17,3
15759,14514,14515,21,3
15760,14515,14516,24,3
15761,14516,14517,83,3
15762,14517,2260,11,3
15763,14518,14519,3,3
15764,14519,14520,5,3
15765,14520,14521,6,3
15766,14521,14522,4,3
15767,14522,14523,2,3
15768,14523,3491,1,3
15769,14524,14525,6,3
15770,14525,14526,2,3
15771,14526,14527,5,3
15772,14527,14528,8,3
15773,14528,14529,6,3
15774,14529,14530,44,3
15775,14530,14531,31,3
15776,14531,14532,14,3
15777,14532,14533,11,3
15778,14533,14534,27,3
15779,14534,14535,9,3
15780,14535,14536,43,3
15781,14536,14537,20,3
15782,14537,14538,5,3
15783,14538,14539,12,3
15784,14539,14540,19,3
15785,14541,14542,7,3
15786,14542,14543,5,3
15787,14543,14544,2,3
15788,14544,14545,30,3
15789,14545,14546,6,3
15790,14546,14547,9,3
15791,14547,14548,12,3
15792,14548,14549,9,3
15793,14549,14550,10,3
15794,14550,14551,9,3
15795,14551,14552,7,3
15796,14552,14540,6,3
15797,14524,14553,6,3
15798,14553,14554,5,3
15799,14554,14555,5,3
15800,14555,14556,9,3
15801,14556,14557,33,3
15802,14557,14558,38,3
15803,14558,14559,13,3
15804,14559,14560,13,3
15805,14560,14561,12,3
15806,14561,14562,8,3
15807,14524,14563,5,3
15808,14563,14564,7,3
15809,14564,14565,18,3
15810,14565,14566,11,3
15811,14566,14567,17,3
15812,14567,14568,15,3
15813,14568,14569,15,3
15814,14569,14570,21,3
15815,14570,14571,24,3
15816,14571,14562,11,3
15817,7917,14572,74,3
15818,14572,14573,39,3
15819,14573,14574,28,3
15820,14574,14575,10,3
15821,14575,14524,5,3
15822,14576,14577,27,3
15823,14577,14578,13,3
15824,14578,14579,33,3
15825,14579,14580,5,3
15826,14580,14581,6,3
15827,14581,14524,4,3
15828,14562,14582,15,3
15829,14582,14583,15,3
15830,14583,14584,28,3
15831,14584,14585,18,3
15832,14585,14586,12,3
15833,14586,14587,19,3
15834,14587,14588,29,3
15835,14588,14589,6,3
15836,14589,14541,8,3
15837,14590,14591,8,3
15838,14591,14592,11,3
15839,14592,14593,11,3
15840,14593,14594,12,3
15841,14594,14595,29,3
15842,14595,14596,15,3
15843,14596,14541,15,3
15844,14597,14598,16,3
15845,14598,14599,18,3
15846,14599,14600,53,3
15847,14600,14601,14,3
15848,14601,14602,16,3
15849,14602,14603,17,3
15850,14603,14604,3,3
15851,14604,14541,2,3
15852,14590,14605,30,3
15853,14605,14606,11,3
15854,14606,14607,6,3
15855,14607,14608,9,3
15856,14608,14609,10,3
15857,14609,14610,12,3
15858,14610,14611,7,3
15859,14590,14612,5,3
15860,14612,14613,5,3
15861,14613,14614,42,3
15862,14614,14615,7,3
15863,14615,14616,7,3
15864,14616,14617,11,3
15865,14617,14611,8,3
15866,14618,7917,66,3
15867,14619,14620,22,3
15868,14620,14621,35,3
15869,14621,14576,15,3
15870,14618,14622,98,3
15871,14622,14576,7,3
15872,7093,14623,2,3
15873,14623,14624,20,3
15874,14624,14625,15,3
15875,14625,14619,47,3
15876,14626,14627,25,3
15877,14627,14628,8,3
15878,14628,14629,26,3
15879,14629,14630,13,3
15880,14630,14631,9,3
15881,14631,14619,2,3
15882,7918,14618,36,3
15883,14632,14633,20,3
15884,14633,14618,64,3
15885,14632,14634,72,3
15886,14634,7093,2,3
15887,14635,14636,27,3
15888,14636,14637,21,3
15889,14637,14638,9,3
15890,14638,14639,4,3
15891,14639,7093,2,3
15892,14640,14641,10,3
15893,14641,14642,14,3
15894,14642,14643,9,3
15895,14643,14626,16,3
15896,14644,14645,3,3
15897,14645,14646,11,3
15898,14646,14647,4,3
15899,14647,14648,4,3
15900,14648,14649,13,3
15901,14649,14650,9,3
15902,14650,14651,6,3
15903,14651,14626,26,3
15904,7092,14652,32,3
15905,14652,14632,57,3
15906,14653,14654,3,3
15907,14654,14655,16,3
15908,14655,14656,20,3
15909,14656,14657,16,3
15910,14657,14635,15,3
15911,14658,7027,22,3
15912,14659,14660,21,3
15913,14660,14661,14,3
15914,14661,14662,12,3
15915,14662,14663,27,3
15916,14663,14664,16,3
15917,14664,7027,21,3
15918,7333,14665,59,3
15919,14665,14666,44,3
15920,14666,14667,44,3
15921,14667,14668,7,3
15922,14668,14669,6,3
15923,14669,461,6,3
15924,14670,14671,34,3
15925,14671,14672,92,3
15926,14672,7324,38,3
15927,14673,14674,71,3
15928,14674,14675,88,3
15929,14675,7324,30,3
15930,14676,14677,4,3
15931,14677,14678,6,3
15932,14678,14679,22,3
15933,14679,14680,8,3
15934,14680,11762,5,3
15935,14681,14682,36,3
15936,14682,14683,3,3
15937,14683,11762,5,3
15938,14684,14685,16,3
15939,14685,14686,9,3
15940,14686,14687,10,3
15941,14687,14688,9,3
15942,14688,14676,4,3
15943,14689,14690,13,3
15944,14690,14691,8,3
15945,14691,14692,11,3
15946,14692,14693,11,3
15947,14693,14694,8,3
15948,14694,14676,4,3
15949,14695,14696,13,3
15950,14696,14681,50,3
15951,14695,14697,5,3
15952,14697,14698,18,3
15953,14698,14699,14,3
15954,14699,14700,65,3
15955,14700,14681,31,3
15956,14701,14702,13,3
15957,14702,14703,7,3
15958,14703,14684,12,3
15959,14704,14705,57,3
15960,14705,14684,4,3
15961,14706,14707,1,3
15962,14707,14689,20,3
15963,11800,14708,4,3
15964,14708,7098,88,3
15965,7104,14709,18,3
15966,14709,11800,4,3
15967,14710,14711,30,3
15968,14711,14658,17,3
15969,14712,14713,33,3
15970,14713,14658,19,3
15971,14714,14715,14,3
15972,14715,14659,29,3
15973,14716,14659,88,3
15974,7096,14717,88,3
15975,14717,7105,3,3
15976,7912,14718,94,3
15977,14718,7105,5,3
15978,14719,14720,6,3
15979,14720,14721,18,3
15980,14721,14722,7,3
15981,14722,7096,3,3
15982,14723,14724,5,3
15983,14724,14725,27,3
15984,14725,14726,7,3
15985,14726,14727,21,3
15986,14727,14728,23,3
15987,14728,7096,11,3
15988,14729,14730,29,3
15989,14730,7912,4,3
15990,14731,14732,8,3
15991,14732,14733,16,3
15992,14733,14701,6,3
15993,14695,14734,13,3
15994,14734,14704,31,3
15995,14731,14735,8,3
15996,14735,14736,18,3
15997,14736,14737,3,3
15998,14737,14738,5,3
15999,14738,14704,17,3
16000,14739,14740,12,3
16001,14740,14741,10,3
16002,14741,14742,10,3
16003,14742,14743,37,3
16004,14743,14744,10,3
16005,14744,14745,25,3
16006,14745,14746,8,3
16007,14746,14747,15,3
16008,14747,14748,8,3
16009,14748,10042,16,3
16010,14749,14750,1,3
16011,14750,14751,18,3
16012,14751,14752,22,3
16013,14752,14753,4,3
16014,14753,14695,13,3
16015,9964,14754,1,3
16016,14754,14755,19,3
16017,14755,14756,7,3
16018,14756,14757,4,3
16019,14757,14695,13,3
16020,14714,14758,13,3
16021,14758,7101,40,3
16022,14759,14760,22,3
16023,14760,7101,3,3
16024,14761,14762,5,3
16025,14762,14763,36,3
16026,14763,14764,5,3
16027,14764,14719,6,3
16028,14761,14765,13,3
16029,14765,14766,4,3
16030,14766,14767,43,3
16031,14767,14768,6,3
16032,14768,14719,6,3
16033,14769,14770,20,3
16034,14770,14719,6,3
16035,14771,14772,2,3
16036,14772,14773,16,3
16037,14773,14774,38,3
16038,14774,14719,6,3
16039,14775,14776,20,3
16040,14776,14777,3,3
16041,14777,14778,2,3
16042,14778,14723,5,3
16043,14729,14779,34,3
16044,14779,14723,5,3
16045,7914,14780,33,3
16046,14780,14781,42,3
16047,14781,14723,5,3
16048,14782,14783,68,3
16049,14783,14714,14,3
16050,14784,14785,25,3
16051,14785,14714,13,3
16052,14786,14787,14,3
16053,14787,14788,9,3
16054,14788,14789,10,3
16055,14789,14790,17,3
16056,14790,14791,20,3
16057,14791,14792,15,3
16058,14792,14714,6,3
16059,14793,14716,25,3
16060,14794,14716,47,3
16061,14782,14795,14,3
16062,14795,14716,12,3
16063,7914,6327,48,3
16064,14796,14797,16,3
16065,14797,6327,34,3
16066,14784,14759,42,3
16067,14771,14798,2,3
16068,14798,14759,38,3
16069,14710,14799,29,3
16070,14799,14800,10,3
16071,14793,14801,20,3
16072,14801,14800,10,3
16073,14802,14803,38,3
16074,14803,14800,2,3
16075,14804,14805,3,3
16076,14805,14793,41,3
16077,14806,14807,25,3
16078,14807,14731,8,3
16079,14808,14809,8,3
16080,14809,14810,14,3
16081,14810,14811,24,3
16082,14811,14806,10,3
16083,14812,14813,6,3
16084,14813,14814,17,3
16085,14814,14749,19,3
16086,14808,14815,8,3
16087,14815,14816,6,3
16088,14816,14817,10,3
16089,14817,14818,28,3
16090,14818,14819,19,3
16091,14819,14820,22,3
16092,14820,14821,17,3
16093,14821,9964,1,3
16094,14802,14822,24,3
16095,14822,14804,3,3
16096,14823,14824,57,3
16097,14824,14804,3,3
16098,14794,14825,25,3
16099,14825,14804,3,3
16100,14826,14827,38,3
16101,14827,14784,2,3
16102,14769,14828,37,3
16103,14828,14771,3,3
16104,14826,14829,41,3
16105,14829,14771,3,3
16106,14830,14769,47,3
16107,14831,14832,3,3
16108,14832,14833,31,3
16109,14833,14769,3,3
16110,14830,14826,39,3
16111,14786,14834,14,3
16112,14834,14835,13,3
16113,14835,14782,11,3
16114,14786,14836,14,3
16115,14836,14782,40,3
16116,14837,14838,9,3
16117,14838,14839,60,3
16118,14839,14786,14,3
16119,14837,14840,9,3
16120,14840,14841,61,3
16121,14841,14786,9,3
16122,14794,14842,24,3
16123,14842,14786,14,3
16124,14843,14844,24,3
16125,14844,14786,6,3
16126,14845,14670,55,3
16127,14823,14846,6,3
16128,14846,14670,17,3
16129,14847,14848,3,3
16130,14848,14673,224,3
16131,14849,14673,42,3
16132,14850,14851,29,3
16133,14851,14808,8,3
16134,14852,14853,21,3
16135,14853,14854,4,3
16136,14854,14855,20,3
16137,14855,14856,5,3
16138,14856,14857,26,3
16139,14857,14808,8,3
16140,14858,14830,28,3
16141,14859,14830,35,3
16142,14859,14860,48,3
16143,14860,14831,3,3
16144,14861,14862,26,3
16145,14862,14831,3,3
16146,14761,14863,14,3
16147,14863,14864,23,3
16148,14864,14831,3,3
16149,7140,14865,29,3
16150,14865,14866,11,3
16151,14866,14867,12,3
16152,14867,14868,11,3
16153,14868,14869,8,3
16154,14869,14870,9,3
16155,14870,14871,37,3
16156,14871,14872,24,3
16157,14872,14873,14,3
16158,14873,14874,13,3
16159,14875,14876,9,3
16160,14876,14877,6,3
16161,14877,14878,19,3
16162,14878,14879,17,3
16163,14879,14880,14,3
16164,14880,14881,18,3
16165,14881,14882,30,3
16166,14882,14883,42,3
16167,14883,14884,20,3
16168,14884,14885,10,3
16169,14885,14886,19,3
16170,14886,14887,10,3
16171,14887,14888,15,3
16172,14888,14874,51,3
16173,14875,14889,9,3
16174,14889,14890,19,3
16175,14890,14891,19,3
16176,14891,14892,22,3
16177,14892,14893,17,3
16178,14893,14874,11,3
16179,14894,7140,41,3
16180,14875,14895,9,3
16181,14895,14896,2,3
16182,14896,14897,15,3
16183,14897,14898,11,3
16184,14898,7140,28,3
16185,14899,14900,25,3
16186,14900,14875,9,3
16187,14901,14859,33,3
16188,14861,14902,20,3
16189,14902,14903,13,3
16190,14904,14905,25,3
16191,14905,14903,13,3
16192,14906,14907,4,3
16193,14907,14908,51,3
16194,14908,14903,2,3
16195,14909,14910,3,3
16196,14910,14911,26,3
16197,14911,14903,13,3
16198,14901,14861,50,3
16199,14775,14904,23,3
16200,14761,14912,14,3
16201,14912,14904,47,3
16202,14913,14843,32,3
16203,14914,14915,5,3
16204,14915,14843,38,3
16205,14916,14917,7,3
16206,14917,14918,47,3
16207,14918,14919,30,3
16208,14919,14920,27,3
16209,14920,14921,19,3
16210,14921,14843,17,3
16211,14916,14922,7,3
16212,14922,14858,24,3
16213,14923,14858,90,3
16214,5943,14850,25,3
16215,14852,14924,14,3
16216,14924,14850,16,3
16217,14925,14823,24,3
16218,14837,14926,9,3
16219,14926,14925,23,3
16220,14794,14925,58,3
16221,14927,14913,33,3
16222,14928,14913,42,3
16223,14929,14914,36,3
16224,14928,14914,29,3
16225,14930,14931,75,3
16226,14931,14916,7,3
16227,14932,14933,30,3
16228,14933,14916,7,3
16229,14845,14934,23,3
16230,14934,14837,9,3
16231,14935,14936,3,3
16232,14936,14937,11,3
16233,14937,5943,6,3
16234,14796,14938,66,3
16235,14939,14938,30,3
16236,14909,14940,3,3
16237,14940,14938,30,3
16238,14939,14941,64,3
16239,14941,14942,7,3
16240,14942,14796,23,3
16241,6287,14943,5,3
16242,14943,14944,2,3
16243,14944,14939,28,3
16244,14945,14946,53,3
16245,14946,14909,3,3
16246,14947,14948,11,3
16247,14948,14949,17,3
16248,14949,14950,10,3
16249,14950,14951,21,3
16250,14951,14952,12,3
16251,14952,14953,13,3
16252,14953,14954,18,3
16253,14954,7193,6,3
16254,7213,14955,4,3
16255,14955,14956,6,3
16256,14956,14957,17,3
16257,14957,14958,32,3
16258,14958,14959,24,3
16259,14959,14960,14,3
16260,14960,14961,12,3
16261,14961,14962,75,3
16262,14962,14947,7,3
16263,7282,14963,6,3
16264,14963,14964,4,3
16265,14964,14965,4,3
16266,14965,14966,136,3
16267,14966,14967,7,3
16268,14967,14968,64,3
16269,14968,14947,7,3
16270,14901,14969,24,3
16271,14969,14906,4,3
16272,14923,14970,28,3
16273,14970,14906,4,3
16274,14971,14972,20,3
16275,14972,14906,4,3
16276,14930,14923,29,3
16277,14973,14923,90,3
16278,6870,14894,41,3
16279,14899,14894,47,3
16280,14974,14975,4,3
16281,14975,14894,41,3
16282,14974,14976,21,3
16283,14976,14977,30,3
16284,14977,14978,5,3
16285,14978,14899,10,3
16286,14979,14980,20,3
16287,14980,14974,32,3
16288,14847,14981,3,3
16289,14981,14845,157,3
16290,14979,14982,3,3
16291,14982,6870,76,3
16292,7303,14983,7,3
16293,14983,14984,6,3
16294,14984,14985,1,3
16295,14985,14986,2,3
16296,14986,14987,2,3
16297,14987,14988,3,3
16298,14988,14989,55,3
16299,14989,14990,1,3
16300,14990,14991,5,3
16301,14991,7282,6,3
16302,438,7303,38,3
16303,14992,14932,33,3
16304,14993,14994,17,3
16305,14994,14932,71,3
16306,14927,14992,32,3
16307,14995,14992,42,3
16308,14996,14997,73,3
16309,14997,14993,17,3
16310,14930,14998,31,3
16311,14998,14993,17,3
16312,14999,15000,4,3
16313,15000,15001,18,3
16314,15001,15002,88,3
16315,15002,14993,1,3
16316,14999,15003,4,3
16317,15003,15004,83,3
16318,15004,15005,2,3
16319,15005,14993,18,3
16320,15006,15007,85,3
16321,15007,14993,18,3
16322,15008,15009,36,3
16323,15009,14847,3,3
16324,15010,15011,6,3
16325,15011,15012,32,3
16326,15012,14847,3,3
16327,15013,15014,6,3
16328,15014,15015,8,3
16329,15015,14930,72,3
16330,14996,15016,22,3
16331,15016,15013,6,3
16332,6527,15017,65,3
16333,15017,15013,6,3
16334,14973,15018,38,3
16335,15018,15013,6,3
16336,15019,14929,95,3
16337,15020,14929,32,3
16338,14995,15019,32,3
16339,15021,15022,42,3
16340,15022,15023,40,3
16341,15023,15024,92,3
16342,15024,15019,16,3
16343,15025,15020,113,3
16344,15026,15027,75,3
16345,15027,15028,3,3
16346,15028,15020,14,3
16347,14973,6524,29,3
16348,14945,6524,39,3
16349,14971,14945,20,3
16350,15029,15030,2,3
16351,15030,14849,58,3
16352,15008,14849,228,3
16353,15031,15032,26,3
16354,15032,5940,5,3
16355,15033,6926,47,3
16356,7139,6926,96,3
16357,15034,15035,8,3
16358,15035,15036,5,3
16359,15036,15037,67,3
16360,15037,15038,3,3
16361,15038,15031,82,3
16362,6517,15039,31,3
16363,15040,15041,198,3
16364,15041,6517,6,3
16365,15033,6518,46,3
16366,15042,6518,102,3
16367,15040,6518,77,3
16368,6875,15043,19,3
16369,15043,14979,20,3
16370,15044,15045,30,3
16371,15045,14996,15,3
16372,15046,15033,99,3
16373,15046,7139,46,3
16374,15047,6527,20,3
16375,15048,15049,9,3
16376,15049,15050,24,3
16377,15050,15034,8,3
16378,5948,15051,26,3
16379,15051,15034,8,3
16380,15052,15053,88,3
16381,15053,15054,3,3
16382,15054,15034,8,3
16383,15055,15056,11,3
16384,15056,15057,35,3
16385,15057,15058,52,3
16386,15058,5948,7,3
16387,15042,15046,47,3
16388,7376,15059,5,3
16389,15059,15046,71,3
16390,15039,15060,34,3
16391,15061,15039,209,3
16392,15061,15040,32,3
16393,15062,15063,24,3
16394,15063,15064,6,3
16395,15064,15040,77,3
16396,15065,15066,7,3
16397,15066,15067,13,3
16398,15067,15055,16,3
16399,15052,15068,7,3
16400,15068,15069,5,3
16401,15069,15070,16,3
16402,15070,15055,4,3
16403,15044,15047,32,3
16404,15071,15047,41,3
16405,7378,7376,55,3
16406,15072,15073,2,3
16407,15073,15074,24,3
16408,15074,15075,5,3
16409,15075,15048,9,3
16410,15076,15077,13,3
16411,15077,15078,29,3
16412,15078,15048,9,3
16413,15079,15080,43,3
16414,15080,15072,2,3
16415,15081,15042,45,3
16416,7378,15042,86,3
16417,15082,15083,9,3
16418,15083,15076,36,3
16419,15084,15021,33,3
16420,15085,15086,4,3
16421,15086,15021,64,3
16422,14999,15087,14,3
16423,15087,15021,17,3
16424,15088,15089,8,3
16425,15089,15084,33,3
16426,15090,15084,89,3
16427,15085,15091,4,3
16428,15091,15092,13,3
16429,15092,15071,20,3
16430,15085,15093,4,3
16431,15093,15094,12,3
16432,15094,15095,17,3
16433,15095,5474,5,3
16434,15085,15096,4,3
16435,15096,15097,16,3
16436,15097,15098,13,3
16437,15098,5474,5,3
16438,15099,15100,2,3
16439,15100,15101,209,3
16440,15101,15102,9,3
16441,15102,15085,4,3
16442,15060,15103,17,3
16443,15103,15104,10,3
16444,15104,15085,4,3
16445,6331,15105,59,3
16446,15105,15106,14,3
16447,15106,15085,4,3
16448,15071,15107,57,3
16449,15107,14999,5,3
16450,15108,15060,214,3
16451,15061,15108,33,3
16452,15099,15109,2,3
16453,15109,15108,27,3
16454,15110,15111,16,3
16455,15111,15108,66,3
16456,5852,15112,3,3
16457,15112,15113,29,3
16458,15113,15114,8,3
16459,15114,5868,9,3
16460,15115,15116,3,3
16461,15116,15117,23,3
16462,15117,15118,54,3
16463,15118,15119,36,3
16464,15119,5868,48,3
16465,15120,15121,8,3
16466,15121,15122,90,3
16467,15122,15088,8,3
16468,15120,15123,8,3
16469,15123,15124,92,3
16470,15124,15088,8,3
16471,6331,15125,56,3
16472,15125,15088,2,3
16473,6332,15126,4,3
16474,15126,15127,20,3
16475,15127,15088,8,3
16476,15120,15128,8,3
16477,15128,15090,31,3
16478,15025,15129,45,3
16479,15129,15090,41,3
16480,15130,15131,2,3
16481,15131,15132,15,3
16482,15132,15133,41,3
16483,15133,15134,19,3
16484,15134,15135,17,3
16485,15135,15136,37,3
16486,15136,15065,11,3
16487,15130,15137,2,3
16488,15137,15138,24,3
16489,15138,15139,7,3
16490,15139,15065,9,3
16491,15130,15140,2,3
16492,15140,15052,27,3
16493,15141,7378,43,3
16494,15062,15081,37,3
16495,15142,15081,53,3
16496,15115,15143,3,3
16497,15143,15144,19,3
16498,5862,15145,43,3
16499,15145,15146,19,3
16500,15146,15147,28,3
16501,15147,15148,9,3
16502,15148,15149,17,3
16503,15149,15150,17,3
16504,15150,15151,18,3
16505,15151,15144,9,3
16506,6332,15152,4,3
16507,15152,15153,95,3
16508,15153,15154,29,3
16509,15154,15120,8,3
16510,15155,15156,211,3
16511,15156,5474,5,3
16512,15008,15157,49,3
16513,15158,15157,29,3
16514,15159,15160,5,3
16515,15160,15161,42,3
16516,15161,15157,3,3
16517,15162,15163,9,3
16518,15163,15158,76,3
16519,15164,15158,20,3
16520,15165,15166,73,3
16521,15166,15167,1,3
16522,15167,15158,27,3
16523,15168,15169,16,3
16524,15169,15159,43,3
16525,15170,15159,30,3
16526,15079,15171,10,3
16527,15171,15172,10,3
16528,15172,15173,6,3
16529,15173,15130,2,3
16530,15174,15175,7,3
16531,15175,15061,64,3
16532,15176,15062,38,3
16533,15177,15178,4,3
16534,15178,15179,13,3
16535,15179,15079,11,3
16536,15180,15181,22,3
16537,15182,15181,25,3
16538,15183,15181,20,3
16539,15184,15180,32,3
16540,15185,15182,30,3
16541,15186,15187,18,3
16542,15187,15188,42,3
16543,15188,15189,52,3
16544,15189,15182,4,3
16545,15010,15190,6,3
16546,15190,15191,24,3
16547,15191,15192,122,3
16548,15192,15182,4,3
16549,15193,15183,51,3
16550,15010,15194,6,3
16551,15194,15195,57,3
16552,15195,15183,30,3
16553,468,15196,7,3
16554,15196,15197,126,3
16555,15197,5347,6,3
16556,5347,15198,6,3
16557,15198,15199,9,3
16558,15199,15200,116,3
16559,15200,468,7,3
16560,15168,15201,2,3
16561,15201,15202,10,3
16562,15202,15203,18,3
16563,15203,15204,186,3
16564,15204,15205,8,3
16565,15205,468,7,3
16566,15206,15207,41,3
16567,15207,15208,14,3
16568,15208,15209,8,3
16569,15209,468,7,3
16570,15029,15210,2,3
16571,15210,472,41,3
16572,15029,15211,2,3
16573,15211,15212,86,3
16574,15212,15213,41,3
16575,15213,472,84,3
16576,15214,15141,38,3
16577,15142,15215,34,3
16578,15215,15141,4,3
16579,485,15216,14,3
16580,15216,15217,32,3
16581,15217,457,30,3
16582,15218,15219,52,3
16583,15219,7380,5,3
16584,15220,15221,25,3
16585,15221,15222,7,3
16586,15222,7380,7,3
16587,15223,15176,38,3
16588,15224,15176,39,3
16589,15174,15176,45,3
16590,15155,15225,24,3
16591,15225,15099,2,3
16592,15110,15226,16,3
16593,15226,15227,69,3
16594,15227,15099,2,3
16595,15174,15228,24,3
16596,15228,15110,16,3
16597,15223,15229,45,3
16598,15229,15110,1,3
16599,15230,15231,24,3
16600,15231,15110,16,3
16601,15184,15232,47,3
16602,6336,15232,31,3
16603,15186,15233,18,3
16604,15233,15232,26,3
16605,6334,15234,76,3
16606,15234,15186,4,3
16607,15235,15236,81,3
16608,15236,15186,17,3
16609,15237,15238,34,3
16610,15238,15186,17,3
16611,15239,15240,2,3
16612,15240,15241,80,3
16613,15241,15242,32,3
16614,15242,15168,16,3
16615,15243,15244,29,3
16616,15244,15168,17,3
16617,15245,15246,115,3
16618,15246,15168,17,3
16619,15247,15248,39,3
16620,15248,15239,2,3
16621,15245,15249,34,3
16622,15249,15239,2,3
16623,15250,15251,2,3
16624,15251,15252,73,3
16625,15252,15239,2,3
16626,15185,15253,31,3
16627,15253,15254,9,3
16628,15162,15255,9,3
16629,15255,15256,64,3
16630,15256,15254,9,3
16631,15162,15257,9,3
16632,15257,15258,67,3
16633,15258,15254,8,3
16634,15237,15259,87,3
16635,15259,15254,2,3
16636,15260,15261,5,3
16637,15261,15262,23,3
16638,15262,15254,8,3
16639,15165,15185,59,3
16640,15165,15263,30,3
16641,15263,15162,9,3
16642,15247,15264,33,3
16643,15264,15162,9,3
16644,15164,15265,77,3
16645,15265,15162,9,3
16646,15266,15223,45,3
16647,15267,15223,110,3
16648,15218,15224,63,3
16649,15268,15224,36,3
16650,15235,6334,22,3
16651,15269,15155,26,3
16652,15230,15155,71,3
16653,15270,15269,117,3
16654,15271,15272,4,3
16655,15272,15273,6,3
16656,15273,15269,41,3
16657,15266,15274,24,3
16658,15274,15275,5,3
16659,15275,15230,15,3
16660,15276,15235,37,3
16661,15277,15237,29,3
16662,15278,15237,62,3
16663,15277,15279,82,3
16664,15279,15260,5,3
16665,15250,15280,2,3
16666,15280,15281,39,3
16667,15281,15260,5,3
16668,15247,15282,3,3
16669,15282,15283,70,3
16670,15283,15260,5,3
16671,15284,15277,62,3
16672,15285,15243,37,3
16673,15286,15287,157,3
16674,15287,15243,42,3
16675,15288,15285,116,3
16676,15289,15285,113,3
16677,15290,15286,40,3
16678,15291,15286,131,3
16679,15292,15293,3,3
16680,15293,15286,28,3
16681,15292,15294,3,3
16682,15294,15245,75,3
16683,15295,15296,174,3
16684,15296,15250,2,3
16685,15292,15297,3,3
16686,15297,15298,33,3
16687,15298,15250,2,3
16688,5862,15299,13,3
16689,15299,15300,6,3
16690,15300,15301,10,3
16691,15301,15302,16,3
16692,15302,15303,15,3
16693,15303,15304,9,3
16694,15304,5852,9,3
16695,15305,15306,26,3
16696,15307,15308,24,3
16697,15308,15309,7,3
16698,15309,15310,11,3
16699,15310,15306,11,3
16700,15306,15311,22,3
16701,15311,15312,44,3
16702,15312,15313,42,3
16703,15313,15314,20,3
16704,15314,451,8,3
16705,441,15315,31,3
16706,15315,15316,44,3
16707,15316,15317,154,3
16708,15317,15318,41,3
16709,15318,15319,47,3
16710,15319,15306,20,3
16711,9659,15320,17,3
16712,15320,15321,34,3
16713,15321,15322,19,3
16714,15322,15323,34,3
16715,15323,15324,61,3
16716,15324,15325,5,3
16717,15325,15326,3,3
16718,15326,15305,10,3
16719,15327,15328,52,3
16720,15328,15305,33,3
16721,15329,15307,69,3
16722,15330,15331,21,3
16723,15331,15332,40,3
16724,15332,15307,39,3
16725,15333,15334,6,3
16726,15334,15335,35,3
16727,15335,15336,17,3
16728,15336,451,8,3
16729,15214,15218,41,3
16730,15267,15218,39,3
16731,15268,15337,46,3
16732,15337,15214,4,3
16733,15338,15339,19,3
16734,15339,15267,27,3
16735,15220,15340,4,3
16736,15340,15341,5,3
16737,15341,15267,53,3
16738,15338,15266,112,3
16739,15270,15266,23,3
16740,15278,15276,31,3
16741,15342,15343,18,3
16742,15343,15276,14,3
16743,15344,15345,7,3
16744,15345,8643,13,3
16745,15346,15347,8,3
16746,15347,15348,15,3
16747,15348,15349,76,3
16748,15349,8643,36,3
16749,15284,15278,29,3
16750,15342,15284,47,3
16751,15350,15351,51,3
16752,15351,15284,24,3
16753,15352,15353,7,3
16754,15353,15354,20,3
16755,15354,15355,15,3
16756,15355,15356,12,3
16757,15356,15357,22,3
16758,15357,15358,20,3
16759,15358,5712,5,3
16760,15359,15360,8,3
16761,15360,5714,58,3
16762,15359,15361,6,3
16763,15361,15362,27,3
16764,15362,15363,64,3
16765,15363,5714,36,3
16766,15290,15288,93,3
16767,15364,15365,10,3
16768,15365,15366,10,3
16769,15366,15288,18,3
16770,15367,15289,22,3
16771,15368,15289,78,3
16772,15369,15370,147,3
16773,15370,15292,3,3
16774,7314,15338,42,3
16775,7312,15338,80,3
16776,15371,15270,21,3
16777,15372,15373,5,3
16778,15373,15374,22,3
16779,15374,15375,9,3
16780,15375,15376,13,3
16781,15376,15352,7,3
16782,15377,15378,3,3
16783,15378,15379,7,3
16784,15379,15380,13,3
16785,15380,15381,15,3
16786,15381,15382,8,3
16787,15382,15383,18,3
16788,15383,15352,7,3
16789,15384,15385,9,3
16790,15385,15386,6,3
16791,15386,15387,6,3
16792,15387,15388,14,3
16793,15388,15389,9,3
16794,15389,15390,21,3
16795,15390,15391,8,3
16796,15391,15392,9,3
16797,15392,15393,22,3
16798,15393,15394,6,3
16799,15394,15395,16,3
16800,15395,15396,7,3
16801,15396,15397,28,3
16802,15397,15398,16,3
16803,15398,15399,17,3
16804,15399,15400,7,3
16805,15400,15401,10,3
16806,15401,15402,6,3
16807,15402,15403,19,3
16808,15403,15404,4,3
16809,15404,15405,2,3
16810,15405,15352,7,3
16811,7312,15406,13,3
16812,15406,15220,40,3
16813,15350,15407,11,3
16814,15407,15342,12,3
16815,15295,15408,12,3
16816,15408,15409,10,3
16817,15409,15350,5,3
16818,15410,15411,30,3
16819,15411,15271,4,3
16820,15412,15413,31,3
16821,15413,15414,78,3
16822,15414,15271,4,3
16823,7318,15415,118,3
16824,15415,15271,4,3
16825,15416,15410,33,3
16826,15412,15410,81,3
16827,5472,15412,31,3
16828,15367,15417,15,3
16829,15417,15418,9,3
16830,15418,15419,8,3
16831,15419,5347,6,3
16832,15420,15421,56,3
16833,15421,15422,9,3
16834,15422,5347,6,3
16835,15423,15329,98,3
16836,15327,15424,10,3
16837,15424,15425,3,3
16838,15425,15426,6,3
16839,15426,15329,32,3
16840,15427,15428,9,3
16841,15428,15330,57,3
16842,15423,15330,91,3
16843,15346,15429,8,3
16844,15429,15344,59,3
16845,15346,15430,8,3
16846,15430,15431,60,3
16847,15431,15344,18,3
16848,15346,15432,8,3
16849,15432,15433,86,3
16850,15433,5365,6,3
16851,15346,15434,8,3
16852,15434,15435,87,3
16853,15435,5365,10,3
16854,5472,15436,29,3
16855,15436,15346,8,3
16856,15420,15206,128,3
16857,15437,15206,97,3
16858,15291,15369,34,3
16859,15295,15369,38,3
16860,15416,15438,25,3
16861,15438,5365,10,3
16862,5369,15439,107,3
16863,15439,5365,10,3
16864,15416,5472,85,3
16865,15440,15420,55,3
16866,15441,15420,30,3
16867,15427,15442,9,3
16868,15442,15437,53,3
16869,15443,15437,57,3
16870,15444,15290,100,3
16871,15445,15290,35,3
16872,15445,15364,95,3
16873,15446,15447,26,3
16874,15447,15364,20,3
16875,15444,15291,44,3
16876,15371,7314,106,3
16877,15448,15449,4,3
16878,15449,15423,52,3
16879,15450,15451,11,3
16880,15451,15327,82,3
16881,15452,15453,53,3
16882,15453,15427,9,3
16883,15448,15454,68,3
16884,15454,15427,9,3
16885,2889,15455,3,3
16886,15455,15445,76,3
16887,15456,15446,29,3
16888,15457,15458,69,3
16889,15458,15459,57,3
16890,15459,15446,3,3
16891,15460,15461,2,3
16892,15461,15462,8,3
16893,15462,15367,68,3
16894,15460,15463,2,3
16895,15463,15368,22,3
16896,15456,15464,65,3
16897,15464,15368,2,3
16898,15371,7318,27,3
16899,15465,15372,35,3
16900,15466,15443,22,3
16901,15441,15467,7,3
16902,15467,15443,80,3
16903,2889,15468,3,3
16904,15468,15444,34,3
16905,5354,15469,70,3
16906,15469,15460,2,3
16907,15470,15471,66,3
16908,15471,15460,2,3
16909,15450,15472,13,3
16910,15472,15473,32,3
16911,15473,15474,4,3
16912,15474,15475,3,3
16913,15475,15476,4,3
16914,15476,15477,4,3
16915,15477,15478,5,3
16916,15478,9659,4,3
16917,9608,15450,32,3
16918,9612,15479,8,3
16919,15479,15480,120,3
16920,15480,15450,15,3
16921,15470,15456,24,3
16922,15481,15482,48,3
16923,15482,15456,3,3
16924,15483,15457,33,3
16925,2889,15484,3,3
16926,15484,15485,5,3
16927,15485,15457,46,3
16928,15486,15487,6,3
16929,15487,15448,22,3
16930,15488,15452,33,3
16931,15489,15452,86,3
16932,15466,15452,77,3
16933,15490,15491,18,3
16934,15491,15470,4,3
16935,5354,15492,11,3
16936,15492,15493,7,3
16937,15493,15470,24,3
16938,15494,15466,33,3
16939,15495,15494,34,3
16940,15488,15494,77,3
16941,15465,15496,26,3
16942,15497,15496,38,3
16943,15377,15498,3,3
16944,15498,15499,8,3
16945,15499,15500,16,3
16946,15500,15501,9,3
16947,15501,15502,4,3
16948,15502,15503,5,3
16949,15503,15496,40,3
16950,15377,15504,3,3
16951,15504,15505,6,3
16952,15505,15506,37,3
16953,15506,15507,1,3
16954,15507,15508,3,3
16955,15508,15497,4,3
16956,15509,15510,14,3
16957,15510,15511,38,3
16958,15511,15512,2,3
16959,15512,15377,3,3
16960,15486,15513,6,3
16961,15513,9612,112,3
16962,15514,15481,23,3
16963,15483,15515,52,3
16964,15515,15481,2,3
16965,5599,15516,40,3
16966,15516,5354,7,3
16967,5351,15440,73,3
16968,15517,15440,29,3
16969,15495,15441,62,3
16970,15518,15519,25,3
16971,15519,15441,5,3
16972,15520,15521,13,3
16973,15521,15509,12,3
16974,15522,15523,6,3
16975,15523,15524,9,3
16976,15524,15509,16,3
16977,15525,15495,29,3
16978,15526,15495,77,3
16979,15517,15518,26,3
16980,15525,15518,64,3
16981,15514,15490,29,3
16982,15527,15528,29,3
16983,15528,15490,21,3
16984,15529,15514,40,3
16985,15527,15514,21,3
16986,15529,15483,27,3
16987,2893,15530,11,3
16988,15530,15483,32,3
16989,15489,15531,24,3
16990,15531,15486,6,3
16991,9617,15532,134,3
16992,15532,15486,6,3
16993,15533,15534,31,3
16994,6743,15535,5,3
16995,15535,15534,17,3
16996,15536,15537,33,3
16997,15537,15538,4,3
16998,15538,15539,20,3
16999,15539,15540,24,3
17000,15540,15541,16,3
17001,15541,15542,15,3
17002,15542,15543,20,3
17003,15543,15534,22,3
17004,15544,15533,24,3
17005,15536,15545,57,3
17006,15545,15533,50,3
17007,15546,15547,26,3
17008,15547,15548,7,3
17009,15548,6743,59,3
17010,15549,15536,24,3
17011,15526,15488,33,3
17012,15550,15488,72,3
17013,15550,15489,36,3
17014,15551,15552,49,3
17015,15552,15489,7,3
17016,15529,15553,22,3
17017,15553,15527,40,3
17018,5599,15554,35,3
17019,15554,15527,13,3
17020,2898,15549,41,3
17021,15544,15555,44,3
17022,15555,15549,51,3
17023,15556,15557,8,3
17024,15557,15558,17,3
17025,15558,15559,25,3
17026,15559,15560,12,3
17027,15560,15520,11,3
17028,15561,15562,12,3
17029,15562,15563,17,3
17030,15563,15564,8,3
17031,15564,15565,1,3
17032,15565,15520,3,3
17033,6078,15566,20,3
17034,15566,15567,40,3
17035,15567,15568,4,3
17036,15568,15522,6,3
17037,15384,15569,7,3
17038,15569,15570,7,3
17039,15570,15571,9,3
17040,15571,15572,7,3
17041,15572,15522,6,3
17042,2824,15546,27,3
17043,15573,15574,51,3
17044,15574,15546,9,3
17045,15575,5369,27,3
17046,15576,15525,27,3
17047,15577,15525,77,3
17048,15577,15526,29,3
17049,15578,15579,5,3
17050,15579,15526,58,3
17051,15580,15581,5,3
17052,15581,15582,9,3
17053,15582,15583,49,3
17054,15583,15584,11,3
17055,15584,2883,7,3
17056,15585,15586,50,3
17057,15586,15587,9,3
17058,15587,2883,7,3
17059,15588,15589,65,3
17060,15589,2884,4,3
17061,15590,15591,26,3
17062,15591,2884,4,3
17063,15580,15592,5,3
17064,15592,15593,33,3
17065,15593,2884,4,3
17066,15573,15544,36,3
17067,2897,15594,43,3
17068,15595,15594,55,3
17069,15588,15596,72,3
17070,15596,15594,34,3
17071,15597,2897,101,3
17072,15598,2897,60,3
17073,15588,15595,29,3
17074,15590,15599,7,3
17075,15599,15595,38,3
17076,15600,15601,6,3
17077,15601,15602,50,3
17078,15602,15556,2,3
17079,15603,15604,18,3
17080,15604,15605,18,3
17081,15605,15606,5,3
17082,15606,15607,3,3
17083,15607,15608,7,3
17084,15608,15609,7,3
17085,15609,15610,3,3
17086,15610,15611,3,3
17087,15611,15612,5,3
17088,15612,15613,4,3
17089,15613,15614,5,3
17090,15614,15615,6,3
17091,15615,15616,5,3
17092,15616,15617,2,3
17093,15617,15618,2,3
17094,15618,15619,3,3
17095,15619,15620,3,3
17096,15620,15621,4,3
17097,15621,15622,5,3
17098,15622,15623,2,3
17099,15623,15624,8,3
17100,15624,15625,5,3
17101,15625,15626,2,3
17102,15626,15561,5,3
17103,15627,2898,33,3
17104,15573,15628,25,3
17105,15628,2898,53,3
17106,15629,15517,40,3
17107,15576,15517,63,3
17108,15630,15629,32,3
17109,15631,15629,64,3
17110,15631,15576,38,3
17111,15632,15576,77,3
17112,15578,15633,5,3
17113,15633,15550,36,3
17114,15634,15551,91,3
17115,15635,15551,41,3
17116,15636,15573,32,3
17117,15585,15637,52,3
17118,15637,15580,5,3
17119,15638,15639,3,3
17120,15639,15640,132,3
17121,15640,15641,9,3
17122,15641,15580,5,3
17123,15642,15643,16,3
17124,15643,15644,72,3
17125,15644,15580,5,3
17126,15632,15577,26,3
17127,15645,15577,46,3
17128,15634,15646,42,3
17129,15646,15578,5,3
17130,15645,15647,20,3
17131,15647,15578,5,3
17132,15630,5351,28,3
17133,15648,5351,42,3
17134,15649,15650,21,3
17135,15650,15651,23,3
17136,15651,6078,9,3
17137,10459,15652,2,3
17138,15652,15653,8,3
17139,15653,15649,10,3
17140,6023,15654,7,3
17141,15654,15655,14,3
17142,15655,15649,37,3
17143,15656,15657,3,3
17144,15657,15658,9,3
17145,15658,2899,26,3
17146,15659,15660,6,3
17147,15660,15661,24,3
17148,15661,2899,28,3
17149,15662,15631,34,3
17150,15663,15664,9,3
17151,15664,15631,76,3
17152,15663,15665,9,3
17153,15665,15632,38,3
17154,15666,15632,34,3
17155,15656,15667,3,3
17156,15667,15597,38,3
17157,15642,15597,63,3
17158,15590,15598,37,3
17159,15642,15598,45,3
17160,15668,15669,5,3
17161,15669,15670,8,3
17162,15670,15671,8,3
17163,15671,15672,10,3
17164,15672,15603,13,3
17165,15673,15634,40,3
17166,15674,15635,45,3
17167,15673,15675,90,3
17168,15675,15635,12,3
17169,4219,15585,126,3
17170,15642,15676,74,3
17171,15676,15638,3,3
17172,15677,15678,25,3
17173,15678,15638,3,3
17174,15656,15679,3,3
17175,15679,15680,105,3
17176,15680,15638,3,3
17177,15681,15682,12,3
17178,15682,15630,31,3
17179,15662,15630,65,3
17180,15681,15683,1,3
17181,15683,15648,29,3
17182,2928,15684,10,3
17183,15684,15648,56,3
17184,15666,15645,29,3
17185,15685,15686,6,3
17186,15686,15687,24,3
17187,15687,15688,19,3
17188,15688,15689,7,3
17189,15689,2824,23,3
17190,15690,15691,64,3
17191,15691,15681,12,3
17192,15692,15693,25,3
17193,15693,15681,12,3
17194,15694,15695,64,3
17195,15695,15681,12,3
17196,15696,15662,80,3
17197,15690,15662,29,3
17198,15697,15674,58,3
17199,15698,15674,114,3
17200,9617,15674,30,3
17201,15698,15673,38,3
17202,15699,9615,79,3
17203,9563,9656,99,3
17204,15699,9656,139,3
17205,15663,15700,9,3
17206,15700,15696,38,3
17207,15663,15701,9,3
17208,15701,15702,20,3
17209,15702,15696,14,3
17210,15666,15703,41,3
17211,15703,15663,9,3
17212,15600,15704,6,3
17213,15704,15705,6,3
17214,15705,15706,10,3
17215,15706,15707,35,3
17216,15707,15708,6,3
17217,15708,10459,5,3
17218,2823,15709,20,3
17219,15709,15710,60,3
17220,15710,15711,15,3
17221,15711,15712,20,3
17222,15712,15685,6,3
17223,15713,15714,32,3
17224,15714,15715,77,3
17225,15715,15716,4,3
17226,15716,15685,6,3
17227,15717,15718,6,3
17228,15718,15719,17,3
17229,15719,15685,6,3
17230,15720,15696,31,3
17231,15721,15696,36,3
17232,15694,15690,25,3
17233,15721,15722,5,3
17234,15722,15690,58,3
17235,5325,15723,4,3
17236,15723,5317,36,3
17237,9621,15697,50,3
17238,15724,15697,130,3
17239,15724,15698,56,3
17240,15725,15698,128,3
17241,10524,15726,24,3
17242,15726,15727,6,3
17243,15727,15728,13,3
17244,15728,15729,11,3
17245,15729,15730,11,3
17246,15730,15731,18,3
17247,15731,15732,14,3
17248,15732,15733,32,3
17249,15733,15734,14,3
17250,15734,15735,37,3
17251,15735,15736,19,3
17252,15736,15737,6,3
17253,15738,15739,9,3
17254,15739,15740,17,3
17255,15740,15741,13,3
17256,15741,15742,10,3
17257,15742,15743,11,3
17258,15743,15744,34,3
17259,15744,15745,15,3
17260,15745,15746,23,3
17261,15746,15747,11,3
17262,15747,15748,4,3
17263,15748,15749,28,3
17264,15749,15750,10,3
17265,15750,15737,73,3
17266,15636,15713,50,3
17267,15659,15751,6,3
17268,15751,15713,42,3
17269,15752,15753,9,3
17270,15753,15713,28,3
17271,15627,15754,49,3
17272,15754,15636,15,3
17273,15627,15659,27,3
17274,15717,15755,3,3
17275,15755,15756,97,3
17276,15756,15752,8,3
17277,8043,15757,30,3
17278,15757,15752,9,3
17279,15758,15759,6,3
17280,15759,15760,131,3
17281,15760,9563,5,3
17282,15758,15699,99,3
17283,15761,15762,9,3
17284,15762,15763,24,3
17285,15763,15764,11,3
17286,15764,15765,8,3
17287,15765,15766,9,3
17288,15766,15600,6,3
17289,15767,15720,31,3
17290,15768,15720,51,3
17291,15769,15721,25,3
17292,9621,15770,26,3
17293,15770,15771,21,3
17294,15771,15772,17,3
17295,15772,15773,80,3
17296,15773,15774,4,3
17297,15774,15775,4,3
17298,15775,15724,58,3
17299,15776,15724,127,3
17300,15776,15725,56,3
17301,2975,15725,26,3
17302,15767,15725,49,3
17303,2945,2928,32,3
17304,15692,15777,4,3
17305,15777,15778,12,3
17306,15778,2945,10,3
17307,2946,15692,64,3
17308,4222,15779,6,3
17309,15779,2931,29,3
17310,9565,15780,5,3
17311,15780,15758,84,3
17312,15774,15781,4,3
17313,15781,2997,126,3
17314,15782,15783,53,3
17315,15783,15774,4,3
17316,15774,15784,4,3
17317,15784,15785,80,3
17318,15785,15786,17,3
17319,15786,15787,23,3
17320,15787,9624,26,3
17321,2996,15788,126,3
17322,15788,15774,4,3
17323,8056,15789,44,3
17324,15789,15717,8,3
17325,6916,15790,8,3
17326,15790,15791,20,3
17327,15791,15792,105,3
17328,15792,15717,5,3
17329,6917,8056,58,3
17330,15656,15793,3,3
17331,15793,15794,7,3
17332,15794,8042,36,3
17333,15795,15796,9,3
17334,15796,15797,65,3
17335,15797,8042,8,3
17336,8043,15798,61,3
17337,15798,15656,3,3
17338,15677,15799,17,3
17339,15799,15795,8,3
17340,15800,15801,71,3
17341,15801,15795,7,3
17342,8046,15802,8,3
17343,15802,15803,31,3
17344,15803,15795,7,3
17345,2997,15776,59,3
17346,15804,15677,78,3
17347,15800,15804,24,3
17348,15805,15806,7,3
17349,15806,15804,91,3
17350,15807,15808,52,3
17351,15782,15808,150,3
17352,9624,15809,7,3
17353,15809,15808,56,3
17354,15810,15807,44,3
17355,15811,15807,168,3
17356,15811,15782,49,3
17357,15812,15782,130,3
17358,15813,2975,60,3
17359,15813,15767,43,3
17360,15814,15815,25,3
17361,15815,15816,12,3
17362,15816,15817,21,3
17363,15817,5929,31,3
17364,5823,15818,10,3
17365,15818,5929,24,3
17366,7047,15819,7,3
17367,15819,6917,101,3
17368,15820,15800,40,3
17369,15821,15822,8,3
17370,15822,15800,90,3
17371,15821,15805,24,3
17372,4218,15823,10,3
17373,15823,15805,54,3
17374,9622,15810,44,3
17375,15824,15810,85,3
17376,15825,15811,132,3
17377,15826,15827,3,3
17378,15827,15811,56,3
17379,15828,15829,54,3
17380,15829,4226,8,3
17381,15830,15831,7,3
17382,15831,15832,4,3
17383,15832,15833,7,3
17384,15833,4226,178,3
17385,15834,15828,24,3
17386,4222,15835,6,3
17387,15835,15828,75,3
17388,10466,15836,6,3
17389,15836,15837,4,3
17390,15837,5828,9,3
17391,15820,15838,54,3
17392,15838,15839,16,3
17393,15839,8046,9,3
17394,8063,15840,7,3
17395,15840,15841,7,3
17396,15841,15820,37,3
17397,15842,15843,7,3
17398,15843,15820,91,3
17399,15842,15821,39,3
17400,9923,15844,10,3
17401,15844,15845,15,3
17402,15845,15846,9,3
17403,15846,15847,26,3
17404,15847,15848,15,3
17405,15848,15849,12,3
17406,15849,15850,12,3
17407,15850,15851,10,3
17408,15851,15814,7,3
17409,15852,15853,21,3
17410,15853,15814,6,3
17411,15852,15854,40,3
17412,15854,15855,52,3
17413,15855,5823,6,3
17414,9565,15856,5,3
17415,15856,15857,6,3
17416,15857,9622,175,3
17417,15858,15824,88,3
17418,15859,15824,59,3
17419,15860,15861,21,3
17420,15861,2949,6,3
17421,9578,15862,8,3
17422,15862,15863,9,3
17423,15863,15864,39,3
17424,15864,9565,5,3
17425,9578,15865,8,3
17426,15865,15866,51,3
17427,15866,15867,5,3
17428,15867,9565,5,3
17429,15858,15868,39,3
17430,15868,15869,6,3
17431,15869,9565,5,3
17432,15870,15834,63,3
17433,15871,15872,90,3
17434,15872,15873,8,3
17435,15873,4222,6,3
17436,2951,15874,8,3
17437,15874,15875,80,3
17438,15875,4222,6,3
17439,4218,15876,91,3
17440,15876,15877,17,3
17441,15877,15830,9,3
17442,15878,15879,6,3
17443,15879,15880,92,3
17444,15880,8063,7,3
17445,8051,15881,22,3
17446,15881,8063,7,3
17447,15878,15882,8,3
17448,15882,15842,36,3
17449,15825,15812,49,3
17450,2996,15812,51,3
17451,5817,15852,34,3
17452,15883,15884,23,3
17453,15884,9923,42,3
17454,15885,2978,43,3
17455,15886,2979,29,3
17456,15887,2979,32,3
17457,15888,2980,53,3
17458,2952,2980,37,3
17459,5415,15889,15,3
17460,15889,15890,13,3
17461,15890,15891,24,3
17462,15891,15892,10,3
17463,15892,15893,22,3
17464,15893,15894,6,3
17465,15894,15895,17,3
17466,15895,15896,12,3
17467,15896,15897,6,3
17468,15897,15898,27,3
17469,15899,15900,15,3
17470,15900,15898,11,3
17471,5420,15901,8,3
17472,15901,15902,16,3
17473,15902,15903,10,3
17474,15903,15904,30,3
17475,15904,15905,23,3
17476,15905,15906,6,3
17477,15906,15907,12,3
17478,15907,15908,7,3
17479,15908,15898,39,3
17480,15899,15909,7,3
17481,15909,15910,12,3
17482,15910,15911,10,3
17483,15911,5415,13,3
17484,5420,15912,8,3
17485,15912,15913,13,3
17486,15913,15914,21,3
17487,15914,15899,45,3
17488,15830,15915,9,3
17489,15915,15916,24,3
17490,15916,6004,49,3
17491,15878,15917,6,3
17492,15917,15918,48,3
17493,15918,15919,10,3
17494,15919,15830,9,3
17495,5987,15920,7,3
17496,15920,15921,79,3
17497,15921,15922,24,3
17498,15922,15923,5,3
17499,15923,15924,10,3
17500,15924,15830,6,3
17501,15925,15926,6,3
17502,15926,15927,44,3
17503,15927,15928,97,3
17504,15928,15929,9,3
17505,15929,15830,7,3
17506,5989,15930,78,3
17507,15930,15931,19,3
17508,15931,15830,6,3
17509,15932,15858,60,3
17510,15933,15858,79,3
17511,15934,15859,44,3
17512,15935,15859,147,3
17513,15936,15870,44,3
17514,15871,15937,30,3
17515,15937,15870,5,3
17516,15938,15939,84,3
17517,15939,15870,4,3
17518,15940,15941,12,3
17519,15941,15936,29,3
17520,15938,15942,95,3
17521,15942,15936,5,3
17522,2951,15871,55,3
17523,15940,15943,12,3
17524,15943,15944,25,3
17525,15944,15871,54,3
17526,15945,15938,52,3
17527,15925,15946,6,3
17528,15946,15938,113,3
17529,15940,15947,4,3
17530,15947,15886,54,3
17531,15888,15886,38,3
17532,15885,15887,33,3
17533,15948,15887,82,3
17534,15949,15950,7,3
17535,15950,15951,27,3
17536,15951,15952,3,3
17537,15952,15878,7,3
17538,9905,15883,70,3
17539,5817,15883,98,3
17540,15953,15883,31,3
17541,7045,15954,65,3
17542,15954,8048,11,3
17543,8617,15955,10,3
17544,15955,8048,32,3
17545,5285,15956,3,3
17546,15956,15825,58,3
17547,5285,15826,136,3
17548,15935,15957,61,3
17549,15957,15826,3,3
17550,15948,15958,25,3
17551,15958,15940,12,3
17552,15945,15959,113,3
17553,15959,15940,12,3
17554,15960,15888,35,3
17555,5126,15961,22,3
17556,15961,5111,5,3
17557,15962,15963,4,3
17558,15963,15885,81,3
17559,15964,15965,5,3
17560,15965,15966,24,3
17561,15966,15967,11,3
17562,15967,15968,9,3
17563,15968,5817,5,3
17564,15933,15934,45,3
17565,15969,15934,151,3
17566,15969,15935,41,3
17567,15970,15935,139,3
17568,8617,15971,9,3
17569,15971,15972,88,3
17570,15972,5899,7,3
17571,15973,15974,70,3
17572,15974,5899,7,3
17573,15973,8051,39,3
17574,15949,15975,7,3
17575,15975,15976,79,3
17576,15976,8051,10,3
17577,15964,15977,5,3
17578,15977,15978,21,3
17579,15978,15979,12,3
17580,15979,15980,10,3
17581,15980,15981,14,3
17582,15981,15982,16,3
17583,15982,15983,8,3
17584,15983,15984,12,3
17585,15984,5813,8,3
17586,2698,15985,5,3
17587,15985,15986,9,3
17588,15986,15987,6,3
17589,15987,15988,22,3
17590,15988,15989,16,3
17591,15989,15990,41,3
17592,15990,5813,17,3
17593,9883,15991,3,3
17594,15991,9905,32,3
17595,5897,15973,42,3
17596,15992,15973,78,3
17597,15992,15993,21,3
17598,15993,15949,7,3
17599,6004,15994,9,3
17600,15994,15995,51,3
17601,15995,15996,7,3
17602,15996,15949,7,3
17603,2730,15997,5,3
17604,15997,15998,16,3
17605,15998,15999,29,3
17606,15999,15964,5,3
17607,2731,16000,11,3
17608,16000,16001,16,3
17609,16001,15964,5,3
17610,5266,16002,1,3
17611,16002,16003,34,3
17612,16003,15962,4,3
17613,15948,16004,24,3
17614,16004,15962,4,3
17615,16005,16006,113,3
17616,16006,15962,4,3
17617,9575,16007,34,3
17618,16007,16008,9,3
17619,16008,9578,8,3
17620,15932,16009,43,3
17621,16009,16010,3,3
17622,16010,9578,8,3
17623,9645,16011,31,3
17624,16011,16012,112,3
17625,16012,16013,147,3
17626,16013,9575,18,3
17627,6940,16014,9,3
17628,16014,16015,21,3
17629,16015,7045,27,3
17630,6940,16016,39,3
17631,16016,8617,11,3
17632,16017,16018,115,3
17633,16018,5266,1,3
17634,16019,16020,5,3
17635,16020,16021,45,3
17636,16021,5266,1,3
17637,16005,15945,49,3
17638,15925,16022,6,3
17639,16022,15945,101,3
17640,15970,16023,66,3
17641,16023,5285,2,3
17642,2730,16024,89,3
17643,16024,16025,7,3
17644,16025,16026,15,3
17645,16026,16027,19,3
17646,16027,16028,28,3
17647,16028,2698,15,3
17648,16029,15933,45,3
17649,16030,16031,6,3
17650,16031,15933,149,3
17651,16032,15969,143,3
17652,16030,16033,7,3
17653,16033,15969,36,3
17654,16034,9645,29,3
17655,16035,16036,50,3
17656,16036,15925,6,3
17657,5987,16037,40,3
17658,16037,16038,9,3
17659,16038,16039,32,3
17660,16039,16040,4,3
17661,16040,15925,6,3
17662,16041,16042,18,3
17663,16042,16043,10,3
17664,16043,9917,14,3
17665,16044,5897,65,3
17666,16044,15992,40,3
17667,16017,16005,48,3
17668,16035,16005,118,3
17669,15953,16045,30,3
17670,16045,16046,41,3
17671,16046,9883,3,3
17672,15953,16047,8,3
17673,16047,16048,26,3
17674,16048,2731,27,3
17675,16049,16029,32,3
17676,16050,16029,121,3
17677,16051,16052,38,3
17678,16052,16030,6,3
17679,16053,16054,141,3
17680,16054,16030,5,3
17681,16032,15970,40,3
17682,5895,16055,6,3
17683,16055,16044,31,3
17684,6017,16017,123,3
17685,16056,16057,5,3
17686,16057,16017,44,3
17687,16058,16019,51,3
17688,16056,16019,117,3
17689,16034,16059,111,3
17690,16059,16060,32,3
17691,16060,16049,6,3
17692,15932,16061,21,3
17693,16061,16062,19,3
17694,16062,16063,12,3
17695,16063,16064,8,3
17696,16064,16065,16,3
17697,16065,16066,5,3
17698,16066,16049,11,3
17699,16051,16050,31,3
17700,16067,16068,14,3
17701,16068,16069,18,3
17702,16069,16070,32,3
17703,16070,16071,14,3
17704,16071,16072,12,3
17705,16072,16073,8,3
17706,16073,5628,6,3
17707,6137,16074,2,3
17708,16074,16075,7,3
17709,16075,16076,22,3
17710,16076,16077,27,3
17711,16077,16067,16,3
17712,16078,16079,6,3
17713,16079,16080,37,3
17714,16080,16081,20,3
17715,16081,16067,29,3
17716,16053,16032,35,3
17717,16082,16083,9,3
17718,16083,16084,44,3
17719,16084,5895,7,3
17720,6017,16035,48,3
17721,6010,16085,5,3
17722,16085,16086,11,3
17723,16086,16087,18,3
17724,16087,16035,61,3
17725,16088,16034,22,3
17726,16089,16090,22,3
17727,16090,16091,6,3
17728,16091,16034,92,3
17729,16092,16093,24,3
17730,16093,16058,96,3
17731,16094,16095,9,3
17732,16095,16096,4,3
17733,16096,16058,18,3
17734,16097,16056,127,3
17735,16092,16098,2,3
17736,16098,16056,51,3
17737,16099,5268,71,3
17738,10589,16100,73,3
17739,16100,5268,3,3
17740,5239,16101,5,3
17741,16101,16102,13,3
17742,16102,16103,125,3
17743,16103,1249,266,3
17744,16053,16104,56,3
17745,16104,5239,19,3
17746,9632,16105,61,3
17747,16105,16106,23,3
17748,16106,16107,5,3
17749,16107,5239,19,3
17750,16108,16109,91,3
17751,16109,5239,19,3
17752,6010,5987,59,3
17753,5904,16110,20,3
17754,16110,16111,14,3
17755,16111,16112,7,3
17756,16112,16082,9,3
17757,16113,16114,22,3
17758,16114,16082,9,3
17759,6001,16115,61,3
17760,16115,16082,9,3
17761,12026,16116,53,3
17762,16116,16117,40,3
17763,16117,6137,2,3
17764,16118,16119,4,3
17765,16119,16078,32,3
17766,16097,16120,5,3
17767,16120,6017,44,3
17768,10592,16099,51,3
17769,10593,16121,58,3
17770,16121,16099,2,3
17771,10593,10589,72,3
17772,16122,5904,41,3
17773,8619,16123,12,3
17774,16123,5891,18,3
17775,16118,12026,56,3
17776,12029,12026,41,3
17777,16088,16051,33,3
17778,16124,16051,86,3
17779,16089,16125,12,3
17780,16125,16126,88,3
17781,16126,16088,4,3
17782,16127,16124,66,3
17783,16089,16128,22,3
17784,16128,16124,23,3
17785,16113,16129,7,3
17786,16129,16130,5,3
17787,16130,16122,18,3
17788,16131,16132,11,3
17789,16132,16133,13,3
17790,16133,16134,17,3
17791,16134,16135,16,3
17792,16135,16122,10,3
17793,16136,16137,27,3
17794,16137,16092,2,3
17795,16138,16139,31,3
17796,16139,16140,32,3
17797,16140,16141,28,3
17798,16141,16142,27,3
17799,16142,16092,6,3
17800,16136,16094,123,3
17801,10592,16143,3,3
17802,16143,16094,29,3
17803,16131,8619,43,3
17804,16127,16053,45,3
17805,16144,16145,7,3
17806,16145,16131,94,3
17807,6012,16146,7,3
17808,16146,16147,26,3
17809,16147,16148,16,3
17810,16148,16097,67,3
17811,16138,16149,2,3
17812,16149,16097,55,3
17813,16150,10592,122,3
17814,16150,16136,34,3
17815,16151,16136,54,3
17816,16144,16152,8,3
17817,16152,16113,85,3
17818,6001,405,116,3
17819,16153,16154,25,3
17820,16154,16155,47,3
17821,16155,6141,33,3
17822,12023,16156,20,3
17823,16156,6141,26,3
17824,16157,16158,2,3
17825,16158,16159,35,3
17826,16159,16160,37,3
17827,16160,6141,4,3
17828,16161,16162,1,3
17829,16162,16163,37,3
17830,16163,6148,22,3
17831,9633,16164,8,3
17832,16164,16165,4,3
17833,16165,16166,54,3
17834,16166,16167,5,3
17835,16167,16089,22,3
17836,9633,16168,8,3
17837,16168,16169,5,3
17838,16169,16170,60,3
17839,16170,16089,6,3
17840,16171,16172,65,3
17841,16172,16089,22,3
17842,4238,16173,26,3
17843,16173,16144,10,3
17844,405,16174,49,3
17845,16174,16144,8,3
17846,16171,16127,24,3
17847,16175,16150,54,3
17848,10586,16150,38,3
17849,16176,16177,56,3
17850,16177,5993,10,3
17851,6007,5995,67,3
17852,16178,5995,61,3
17853,10685,16179,8,3
17854,16179,5995,71,3
17855,16180,16118,40,3
17856,16181,16182,25,3
17857,16182,16138,2,3
17858,10628,16183,4,3
17859,16183,16184,48,3
17860,16184,16138,82,3
17861,9633,16185,8,3
17862,16185,16171,30,3
17863,16180,12029,55,3
17864,16161,16186,24,3
17865,16187,16186,37,3
17866,16188,16189,6,3
17867,16189,16190,34,3
17868,16190,16186,33,3
17869,16191,16187,33,3
17870,16153,16192,27,3
17871,16192,16193,12,3
17872,16193,16188,7,3
17873,16157,16194,18,3
17874,16194,16188,5,3
17875,16191,16195,16,3
17876,16195,16196,28,3
17877,16196,16197,8,3
17878,16197,16198,3,3
17879,16198,16199,9,3
17880,16199,16200,32,3
17881,16200,16201,8,3
17882,16201,16202,18,3
17883,16202,16203,54,3
17884,16203,16188,7,3
17885,10628,16204,63,3
17886,16204,6012,8,3
17887,16205,16206,27,3
17888,16206,6012,6,3
17889,16181,16151,70,3
17890,16175,16151,35,3
17891,9637,16108,20,3
17892,16207,16108,37,3
17893,6611,16208,3,3
17894,16208,16209,8,3
17895,16209,16210,9,3
17896,16210,16211,11,3
17897,16211,16212,13,3
17898,16212,16213,13,3
17899,16213,6707,37,3
17900,16214,16215,18,3
17901,16215,16216,5,3
17902,16216,16217,18,3
17903,16217,6707,4,3
17904,16218,6708,55,3
17905,16214,16219,9,3
17906,16219,6708,28,3
17907,16207,10588,38,3
17908,16214,16220,9,3
17909,16220,16221,10,3
17910,16221,16222,46,3
17911,16222,16223,4,3
17912,16223,6611,6,3
17913,6608,16214,49,3
17914,16153,16224,77,3
17915,16224,16225,70,3
17916,16225,16226,3,3
17917,16226,10089,9,3
17918,16227,16228,37,3
17919,16228,16229,28,3
17920,16229,16230,37,3
17921,16230,16231,50,3
17922,16231,16232,5,3
17923,16232,10089,9,3
17924,10603,16175,36,3
17925,10659,16233,6,3
17926,16233,16176,76,3
17927,16178,16176,27,3
17928,16205,16176,68,3
17929,9632,16234,78,3
17930,16234,16235,6,3
17931,16235,9633,8,3
17932,16236,16207,20,3
17933,10590,16207,111,3
17934,16237,16238,2,3
17935,16238,16239,5,3
17936,16239,16240,36,3
17937,16240,10628,8,3
17938,16237,16241,2,3
17939,16241,16205,81,3
17940,4241,6007,61,3
17941,10659,16242,6,3
17942,16242,16243,63,3
17943,16243,16237,2,3
17944,10626,16244,10,3
17945,16244,16245,25,3
17946,16245,16237,2,3
17947,16246,10590,22,3
17948,10584,16247,3,3
17949,16247,10590,113,3
17950,16248,16249,38,3
17951,16249,10584,23,3
17952,16246,16250,52,3
17953,16250,16251,60,3
17954,16251,10584,23,3
17955,10600,16252,38,3
17956,16252,10584,9,3
17957,10598,16181,35,3
17958,10630,16253,24,3
17959,16253,16181,77,3
17960,10603,10598,34,3
17961,10616,10598,110,3
17962,10616,10630,33,3
17963,10657,16178,64,3
17964,10657,16254,94,3
17965,16254,10685,8,3
17966,4241,16255,64,3
17967,16255,16256,10,3
17968,16256,10685,8,3
17969,9637,16236,37,3
17970,16246,16257,64,3
17971,16257,16236,46,3
17972,10626,16258,57,3
17973,16258,10659,6,3
17974,16259,16260,3,3
17975,16260,16261,25,3
17976,16261,16227,8,3
17977,16218,6608,40,3
17978,16262,16263,30,3
17979,16263,16264,16,3
17980,16264,16265,5,3
17981,16265,16259,3,3
17982,16266,16267,46,3
17983,16267,16268,27,3
17984,16268,16259,3,3
17985,7138,16218,33,3
17986,6614,7138,44,3
17987,16269,10523,24,3
17988,6412,16270,23,3
17989,16270,10523,14,3
17990,10574,16271,17,3
17991,16271,16269,33,3
17992,6412,16272,7,3
17993,16272,16273,6,3
17994,16273,16269,27,3
17995,10639,16274,4,3
17996,16274,6614,28,3
17997,16275,6614,88,3
17998,16276,16277,7,3
17999,16277,7137,41,3
18000,16275,16278,75,3
18001,16278,7137,9,3
18002,4228,16279,32,3
18003,16279,7137,53,3
18004,10601,16280,31,3
18005,16280,10597,5,3
18006,16248,9638,29,3
18007,10599,16281,31,3
18008,16281,9638,19,3
18009,9811,16282,26,3
18010,16282,8600,20,3
18011,8594,9811,21,3
18012,16283,16284,8,3
18013,16284,16285,89,3
18014,16285,10639,4,3
18015,16283,16286,8,3
18016,16286,16275,30,3
18017,10600,16248,23,3
18018,16287,16288,42,3
18019,16288,10599,30,3
18020,10614,10601,82,3
18021,16287,10601,45,3
18022,10641,16289,7,3
18023,16289,16290,30,3
18024,16290,16283,8,3
18025,16276,16291,7,3
18026,16291,16292,76,3
18027,16292,16283,8,3
18028,4271,16293,56,3
18029,16293,16276,7,3
18030,16294,16295,4,3
18031,16295,16296,26,3
18032,16296,16276,7,3
18033,6379,16297,8,3
18034,16297,10574,52,3
18035,16298,10614,34,3
18036,4270,16299,16,3
18037,16299,4271,29,3
18038,16298,16300,52,3
18039,16300,16287,32,3
18040,10636,16301,5,3
18041,16301,16298,36,3
18042,16302,16303,28,3
18043,16303,16304,149,3
18044,16304,16305,10,3
18045,16305,10636,9,3
18046,16306,16307,4,3
18047,16307,16308,61,3
18048,16308,10636,7,3
18049,16306,16309,6,3
18050,16309,10618,35,3
18051,8590,16310,33,3
18052,16310,16311,20,3
18053,16311,16312,25,3
18054,16312,16313,24,3
18055,16313,10641,7,3
18056,16294,16314,11,3
18057,16314,16315,57,3
18058,16315,10641,7,3
18059,6222,16316,8,3
18060,16316,16317,27,3
18061,16317,16306,31,3
18062,16318,16319,10,3
18063,16319,10665,37,3
18064,10682,16320,9,3
18065,16320,10665,95,3
18066,8590,16294,33,3
18067,4270,16321,40,3
18068,16321,16294,10,3
18069,1339,16302,55,3
18070,6218,16322,84,3
18071,16322,16302,10,3
18072,16323,16324,9,3
18073,16324,16325,37,3
18074,16325,16302,7,3
18075,8592,16326,54,3
18076,16326,4270,8,3
18077,4254,8592,34,3
18078,4259,16327,9,3
18079,16327,408,22,3
18080,10682,16328,9,3
18081,16328,408,55,3
18082,16329,16330,8,3
18083,16330,10664,40,3
18084,16331,16332,7,3
18085,16332,16318,100,3
18086,16329,16333,39,3
18087,16333,16318,27,3
18088,16331,16334,8,3
18089,16334,16335,27,3
18090,16335,10682,8,3
18091,16329,16336,25,3
18092,16336,6222,7,3
18093,4259,16337,57,3
18094,16337,16331,8,3
18095,16338,16339,21,3
18096,16339,16340,23,3
18097,16340,16341,6,3
18098,16341,9339,32,3
18099,16342,9549,25,3
18100,16343,16344,3,3
18101,16344,16345,37,3
18102,16345,9543,4,3
18103,9664,16346,7,3
18104,16346,16347,94,3
18105,16347,16343,7,3
18106,9663,16348,51,3
18107,16348,16343,11,3
18108,9504,16342,28,3
18109,9663,16349,33,3
18110,16349,16342,51,3
18111,9510,9664,58,3
18112,10215,16350,4,3
18113,16350,16351,20,3
18114,16351,16352,28,3
18115,16352,8277,14,3
18116,6038,6067,153,3
18117,10311,10456,104,3
18118,10418,10456,24,3
18119,10311,16353,22,3
18120,16353,16354,10,3
18121,16354,16355,7,3
18122,16355,16356,4,3
18123,16356,10200,5,3
18124,10243,16357,9,3
18125,16357,10311,24,3
18126,10417,16358,16,3
18127,16358,16359,8,3
18128,16359,16360,14,3
18129,16360,10418,13,3
18130,10285,10417,45,3
18131,10344,16361,9,3
18132,16361,16362,34,3
18133,16362,16363,63,3
18134,16363,8073,1,3
18135,16364,16365,15,3
18136,16365,16366,5,3
18137,16366,16367,4,3
18138,16367,16368,5,3
18139,16368,16369,4,3
18140,16369,16370,21,3
18141,16370,16371,5,3
18142,16371,16372,3,3
18143,16372,16373,2,3
18144,16373,16374,3,3
18145,16374,16375,3,3
18146,16375,16376,3,3
18147,16376,16377,11,3
18148,16377,8077,10,3
18149,8160,16378,2,3
18150,16378,16379,2,3
18151,16379,16380,14,3
18152,16380,16381,6,3
18153,16381,16382,2,3
18154,16382,10246,4,3
18155,16383,16384,31,3
18156,16384,10344,13,3
18157,16385,16386,8,3
18158,16386,16387,36,3
18159,16387,16388,13,3
18160,16388,16389,24,3
18161,16389,16390,59,3
18162,16390,10344,12,3
18163,16391,16392,22,3
18164,16392,16393,3,3
18165,16393,10344,12,3
18166,16394,16395,12,3
18167,16395,16396,31,3
18168,16396,16383,6,3
18169,16397,16398,14,3
18170,16398,16399,54,3
18171,16399,16394,8,3
18172,16397,16400,14,3
18173,16400,16401,25,3
18174,16401,16402,57,3
18175,16402,16394,13,3
18176,16403,16404,28,3
18177,16404,16405,38,3
18178,16405,16394,13,3
18179,16406,16407,22,3
18180,16407,16397,14,3
18181,16406,16408,29,3
18182,16408,16409,34,3
18183,16409,16410,33,3
18184,16410,16397,1,3
18185,16411,16412,65,3
18186,16412,16413,18,3
18187,16413,16414,9,3
18188,16414,16397,14,3
18189,16406,16415,42,3
18190,16411,16415,33,3
18191,10280,16416,5,3
18192,16416,16417,86,3
18193,16417,16418,23,3
18194,16418,16415,42,3
18195,16419,16420,34,3
18196,16420,16421,7,3
18197,16421,16411,35,3
18198,16422,16423,18,3
18199,16423,10280,8,3
18200,16424,16425,4,3
18201,16425,16403,65,3
18202,16426,16427,9,3
18203,16427,16419,19,3
18204,16428,16429,8,3
18205,16429,16430,52,3
18206,16430,16419,29,3
18207,16431,16432,13,3
18208,16432,16433,14,3
18209,16433,8082,19,3
18210,16434,16435,4,3
18211,16435,16436,41,3
18212,16436,16437,4,3
18213,16437,16438,64,3
18214,16438,8657,24,3
18215,8083,16439,12,3
18216,16439,16440,8,3
18217,16440,8657,53,3
18218,12045,16441,5,3
18219,16441,16442,31,3
18220,16442,16443,78,3
18221,16443,16434,5,3
18222,16444,16445,2,3
18223,16445,16446,7,3
18224,16446,16447,5,3
18225,16447,16448,5,3
18226,16448,16449,4,3
18227,16449,16450,2,3
18228,16450,16385,8,3
18229,12045,16451,5,3
18230,16451,16452,45,3
18231,16452,16453,25,3
18232,16453,16454,15,3
18233,16454,16385,8,3
18234,16455,16456,14,3
18235,16456,16457,9,3
18236,16457,16458,22,3
18237,16458,16459,13,3
18238,16459,16460,7,3
18239,16460,16385,8,3
18240,16364,16461,13,3
18241,16461,16462,30,3
18242,16462,16463,9,3
18243,16463,16464,6,3
18244,16464,16465,8,3
18245,16465,16444,2,3
18246,16466,16467,4,3
18247,16467,16468,50,3
18248,16468,12045,5,3
18249,16424,16469,7,3
18250,16469,16470,1,3
18251,16470,16455,54,3
18252,16466,16471,9,3
18253,16471,16472,8,3
18254,16472,16473,11,3
18255,16473,16474,22,3
18256,16474,16475,2,3
18257,16475,16476,3,3
18258,16476,16477,6,3
18259,16477,16478,8,3
18260,16478,16479,5,3
18261,16479,16480,4,3
18262,16480,16481,4,3
18263,16481,16482,4,3
18264,16482,16483,5,3
18265,16483,16455,6,3
18266,16484,16485,6,3
18267,16485,16486,11,3
18268,16486,9491,50,3
18269,16487,16488,8,3
18270,16488,16489,38,3
18271,16489,16424,7,3
18272,16487,16490,8,3
18273,16490,16491,34,3
18274,16491,16424,8,3
18275,16492,16493,29,3
18276,16493,16424,8,3
18277,16494,16495,3,3
18278,16495,16496,71,3
18279,16496,16497,9,3
18280,16498,16499,5,3
18281,16499,16500,40,3
18282,16500,16497,9,3
18283,16501,16502,36,3
18284,16502,16497,9,3
18285,16503,16494,20,3
18286,16504,16505,10,3
18287,16505,16494,27,3
18288,16506,16507,6,3
18289,16507,16508,24,3
18290,16508,16509,2,3
18291,16509,16498,7,3
18292,16426,16510,4,3
18293,16510,16503,45,3
18294,10132,16511,3,3
18295,16511,16512,38,3
18296,16512,16513,1,3
18297,16513,16514,5,3
18298,16514,16503,46,3
18299,10129,16515,15,3
18300,16515,16516,67,3
18301,16516,16504,11,3
18302,9486,16517,23,3
18303,16517,16484,2,3
18304,16518,16519,36,3
18305,16519,16520,11,3
18306,16520,16521,6,3
18307,16521,16522,5,3
18308,16522,16523,14,3
18309,16523,16484,19,3
18310,16524,16525,25,3
18311,16525,16526,38,3
18312,16526,10740,12,3
18313,16527,16528,8,3
18314,16528,16466,21,3
18315,16518,16529,29,3
18316,16529,9486,18,3
18317,16524,16518,36,3
18318,16530,16531,29,3
18319,16531,10129,15,3
18320,16532,16533,97,3
18321,16533,10129,12,3
18322,10128,16534,1,3
18323,16534,16535,97,3
18324,16535,10129,16,3
18325,16536,16537,4,3
18326,16537,16530,24,3
18327,6438,16538,6,3
18328,16538,16530,94,3
18329,16539,16540,7,3
18330,16540,16541,23,3
18331,16541,16536,12,3
18332,8452,16542,9,3
18333,16542,16543,22,3
18334,16543,16544,2,3
18335,16544,16545,3,3
18336,16545,16546,3,3
18337,16546,16547,3,3
18338,16547,16548,5,3
18339,16548,16549,8,3
18340,16549,16550,2,3
18341,16550,16536,22,3
18342,16532,6438,30,3
18343,16551,16552,54,3
18344,16552,16553,7,3
18345,16539,16554,7,3
18346,16554,16555,14,3
18347,16555,16556,18,3
18348,16556,16553,7,3
18349,16557,16558,48,3
18350,16558,16551,88,3
18351,8452,16559,9,3
18352,16559,16560,14,3
18353,16560,16561,46,3
18354,16561,16551,45,3
18355,16562,16563,34,3
18356,16563,6437,7,3
18357,9487,16524,37,3
18358,12060,11888,33,3
18359,16564,16565,5,3
18360,16565,16566,35,3
18361,16566,11888,110,3
18362,16506,16567,6,3
18363,16567,16557,41,3
18364,16568,16569,2,3
18365,16569,16557,44,3
18366,16570,12060,25,3
18367,8454,16571,21,3
18368,16571,16564,3,3
18369,16572,16573,8,3
18370,16573,16574,21,3
18371,16574,16564,4,3
18372,8320,8454,22,3
18373,16575,16576,23,3
18374,16576,16572,13,3
18375,11999,16577,57,3
18376,16577,10729,4,3
18377,8334,16578,4,3
18378,16578,16579,3,3
18379,16579,16580,21,3
18380,16580,12058,4,3
18381,16581,16582,6,3
18382,16582,12058,38,3
18383,16570,12059,21,3
18384,16581,12059,35,3
18385,16575,16583,35,3
18386,16583,8317,6,3
18387,16584,16585,40,3
18388,16585,8317,6,3
18389,16586,16587,30,3
18390,16588,16589,11,3
18391,16589,16586,28,3
18392,16590,16591,9,3
18393,16591,16592,15,3
18394,16592,16593,20,3
18395,16593,16586,14,3
18396,16594,16595,46,3
18397,16595,16596,4,3
18398,9205,16597,7,3
18399,16597,16598,15,3
18400,16598,16599,29,3
18401,16599,16596,4,3
18402,9205,16600,7,3
18403,16600,16601,41,3
18404,16601,16596,4,3
18405,16602,16603,4,3
18406,16603,16604,27,3
18407,16604,16605,1,3
18408,16605,16596,4,3
18409,16606,16607,1,3
18410,16607,16608,45,3
18411,16608,16594,82,3
18412,16609,16610,10,3
18413,16610,16611,55,3
18414,16611,16612,2,3
18415,16612,16613,2,3
18416,16613,16614,2,3
18417,16614,16615,1,3
18418,16615,16594,4,3
18419,16602,11677,36,3
18420,16616,16617,102,3
18421,16617,11677,7,3
18422,16616,16618,3,3
18423,16618,16619,2,3
18424,16619,16620,25,3
18425,16620,16590,7,3
18426,16602,16621,3,3
18427,16621,16622,2,3
18428,16622,16623,38,3
18429,16623,16624,13,3
18430,16624,16625,9,3
18431,16625,16626,32,3
18432,16626,16590,6,3
18433,16627,16616,20,3
18434,16628,16629,4,3
18435,16629,16630,23,3
18436,16630,16631,2,3
18437,16631,16632,1,3
18438,16632,16616,2,3
18439,16588,16633,6,3
18440,16633,16634,11,3
18441,16634,16635,10,3
18442,16635,16627,7,3
18443,11679,16628,25,3
18444,16636,16637,1,3
18445,16637,16638,26,3
18446,16638,16628,3,3
18447,16639,16640,5,3
18448,16640,16641,14,3
18449,16641,16642,11,3
18450,16642,16588,11,3
18451,16643,16644,1,3
18452,16644,16645,3,3
18453,16645,16646,7,3
18454,16646,16647,5,3
18455,16647,16648,3,3
18456,16648,16649,6,3
18457,16649,16650,4,3
18458,16650,16588,11,3
18459,16651,16652,2,3
18460,16652,16653,7,3
18461,16653,16654,16,3
18462,16654,16639,5,3
18463,16643,16655,1,3
18464,16655,16656,2,3
18465,16656,16657,5,3
18466,16657,11508,15,3
18467,12419,16658,8,3
18468,16658,16659,64,3
18469,16659,11508,97,3
18470,16660,16661,7,3
18471,16661,16662,14,3
18472,16662,16663,16,3
18473,16663,16664,25,3
18474,16664,12419,4,3
18475,16665,16666,4,3
18476,16666,16667,15,3
18477,16667,16668,3,3
18478,16668,16636,8,3
18479,16665,16669,5,3
18480,16669,11482,20,3
18481,16670,16671,10,3
18482,16671,16672,18,3
18483,16672,16673,6,3
18484,16673,16674,23,3
18485,16674,16675,31,3
18486,16675,16676,7,3
18487,11486,16677,20,3
18488,16677,16678,11,3
18489,16678,16679,9,3
18490,16679,16680,20,3
18491,16680,16676,7,3
18492,16681,16682,3,3
18493,16682,16683,7,3
18494,16683,16684,9,3
18495,16684,16685,7,3
18496,16685,16686,2,3
18497,16686,16687,2,3
18498,16687,16688,33,3
18499,16688,16676,7,3
18500,16681,16689,18,3
18501,16689,16690,6,3
18502,16690,16670,1,3
18503,11489,16691,2,3
18504,16691,16692,20,3
18505,16692,16693,11,3
18506,16693,16694,32,3
18507,16694,16695,19,3
18508,16695,16696,48,3
18509,16696,16697,10,3
18510,16697,16698,14,3
18511,16698,11486,12,3
18512,3215,16699,4,3
18513,16699,16700,29,3
18514,16701,16702,31,3
18515,16702,8665,14,3
18516,4823,9016,62,3
18517,4797,4823,26,3
18518,4817,16703,45,3
18519,16703,4823,8,3
18520,16704,16705,7,3
18521,16705,16706,38,3
18522,16706,9016,7,3
18523,16704,4817,69,3
18524,9345,16707,12,3
18525,16707,16708,7,3
18526,16708,16709,5,3
18527,16709,16710,20,3
18528,16710,16711,20,3
18529,16711,16712,44,3
18530,16712,16713,111,3
18531,16713,9074,7,3
18532,9043,16714,5,3
18533,16714,16715,8,3
18534,16715,16716,36,3
18535,16716,9345,15,3
18536,16717,7947,68,3
18537,16718,16719,64,3
18538,16719,7947,15,3
18539,9737,16720,38,3
18540,16720,16721,10,3
18541,16721,16722,18,3
18542,16722,16723,25,3
18543,16723,16724,25,3
18544,16724,16725,54,3
18545,16725,16726,6,3
18546,16726,6598,3,3
18547,16727,16728,4,3
18548,16728,6227,60,3
18549,1381,16729,35,3
18550,16729,16727,3,3
18551,1382,16730,3,3
18552,16730,16727,17,3
18553,10100,16731,4,3
18554,16731,16732,34,3
18555,16732,16733,6,3
18556,16733,16734,10,3
18557,16734,16735,11,3
18558,16735,16736,51,3
18559,16736,16737,42,3
18560,16737,10111,18,3
18561,9725,9737,46,3
18562,1379,16738,41,3
18563,16738,6093,21,3
18564,1379,16739,15,3
18565,16739,1382,6,3
18566,16740,16741,43,3
18567,16741,16701,88,3
18568,11014,16742,43,3
18569,16742,16701,30,3
18570,16743,1365,26,3
18571,1381,16744,5,3
18572,16744,16745,15,3
18573,16745,16746,18,3
18574,16746,16747,20,3
18575,16747,1365,25,3
18576,360,16748,8,3
18577,16748,16743,20,3
18578,359,16749,10,3
18579,16749,16750,45,3
18580,16750,16743,1,3
18581,16751,16752,10,3
18582,16752,16753,78,3
18583,16753,16754,14,3
18584,16754,16755,6,3
18585,16756,16757,8,3
18586,16757,16755,100,3
18587,16758,16759,43,3
18588,16759,16760,20,3
18589,16760,16761,8,3
18590,16761,16762,32,3
18591,16762,16763,12,3
18592,16763,16755,81,3
18593,16764,16765,2,3
18594,16765,16766,56,3
18595,16766,16767,22,3
18596,16767,16751,8,3
18597,16756,16768,7,3
18598,16768,16751,36,3
18599,16769,16770,93,3
18600,16770,16771,27,3
18601,16771,16756,8,3
18602,16772,16773,6,3
18603,16773,16774,77,3
18604,16774,16756,7,3
18605,5245,16758,36,3
18606,16758,16775,45,3
18607,16775,16776,26,3
18608,16776,16777,4,3
18609,16777,16778,4,3
18610,16778,16779,4,3
18611,16779,1249,6,3
18612,16780,16781,9,3
18613,16781,16782,24,3
18614,16782,16783,20,3
18615,16783,1339,6,3
18616,16780,16784,39,3
18617,16784,16785,2,3
18618,16785,16786,13,3
18619,16786,16787,2,3
18620,16787,16788,2,3
18621,16788,16323,9,3
18622,16323,16789,7,3
18623,16789,16790,6,3
18624,16790,16791,119,3
18625,16791,16764,2,3
18626,16323,16792,7,3
18627,16792,16793,122,3
18628,16793,16794,5,3
18629,16794,16764,2,3
18630,16718,16795,13,3
18631,16795,16796,7,3
18632,16796,16797,3,3
18633,16797,16798,3,3
18634,16798,16717,4,3
18635,1465,16799,39,3
18636,16799,16800,18,3
18637,16800,16801,18,3
18638,16801,1425,19,3
18639,1213,16802,9,3
18640,16802,16803,13,3
18641,16803,10577,30,3
18642,1466,1213,68,3
18643,16804,16805,16,3
18644,16805,16806,7,3
18645,16806,16807,41,3
18646,16807,1466,8,3
18647,16808,16804,30,3
18648,1459,16809,75,3
18649,16810,16811,17,3
18650,16811,16812,5,3
18651,16812,16813,4,3
18652,16813,16809,24,3
18653,1465,16814,5,3
18654,16814,16815,9,3
18655,16815,16816,3,3
18656,16816,16817,2,3
18657,16817,16818,3,3
18658,16818,1459,27,3
18659,16819,16810,33,3
18660,16820,16819,34,3
18661,1436,16821,5,3
18662,16821,16822,12,3
18663,16822,1675,66,3
18664,16823,16824,8,3
18665,16824,16825,70,3
18666,16825,1436,6,3
18667,16826,1437,33,3
18668,16823,16827,8,3
18669,16827,16828,61,3
18670,16828,1437,65,3
18671,1469,16826,26,3
18672,16829,16830,7,3
18673,16830,16826,48,3
18674,16831,1469,54,3
18675,16831,16832,14,3
18676,16832,16829,8,3
18677,16833,16834,7,3
18678,16834,1205,44,3
18679,16835,16836,71,3
18680,16836,1205,4,3
18681,16835,1209,28,3
18682,16837,16838,61,3
18683,16838,16823,8,3
18684,114,16833,154,3
18685,16839,16840,8,3
18686,16840,16841,12,3
18687,16841,16842,19,3
18688,16842,16843,112,3
18689,16843,16833,7,3
18690,7802,16844,6,3
18691,16844,16845,2,3
18692,16845,16835,72,3
18693,2267,16846,5,3
18694,16846,16847,19,3
18695,16847,16848,38,3
18696,16848,879,5,3
18697,16839,16849,7,3
18698,16849,7802,40,3
18699,918,16850,5,3
18700,16850,16851,71,3
18701,16851,16852,71,3
18702,16852,16853,1,3
18703,16853,7802,6,3
18704,918,908,28,3
18705,7622,16854,39,3
18706,16854,16855,20,3
18707,16855,16856,12,3
18708,16856,16839,8,3
18709,16857,16858,34,3
18710,16858,16839,6,3
18711,16859,16860,4,3
18712,16860,918,35,3
18713,16861,16862,44,3
18714,16862,7622,5,3
18715,16859,16863,5,3
18716,16863,16864,104,3
18717,16864,16857,5,3
18718,7626,16865,16,3
18719,16865,16866,118,3
18720,16866,16857,5,3
18721,16867,16868,5,3
18722,16868,16869,14,3
18723,16869,16870,10,3
18724,16870,16764,2,3
18725,16780,16871,8,3
18726,16871,16872,34,3
18727,16872,16873,28,3
18728,16873,16867,53,3
18729,16772,16874,8,3
18730,16874,16875,26,3
18731,16875,16867,7,3
18732,16772,16876,8,3
18733,16876,16877,19,3
18734,16877,16769,9,3
18735,16878,16879,8,3
18736,16879,16769,77,3
18737,16880,16881,8,3
18738,16881,16882,36,3
18739,16882,16883,33,3
18740,16883,16772,7,3
18741,1346,16884,8,3
18742,16884,16885,2,3
18743,16885,16780,44,3
18744,16837,16886,52,3
18745,16886,1675,4,3
18746,16887,16888,41,3
18747,16888,16889,1,3
18748,16889,16859,6,3
18749,921,16890,7,3
18750,16890,16891,138,3
18751,16891,16859,4,3
18752,8827,16892,1,3
18753,16892,16887,149,3
18754,7628,16893,5,3
18755,16893,16887,67,3
18756,8827,16894,14,3
18757,16894,16895,29,3
18758,16895,921,6,3
18759,936,16896,79,3
18760,16896,921,8,3
18761,16897,1256,47,3
18762,1298,16898,44,3
18763,16898,16899,21,3
18764,16899,16900,19,3
18765,16900,16901,3,3
18766,16901,16902,5,3
18767,16902,16903,18,3
18768,16903,1256,53,3
18769,16904,16897,28,3
18770,1269,16897,42,3
18771,16905,1298,46,3
18772,1323,16906,8,3
18773,16906,16907,10,3
18774,16907,16908,3,3
18775,16908,16909,5,3
18776,16909,16910,26,3
18777,16910,1346,8,3
18778,16880,16911,8,3
18779,16911,1346,51,3
18780,16878,16912,7,3
18781,16912,16913,30,3
18782,16913,16914,1,3
18783,16914,16880,8,3
18784,16915,16916,96,3
18785,16916,8827,14,3
18786,16917,16918,80,3
18787,16918,8827,14,3
18788,16915,16919,25,3
18789,16919,936,6,3
18790,8829,7628,105,3
18791,7626,16920,71,3
18792,16920,16921,6,3
18793,16921,16922,31,3
18794,16922,7628,5,3
18795,16923,16924,4,3
18796,16924,16925,32,3
18797,16925,1269,4,3
18798,1263,16926,4,3
18799,16926,16927,7,3
18800,16927,16928,42,3
18801,16928,16923,29,3
18802,16929,16930,6,3
18803,16930,16923,64,3
18804,16931,16932,36,3
18805,16932,16923,4,3
18806,1323,16933,8,3
18807,16933,16934,11,3
18808,16934,16935,49,3
18809,16935,16878,4,3
18810,16936,16937,4,3
18811,16937,16938,23,3
18812,16938,1263,4,3
18813,16939,16940,29,3
18814,16940,16941,4,3
18815,16941,1263,4,3
18816,930,16942,5,3
18817,16942,16936,38,3
18818,16943,16944,23,3
18819,16944,16936,5,3
18820,929,16945,8,3
18821,16945,961,37,3
18822,16943,16946,99,3
18823,16946,929,7,3
18824,16939,16947,33,3
18825,16947,16948,3,3
18826,16948,930,5,3
18827,16949,16943,22,3
18828,16931,16950,35,3
18829,16950,16951,3,3
18830,16951,16943,36,3
18831,16952,16953,4,3
18832,16953,16929,23,3
18833,16904,16954,4,3
18834,16954,16929,22,3
18835,16955,16931,22,3
18836,16952,16956,5,3
18837,16956,16931,51,3
18838,16957,16958,28,3
18839,16958,16959,20,3
18840,16959,16960,3,3
18841,16960,16904,49,3
18842,16905,16957,35,3
18843,16961,16962,21,3
18844,16962,16957,5,3
18845,16963,16917,22,3
18846,8830,16917,29,3
18847,1065,16964,47,3
18848,16964,961,7,3
18849,16965,16966,40,3
18850,16966,16952,5,3
18851,16961,16967,97,3
18852,16967,16952,7,3
18853,16968,16969,39,3
18854,16969,16905,31,3
18855,7118,16970,8,3
18856,16970,8829,46,3
18857,16971,16949,24,3
18858,16955,16949,76,3
18859,16963,16972,33,3
18860,16972,16973,4,3
18861,16973,939,13,3
18862,16915,16974,33,3
18863,16974,16975,4,3
18864,16975,939,13,3
18865,16915,16963,27,3
18866,7223,16963,29,3
18867,16976,16955,24,3
18868,16976,16965,57,3
18869,16977,16978,5,3
18870,16978,16965,92,3
18871,16979,16980,7,3
18872,16980,16981,8,3
18873,16981,16965,46,3
18874,16977,16982,5,3
18875,16982,16983,4,3
18876,16983,16961,26,3
18877,7223,8830,22,3
18878,16971,1065,51,3
18879,1297,16984,9,3
18880,16984,16968,65,3
18881,16985,16986,14,3
18882,16986,16968,5,3
18883,964,16987,8,3
18884,16987,16988,8,3
18885,16988,16971,46,3
18886,16976,16989,46,3
18887,16989,16971,29,3
18888,964,16990,8,3
18889,16990,16991,10,3
18890,16991,16992,17,3
18891,16992,16993,15,3
18892,16993,16994,30,3
18893,974,16995,47,3
18894,16995,16996,6,3
18895,16996,964,8,3
18896,16997,16998,41,3
18897,16998,16999,10,3
18898,16999,964,8,3
18899,16994,17000,7,3
18900,17000,16976,46,3
18901,16985,17001,111,3
18902,17001,16977,5,3
18903,17002,17003,8,3
18904,17003,17004,35,3
18905,17004,16977,5,3
18906,16994,17005,42,3
18907,17005,17006,15,3
18908,17006,16979,7,3
18909,16979,17007,7,3
18910,17007,17008,13,3
18911,17008,17002,78,3
18912,17009,17010,46,3
18913,17010,17011,7,3
18914,17011,16979,7,3
18915,16979,17012,7,3
18916,17012,17013,15,3
18917,17013,16997,64,3
18918,17014,17015,68,3
18919,17015,17016,53,3
18920,17016,17017,13,3
18921,17017,16979,7,3
18922,1314,17018,9,3
18923,17018,17019,15,3
18924,17019,1297,5,3
18925,2295,17020,8,3
18926,17020,17021,8,3
18927,17021,16985,35,3
18928,7108,17022,7,3
18929,17022,17023,151,3
18930,17023,17024,5,3
18931,17024,7633,9,3
18932,17025,17026,8,3
18933,17026,17027,23,3
18934,17027,7633,9,3
18935,17028,17029,4,3
18936,17029,17030,2,3
18937,17030,17031,157,3
18938,17031,17032,5,3
18939,17032,7633,9,3
18940,17002,17033,89,3
18941,17033,17034,20,3
18942,17034,2295,8,3
18943,2295,17035,8,3
18944,17035,17036,12,3
18945,17036,1314,68,3
18946,17037,17038,6,3
18947,17038,17039,44,3
18948,17039,17040,2,3
18949,17040,17041,7,3
18950,17041,2295,8,3
18951,2295,17042,8,3
18952,17042,17043,15,3
18953,17043,17014,46,3
18954,17028,7108,48,3
18955,968,17044,4,3
18956,17044,17045,22,3
18957,17045,17046,81,3
18958,17046,17047,12,3
18959,17047,17048,41,3
18960,17048,7108,3,3
18961,17049,17050,69,3
18962,17051,17050,31,3
18963,3605,17052,14,3
18964,17052,17049,28,3
18965,17053,17049,28,3
18966,17053,17051,71,3
18967,3629,17054,72,3
18968,17054,17051,29,3
18969,17055,974,52,3
18970,17056,17057,2,3
18971,17057,17058,4,3
18972,17058,17059,39,3
18973,17059,974,4,3
18974,3629,17053,31,3
18975,17025,17060,48,3
18976,17060,7547,4,3
18977,7543,17061,83,3
18978,17061,17062,21,3
18979,17062,7547,3,3
18980,17063,17064,5,3
18981,17064,17065,2,3
18982,17065,17066,5,3
18983,17066,17028,23,3
18984,973,17067,5,3
18985,17067,17068,5,3
18986,17068,17069,105,3
18987,17069,17070,13,3
18988,17070,17071,41,3
18989,17071,17028,4,3
18990,973,17072,5,3
18991,17072,17073,6,3
18992,17073,968,44,3
18993,17063,17074,5,3
18994,17074,17075,5,3
18995,17075,17076,12,3
18996,17076,17077,14,3
18997,17077,17078,136,3
18998,17078,17025,4,3
18999,3609,8895,38,3
19000,8896,8895,33,3
19001,17079,3609,27,3
19002,17080,17081,2,3
19003,17081,17082,24,3
19004,17082,8896,2,3
19005,973,17083,5,3
19006,17083,17084,8,3
19007,17084,8880,36,3
19008,17056,17085,11,3
19009,17085,17086,7,3
19010,17086,17087,5,3
19011,17087,17088,5,3
19012,17088,17089,5,3
19013,17089,17090,5,3
19014,17090,17091,6,3
19015,17091,17092,6,3
19016,17092,17093,6,3
19017,17093,17094,6,3
19018,17094,17095,6,3
19019,17095,17096,25,3
19020,17096,17097,6,3
19021,17097,973,5,3
19022,8870,17098,37,3
19023,17098,17099,8,3
19024,17099,973,5,3
19025,17100,2291,63,3
19026,5615,2291,23,3
19027,8888,17101,27,3
19028,17101,17102,7,3
19029,17102,17063,5,3
19030,8870,17103,5,3
19031,17103,17104,34,3
19032,17104,17105,30,3
19033,17105,17106,82,3
19034,17106,17107,17,3
19035,17107,17108,3,3
19036,17108,17063,5,3
19037,17109,17055,52,3
19038,17110,17111,3,3
19039,17111,17112,3,3
19040,17112,17113,42,3
19041,17113,17055,4,3
19042,16997,17114,7,3
19043,17114,17055,46,3
19044,17115,17116,39,3
19045,17116,17056,3,3
19046,17110,17117,17,3
19047,17117,17118,9,3
19048,17118,17119,6,3
19049,17119,17120,3,3
19050,17120,17121,6,3
19051,17121,17056,8,3
19052,2282,17122,39,3
19053,17122,1317,11,3
19054,2284,2282,42,3
19055,17109,17009,26,3
19056,17123,17124,4,3
19057,17124,17125,44,3
19058,17125,17009,5,3
19059,17126,17127,1,3
19060,17127,17009,91,3
19061,17128,17129,3,3
19062,17129,17130,3,3
19063,17130,17131,46,3
19064,17131,17109,4,3
19065,17128,17132,3,3
19066,17132,17123,20,3
19067,17133,17123,132,3
19068,17134,17135,22,3
19069,17135,17126,19,3
19070,17136,17137,40,3
19071,17137,17138,2,3
19072,17138,17139,17,3
19073,17139,17126,4,3
19074,17037,17140,6,3
19075,17140,17134,66,3
19076,17014,17141,6,3
19077,17141,17134,47,3
19078,17136,17142,19,3
19079,17142,17134,5,3
19080,17100,17143,24,3
19081,17143,17037,6,3
19082,17144,17145,5,3
19083,17145,17146,4,3
19084,17146,17147,25,3
19085,17147,17037,6,3
19086,17133,17148,4,3
19087,17148,17149,9,3
19088,17149,17136,8,3
19089,17115,17150,3,3
19090,17150,17151,96,3
19091,17151,8880,5,3
19092,17152,17153,7,3
19093,17153,17100,24,3
19094,17152,17154,7,3
19095,17154,5615,61,3
19096,17133,17155,72,3
19097,17155,17144,5,3
19098,5612,17156,36,3
19099,17156,17157,5,3
19100,17157,17144,5,3
19101,17152,17158,7,3
19102,17158,17159,20,3
19103,17159,17160,4,3
19104,17160,17144,5,3
19105,5617,17161,8,3
19106,17161,2284,26,3
19107,17162,17115,41,3
19108,17163,17164,3,3
19109,17164,17165,88,3
19110,17165,17166,11,3
19111,17166,17115,3,3
19112,17128,17167,3,3
19113,17167,17110,52,3
19114,17080,17168,28,3
19115,17169,17168,28,3
19116,17170,17168,58,3
19117,8898,17170,66,3
19118,8901,17170,28,3
19119,17163,17171,3,3
19120,17171,17172,3,3
19121,17172,17173,36,3
19122,17173,17128,3,3
19123,17174,17175,111,3
19124,17175,17163,3,3
19125,17176,17177,1,3
19126,17177,17178,26,3
19127,17178,17179,2,3
19128,17179,17180,40,3
19129,17180,17163,3,3
19130,8875,17181,6,3
19131,17181,17162,21,3
19132,17182,17183,3,3
19133,17183,17184,3,3
19134,17184,17185,7,3
19135,17185,17186,7,3
19136,17186,17187,4,3
19137,17187,17188,3,3
19138,17188,17189,3,3
19139,17189,17190,3,3
19140,17190,8898,15,3
19141,17191,17182,29,3
19142,17191,17192,12,3
19143,17192,17193,13,3
19144,17193,17194,85,3
19145,17194,17195,45,3
19146,17195,17196,7,3
19147,17196,17182,96,3
19148,17197,17198,19,3
19149,17198,17199,54,3
19150,17199,17182,5,3
19151,17200,17201,6,3
19152,17201,17202,1,3
19153,17202,17203,74,3
19154,17203,17176,3,3
19155,17204,17205,116,3
19156,17205,17176,2,3
19157,8875,17206,3,3
19158,17206,17207,49,3
19159,17207,17208,9,3
19160,17208,17209,19,3
19161,17209,17210,20,3
19162,17210,17176,1,3
19163,5495,5612,70,3
19164,17174,17211,99,3
19165,17211,5612,20,3
19166,17212,17213,2,3
19167,17213,7540,25,3
19168,17204,17174,69,3
19169,5495,17204,118,3
19170,5502,17214,6,3
19171,17214,17215,1,3
19172,17215,17204,74,3
19173,8862,8871,37,3
19174,17216,17217,16,3
19175,17217,7537,26,3
19176,17212,17218,3,3
19177,17218,17219,9,3
19178,17219,17220,2,3
19179,17220,17221,71,3
19180,17221,17222,2,3
19181,17222,17223,16,3
19182,17223,7537,6,3
19183,17216,17224,16,3
19184,17224,17225,6,3
19185,17225,17226,103,3
19186,17226,17227,6,3
19187,17216,17228,2,3
19188,17228,17229,6,3
19189,17229,17230,101,3
19190,17230,17227,10,3
19191,11172,17231,2,3
19192,17231,17232,63,3
19193,17232,17216,16,3
19194,17197,17233,57,3
19195,17233,17234,41,3
19196,17234,17235,6,3
19197,17235,17216,16,3
19198,17227,17236,10,3
19199,17236,17212,22,3
19200,8819,17237,4,3
19201,17237,17238,40,3
19202,17238,17239,16,3
19203,17239,17212,116,3
19204,8855,17240,5,3
19205,17240,17241,31,3
19206,17241,17242,46,3
19207,17242,8875,3,3
19208,17243,17244,3,3
19209,17244,17245,177,3
19210,17245,17227,10,3
19211,11178,17246,3,3
19212,17246,17247,34,3
19213,17247,17248,11,3
19214,17248,17249,2,3
19215,17249,17250,12,3
19216,17250,17227,10,3
19217,17243,8819,22,3
19218,17251,17252,84,3
19219,17252,17253,2,3
19220,17253,17200,5,3
19221,8855,17254,9,3
19222,17254,17255,87,3
19223,17255,17200,6,3
19224,5502,17256,9,3
19225,17256,17257,13,3
19226,17257,17258,34,3
19227,17258,17259,55,3
19228,17259,17200,5,3
19229,5502,17260,5,3
19230,17260,17261,41,3
19231,17261,17262,48,3
19232,11137,17263,13,3
19233,17263,17264,2,3
19234,17264,17265,3,3
19235,17265,17243,32,3
19236,11112,8861,39,3
19237,11178,17266,3,3
19238,17266,17267,90,3
19239,17267,11172,6,3
19240,11137,17268,13,3
19241,17268,17269,182,3
19242,17269,11178,2,3
19243,8855,17270,6,3
19244,17270,17271,25,3
19245,17271,17272,22,3
19246,17272,11115,16,3
19247,11115,11299,20,3
19248,8944,17273,25,3
19249,17274,17275,8,3
19250,17275,17276,4,3
19251,17276,17277,7,3
19252,17277,17278,40,3
19253,17278,17273,7,3
19254,17279,17280,5,3
19255,17280,17281,42,3
19256,17281,8944,15,3
19257,11164,17282,27,3
19258,17282,17283,7,3
19259,17283,17274,23,3
19260,17279,17284,2,3
19261,17284,17285,7,3
19262,17285,17286,10,3
19263,17286,17274,11,3
19264,17251,17262,119,3
19265,17287,17288,21,3
19266,17288,17251,44,3
19267,11299,17251,103,3
19268,17289,17290,3,3
19269,17290,8825,20,3
19270,17291,17292,6,3
19271,17292,17262,34,3
19272,17262,17293,48,3
19273,11112,11145,25,3
19274,17287,11301,38,3
19275,17294,17295,62,3
19276,17295,17287,60,3
19277,17294,17296,2,3
19278,17296,17297,38,3
19279,17297,17291,6,3
19280,17293,17298,26,3
19281,8905,17299,84,3
19282,17299,4069,6,3
19283,17300,17301,45,3
19284,17301,8905,4,3
19285,7794,17302,5,3
19286,17302,17303,6,3
19287,17303,8906,22,3
19288,7794,17304,30,3
19289,17304,17305,3,3
19290,17305,17306,2,3
19291,17306,8906,3,3
19292,17307,17308,2,3
19293,17308,5500,91,3
19294,17298,5500,41,3
19295,11191,17309,9,3
19296,17309,17310,10,3
19297,17310,17311,10,3
19298,17311,17312,13,3
19299,17312,11280,34,3
19300,17313,17314,8,3
19301,17314,17315,35,3
19302,17315,11280,4,3
19303,17316,11191,39,3
19304,17316,17317,81,3
19305,17317,17313,8,3
19306,11272,17318,31,3
19307,17318,17313,8,3
19308,17319,17320,47,3
19309,17320,17313,8,3
19310,17321,17316,24,3
19311,11203,17316,49,3
19312,17322,17323,57,3
19313,17324,17323,55,3
19314,7776,17325,31,3
19315,17325,17323,113,3
19316,7750,17322,136,3
19317,7702,17326,6,3
19318,17326,17322,42,3
19319,17327,17324,41,3
19320,17328,17329,33,3
19321,17329,17330,7,3
19322,17330,17331,2,3
19323,17331,17324,66,3
19324,7750,7776,41,3
19325,17307,17332,39,3
19326,17332,17333,14,3
19327,17333,17334,8,3
19328,17334,17335,4,3
19329,17335,17336,13,3
19330,17336,17337,12,3
19331,17337,17294,26,3
19332,11309,17338,36,3
19333,17338,17307,57,3
19334,17339,10754,44,3
19335,17340,17341,3,3
19336,17341,17342,94,3
19337,17342,10754,14,3
19338,17343,17339,39,3
19339,11291,17344,77,3
19340,17344,17340,3,3
19341,17343,17345,28,3
19342,17345,17346,5,3
19343,17346,17347,5,3
19344,17347,17348,4,3
19345,17348,17349,4,3
19346,17349,17350,4,3
19347,17350,17351,13,3
19348,17351,11129,9,3
19349,17343,17352,8,3
19350,17352,17353,23,3
19351,17353,17354,50,3
19352,17354,11129,5,3
19353,17355,11272,49,3
19354,17356,17357,5,3
19355,17357,17358,11,3
19356,17358,17359,2,3
19357,17359,17360,2,3
19358,17360,17361,8,3
19359,17361,17362,3,3
19360,17362,17363,3,3
19361,17363,17364,7,3
19362,17364,17365,3,3
19363,17365,7702,7,3
19364,17366,17367,38,3
19365,17367,7702,4,3
19366,17368,17369,5,3
19367,17369,17370,4,3
19368,17370,17371,7,3
19369,17371,17372,2,3
19370,17372,17373,3,3
19371,17373,17356,8,3
19372,17374,17375,37,3
19373,17375,17356,4,3
19374,17376,17366,34,3
19375,7748,17366,122,3
19376,17377,17366,90,3
19377,4069,17378,4,3
19378,17378,17379,79,3
19379,17379,4054,11,3
19380,17380,17381,43,3
19381,17381,17382,6,3
19382,17382,4069,6,3
19383,17383,17384,41,3
19384,17384,17385,6,3
19385,17385,4069,6,3
19386,17386,17387,22,3
19387,17387,17388,11,3
19388,17388,17389,9,3
19389,17389,4054,5,3
19390,17390,17380,45,3
19391,17391,17392,48,3
19392,17392,17380,92,3
19393,17393,17394,93,3
19394,17394,7557,4,3
19395,7571,17393,42,3
19396,17395,17393,46,3
19397,4057,17396,6,3
19398,17396,17397,3,3
19399,17397,17398,3,3
19400,17398,17399,3,3
19401,17399,17400,3,3
19402,17400,17401,3,3
19403,17401,17402,3,3
19404,17402,17403,2,3
19405,17403,17404,3,3
19406,17405,17406,2,3
19407,17406,17407,2,3
19408,17407,17408,12,3
19409,17408,17409,2,3
19410,17409,17410,3,3
19411,17410,17411,3,3
19412,17411,17412,4,3
19413,17412,17404,4,3
19414,17413,17414,90,3
19415,17414,17404,6,3
19416,17376,17415,152,3
19417,17415,17404,5,3
19418,17386,17416,58,3
19419,17416,17417,36,3
19420,17417,4057,6,3
19421,2009,17418,151,3
19422,17418,4057,5,3
19423,17419,17420,5,3
19424,17420,17421,1,3
19425,17421,17422,1,3
19426,17422,17423,4,3
19427,17423,17424,7,3
19428,17424,17425,4,3
19429,17425,17426,5,3
19430,17426,17427,5,3
19431,17427,17428,2,3
19432,17428,17405,2,3
19433,17377,17429,63,3
19434,17429,17405,4,3
19435,17430,17431,85,3
19436,17431,17405,6,3
19437,17430,17413,34,3
19438,17386,17413,35,3
19439,17432,17376,116,3
19440,2009,17376,33,3
19441,1979,17432,33,3
19442,7748,17432,33,3
19443,1979,2009,111,3
19444,17433,17434,27,3
19445,17434,17435,8,3
19446,4371,17436,6,3
19447,17436,17437,25,3
19448,17437,17438,2,3
19449,17438,17439,2,3
19450,17439,17435,8,3
19451,11276,17440,8,3
19452,17440,17441,3,3
19453,17441,17442,4,3
19454,17442,17443,5,3
19455,17443,17444,7,3
19456,17444,17435,8,3
19457,17445,17446,48,3
19458,17446,17447,22,3
19459,17447,17435,8,3
19460,7571,17448,19,3
19461,17448,17433,16,3
19462,11274,17449,21,3
19463,17449,17433,70,3
19464,17450,17451,100,3
19465,17451,4371,6,3
19466,17452,17453,16,3
19467,17453,17454,16,3
19468,17454,17455,16,3
19469,17455,17456,13,3
19470,17456,4371,6,3
19471,4063,17457,90,3
19472,17457,17458,5,3
19473,17459,17460,50,3
19474,17460,17461,58,3
19475,17461,17458,5,3
19476,17391,17462,41,3
19477,17462,17458,5,3
19478,1885,17463,39,3
19479,17463,17458,5,3
19480,17390,17464,20,3
19481,17464,17465,17,3
19482,17465,4063,8,3
19483,1885,17466,49,3
19484,17466,17459,4,3
19485,1889,17467,3,3
19486,17467,17468,24,3
19487,17468,17459,3,3
19488,17390,17391,93,3
19489,11291,17469,6,3
19490,17469,2078,167,3
19491,17470,17471,37,3
19492,17471,2078,39,3
19493,17472,17473,16,3
19494,17473,2094,12,3
19495,4074,17474,4,3
19496,17474,4061,39,3
19497,1973,17475,152,3
19498,17475,4061,6,3
19499,17476,1973,47,3
19500,17452,17477,74,3
19501,17477,17478,5,3
19502,17478,17479,9,3
19503,17479,1982,6,3
19504,1993,17480,5,3
19505,17480,17481,63,3
19506,17481,17482,19,3
19507,17482,17483,4,3
19508,17483,17484,2,3
19509,17484,17485,1,3
19510,17485,17486,5,3
19511,17486,1967,8,3
19512,17487,17488,20,3
19513,17488,17489,7,3
19514,17489,1967,8,3
19515,4377,17490,18,3
19516,17490,17491,5,3
19517,17491,17492,41,3
19518,17492,17493,79,3
19519,17493,17494,15,3
19520,17494,17495,2,3
19521,17495,1993,7,3
19522,17496,17497,6,3
19523,17497,17498,3,3
19524,17498,17499,3,3
19525,17499,17500,3,3
19526,17500,17501,3,3
19527,17501,17502,3,3
19528,17502,17503,3,3
19529,17503,1993,6,3
19530,17504,11294,30,3
19531,17505,11294,44,3
19532,17506,17507,7,3
19533,17507,17476,75,3
19534,4074,17508,4,3
19535,17508,17509,8,3
19536,17509,17510,146,3
19537,17510,17476,5,3
19538,17511,17512,28,3
19539,17512,1962,10,3
19540,17506,17513,8,3
19541,17513,17514,150,3
19542,17514,1962,10,3
19543,17515,17516,11,3
19544,17516,17517,19,3
19545,17517,1962,19,3
19546,17518,17519,87,3
19547,17519,4377,2,3
19548,17520,17521,46,3
19549,17521,4377,18,3
19550,17522,17523,6,3
19551,17523,17524,10,3
19552,17524,17525,12,3
19553,17525,4377,18,3
19554,17520,17526,88,3
19555,17526,17496,4,3
19556,17527,17528,5,3
19557,17528,17529,3,3
19558,17529,17530,1,3
19559,17530,17531,2,3
19560,17531,17532,2,3
19561,17532,17533,2,3
19562,17533,17534,8,3
19563,17534,17535,3,3
19564,17535,17536,3,3
19565,17536,17537,3,3
19566,17537,17496,4,3
19567,2101,17538,15,3
19568,17538,17539,4,3
19569,17539,2081,6,3
19570,17540,17541,122,3
19571,17541,17542,36,3
19572,17542,17543,4,3
19573,17543,2081,6,3
19574,17544,17545,44,3
19575,17545,17546,4,3
19576,17546,17547,55,3
19577,17547,17548,2,3
19578,17548,17487,5,3
19579,17515,17549,23,3
19580,17549,17550,15,3
19581,17550,17487,18,3
19582,17551,17552,10,3
19583,17552,17518,31,3
19584,2038,17553,6,3
19585,17553,17554,36,3
19586,17554,17518,2,3
19587,17515,17555,6,3
19588,17555,17544,88,3
19589,17527,17556,5,3
19590,17556,17557,6,3
19591,17557,17544,72,3
19592,17522,17558,6,3
19593,17558,17551,92,3
19594,17559,17560,5,3
19595,17560,17551,29,3
19596,17561,17562,4,3
19597,17562,17563,11,3
19598,17563,17564,41,3
19599,17564,17565,22,3
19600,17565,17566,40,3
19601,17566,2038,28,3
19602,2053,17567,33,3
19603,17567,17568,12,3
19604,17568,17561,4,3
19605,17569,17570,38,3
19606,17570,2053,7,3
19607,17569,2054,94,3
19608,17571,17572,153,3
19609,17572,17573,2,3
19610,17573,4070,10,3
19611,17574,17575,5,3
19612,17575,17576,150,3
19613,17576,17577,4,3
19614,17577,17578,23,3
19615,17578,4070,11,3
19616,17579,17580,15,3
19617,17580,4070,32,3
19618,17574,17581,39,3
19619,17581,4071,7,3
19620,1889,17582,2,3
19621,17582,17583,3,3
19622,17583,17584,14,3
19623,17584,17585,60,3
19624,17585,4071,7,3
19625,17571,17586,32,3
19626,17586,17587,6,3
19627,17587,4074,4,3
19628,17588,17569,46,3
19629,17589,17520,35,3
19630,17589,17590,80,3
19631,17590,17591,6,3
19632,17591,17527,5,3
19633,17592,17593,3,3
19634,17593,17594,3,3
19635,17594,17595,4,3
19636,17595,17596,5,3
19637,17596,17597,3,3
19638,17597,17598,3,3
19639,17598,17527,5,3
19640,17588,11298,40,3
19641,17504,17599,104,3
19642,17599,17600,5,3
19643,17600,17601,2,3
19644,17601,11298,5,3
19645,17602,17603,7,3
19646,17603,17574,41,3
19647,17589,17604,46,3
19648,17604,17522,6,3
19649,17605,17606,5,3
19650,17606,17607,17,3
19651,17607,17608,5,3
19652,17608,17522,6,3
19653,17609,2101,26,3
19654,17504,17540,42,3
19655,17610,17540,23,3
19656,17605,17611,5,3
19657,17611,17559,95,3
19658,17612,17613,26,3
19659,17613,17559,4,3
19660,17614,17615,8,3
19661,17615,17571,39,3
19662,17579,17616,3,3
19663,17616,17617,8,3
19664,17617,17618,87,3
19665,17618,17619,14,3
19666,17619,17620,47,3
19667,17620,17614,8,3
19668,17506,17621,8,3
19669,17621,17622,85,3
19670,17622,17623,9,3
19671,17623,17624,44,3
19672,17624,17614,8,3
19673,17625,17626,9,3
19674,17626,17627,38,3
19675,17627,17628,2,3
19676,17628,17614,5,3
19677,17605,17629,5,3
19678,17629,17630,120,3
19679,17630,17592,6,3
19680,17631,17632,6,3
19681,17632,17633,5,3
19682,17633,17634,2,3
19683,17634,17635,3,3
19684,17635,17592,3,3
19685,17636,17637,20,3
19686,17637,17605,5,3
19687,17638,17602,86,3
19688,17639,17640,74,3
19689,17640,17641,22,3
19690,17641,17642,19,3
19691,17642,17602,7,3
19692,17643,17588,52,3
19693,17636,17612,96,3
19694,17644,17645,34,3
19695,17645,17612,2,3
19696,7670,17646,3,3
19697,17646,17647,11,3
19698,17647,17511,17,3
19699,17648,17649,42,3
19700,17649,17511,9,3
19701,17650,17651,5,3
19702,17651,17652,56,3
19703,17652,17506,7,3
19704,17653,17654,32,3
19705,17654,17655,3,3
19706,17655,17656,7,3
19707,17656,17657,11,3
19708,17657,17658,33,3
19709,17658,17659,33,3
19710,17660,17661,1,3
19711,17661,17662,12,3
19712,17662,17654,28,3
19713,17663,17653,25,3
19714,17659,17664,17,3
19715,17664,17653,78,3
19716,17659,17665,3,3
19717,17665,17666,28,3
19718,17666,17667,4,3
19719,7672,17668,39,3
19720,17668,17650,4,3
19721,17625,17669,9,3
19722,17669,17670,8,3
19723,17670,17671,142,3
19724,17671,17650,5,3
19725,7670,17672,9,3
19726,17672,17673,152,3
19727,17673,17650,6,3
19728,17674,17675,38,3
19729,17675,17676,68,3
19730,17676,17631,5,3
19731,17648,17677,42,3
19732,17677,17678,133,3
19733,17678,17631,7,3
19734,17679,17680,6,3
19735,17680,17681,4,3
19736,17681,17682,6,3
19737,17682,17683,6,3
19738,17683,17684,4,3
19739,17684,17685,3,3
19740,17685,17686,5,3
19741,17686,17631,5,3
19742,17687,17674,49,3
19743,17679,17688,6,3
19744,17688,17689,3,3
19745,17689,17674,58,3
19746,17690,17648,37,3
19747,17690,17691,103,3
19748,17691,17679,5,3
19749,17692,17693,15,3
19750,17693,17694,2,3
19751,17694,17695,4,3
19752,17695,17696,3,3
19753,17696,17697,4,3
19754,17697,17698,4,3
19755,17698,17679,7,3
19756,17638,17699,27,3
19757,17699,17700,14,3
19758,17700,17701,14,3
19759,17701,17702,11,3
19760,17702,17703,2,3
19761,17703,17704,10,3
19762,17704,17705,8,3
19763,17705,17579,12,3
19764,17706,17707,32,3
19765,17707,17579,14,3
19766,17706,17708,3,3
19767,17708,17709,6,3
19768,17709,17710,90,3
19769,17710,17711,16,3
19770,17711,17712,57,3
19771,17712,17625,9,3
19772,17713,17714,5,3
19773,17714,17715,8,3
19774,17715,17716,24,3
19775,17716,17625,9,3
19776,17639,17717,41,3
19777,17717,17638,5,3
19778,17718,17719,7,3
19779,17719,17639,43,3
19780,17706,17720,10,3
19781,17720,17721,49,3
19782,17721,17722,14,3
19783,17722,17723,13,3
19784,17723,17639,14,3
19785,17561,17724,4,3
19786,17724,17725,12,3
19787,17725,11238,145,3
19788,17726,17727,39,3
19789,17727,17728,7,3
19790,17728,17561,4,3
19791,17644,17729,12,3
19792,17729,17730,6,3
19793,17730,17731,19,3
19794,17731,17732,7,3
19795,17732,17561,4,3
19796,11233,17733,75,3
19797,17733,17734,29,3
19798,17734,17735,23,3
19799,17735,17736,23,3
19800,17736,17737,13,3
19801,17737,17561,4,3
19802,17687,17636,35,3
19803,17738,17687,26,3
19804,17726,17643,52,3
19805,17739,17740,33,3
19806,17740,17741,19,3
19807,17741,17742,38,3
19808,17742,17643,5,3
19809,17743,17744,32,3
19810,17744,17667,4,3
19811,17667,17745,4,3
19812,17745,17746,21,3
19813,17746,17747,29,3
19814,17747,17748,31,3
19815,17748,17749,22,3
19816,17749,17750,18,3
19817,17750,17751,9,3
19818,17751,11250,12,3
19819,11250,17752,1,3
19820,17752,17753,35,3
19821,17753,17754,17,3
19822,17754,17755,13,3
19823,17755,17756,35,3
19824,17756,17757,30,3
19825,17757,17667,4,3
19826,17667,17758,4,3
19827,17758,17759,35,3
19828,17759,17760,39,3
19829,17760,17761,23,3
19830,17761,17762,37,3
19831,17762,17763,24,3
19832,17763,17764,12,3
19833,17764,17765,14,3
19834,17738,17644,70,3
19835,17766,17767,9,3
19836,17767,17768,16,3
19837,17768,17644,22,3
19838,17769,17663,29,3
19839,17743,17663,101,3
19840,17770,17743,28,3
19841,11250,17771,12,3
19842,17771,17772,8,3
19843,17772,17773,27,3
19844,17773,17774,47,3
19845,17775,17776,28,3
19846,17776,11250,16,3
19847,17770,17777,119,3
19848,17777,11250,16,3
19849,17778,17779,9,3
19850,17779,17780,28,3
19851,17780,17781,3,3
19852,17781,11250,1,3
19853,17782,17783,23,3
19854,17783,11250,17,3
19855,17784,17738,47,3
19856,17785,17784,38,3
19857,17692,17786,4,3
19858,17786,17787,7,3
19859,17787,17788,125,3
19860,17788,17784,5,3
19861,17766,17789,45,3
19862,17789,17790,15,3
19863,17790,17784,10,3
19864,17770,17769,90,3
19865,17791,17769,26,3
19866,17792,17793,7,3
19867,17793,17794,16,3
19868,17794,17766,14,3
19869,11265,17795,4,3
19870,17795,17796,35,3
19871,17796,11238,5,3
19872,17797,17726,90,3
19873,17798,17797,37,3
19874,17739,17799,8,3
19875,17799,17797,62,3
19876,11264,17739,34,3
19877,8770,17800,13,3
19878,17800,17801,79,3
19879,17801,17802,4,3
19880,17802,17803,3,3
19881,17803,17804,3,3
19882,17804,17805,3,3
19883,17805,17806,33,3
19884,17806,17718,18,3
19885,17807,17808,11,3
19886,17808,17718,90,3
19887,17807,17809,14,3
19888,17809,17706,37,3
19889,17810,17770,32,3
19890,17811,17812,23,3
19891,17812,17813,48,3
19892,17813,17791,5,3
19893,17814,17815,10,3
19894,17815,17816,1,3
19895,17816,17791,27,3
19896,17817,17810,53,3
19897,17818,17819,14,3
19898,17819,17820,34,3
19899,17820,17810,19,3
19900,7676,17821,25,3
19901,17821,17822,89,3
19902,17822,17823,6,3
19903,17823,17692,14,3
19904,17824,17825,4,3
19905,17825,17826,3,3
19906,17826,17827,3,3
19907,17827,17828,3,3
19908,17828,17829,3,3
19909,17829,17830,3,3
19910,17830,17831,5,3
19911,17831,17692,14,3
19912,17690,17832,24,3
19913,17832,17833,106,3
19914,17833,17834,7,3
19915,17834,17692,15,3
19916,17835,17785,37,3
19917,17792,17836,47,3
19918,17836,17837,15,3
19919,17837,17785,9,3
19920,17824,17838,6,3
19921,17838,17785,122,3
19922,17839,17775,23,3
19923,17817,17775,65,3
19924,17840,17792,37,3
19925,17818,17841,5,3
19926,17841,17811,56,3
19927,17842,17843,11,3
19928,17843,17811,30,3
19929,17660,17844,1,3
19930,17844,17845,3,3
19931,17845,17814,105,3
19932,17842,17846,57,3
19933,17846,17814,9,3
19934,10871,17847,7,3
19935,17847,17848,30,3
19936,17848,17849,1,3
19937,17849,17814,10,3
19938,17807,17850,3,3
19939,17850,17851,6,3
19940,17851,17852,167,3
19941,17852,17713,5,3
19942,17853,17854,38,3
19943,17854,17713,5,3
19944,7672,17855,146,3
19945,17855,17856,8,3
19946,17856,17713,5,3
19947,8770,17857,47,3
19948,17857,17807,14,3
19949,17858,17859,31,3
19950,17859,10871,7,3
19951,4952,17860,5,3
19952,17860,17861,102,3
19953,17861,17862,88,3
19954,17862,10871,7,3
19955,17863,17817,54,3
19956,17863,17864,53,3
19957,17864,17818,14,3
19958,17865,17866,118,3
19959,17866,17818,13,3
19960,17867,17868,32,3
19961,17868,17818,13,3
19962,17869,17870,33,3
19963,17870,7672,3,3
19964,7686,17871,10,3
19965,17871,17872,3,3
19966,17872,17873,3,3
19967,17873,17874,9,3
19968,17874,17869,14,3
19969,17853,17875,8,3
19970,17875,17876,57,3
19971,17876,17877,79,3
19972,17877,17869,8,3
19973,8764,17878,9,3
19974,17878,17879,11,3
19975,17879,17853,20,3
19976,17880,17881,3,3
19977,17881,17863,64,3
19978,17882,7676,67,3
19979,17882,17883,28,3
19980,17883,17824,5,3
19981,17884,17885,4,3
19982,17885,17886,4,3
19983,17886,17887,4,3
19984,17887,17888,5,3
19985,17888,17889,6,3
19986,17889,17890,5,3
19987,17890,17891,4,3
19988,17891,17824,5,3
19989,7699,17892,2,3
19990,17892,17893,6,3
19991,17893,17894,11,3
19992,17894,17895,10,3
19993,17895,17896,11,3
19994,17896,17897,5,3
19995,17897,17898,5,3
19996,17898,17899,26,3
19997,17899,17882,45,3
19998,17835,17900,70,3
19999,17900,17901,44,3
20000,17901,17884,4,3
20001,7699,17902,2,3
20002,17902,17903,9,3
20003,17903,17904,6,3
20004,17904,17905,4,3
20005,17905,17906,5,3
20006,17906,17907,4,3
20007,17907,17884,4,3
20008,17880,17908,3,3
20009,17908,17839,31,3
20010,17774,17839,62,3
20011,17909,17835,38,3
20012,17840,17835,71,3
20013,17910,17911,3,3
20014,17911,17840,35,3
20015,11265,17798,29,3
20016,11264,17798,73,3
20017,17865,17912,21,3
20018,17912,17880,3,3
20019,11258,17913,94,3
20020,17913,17880,3,3
20021,17774,11258,48,3
20022,17909,17914,107,3
20023,17914,17915,4,3
20024,17915,7699,2,3
20025,7693,17916,7,3
20026,17916,17909,37,3
20027,17910,17917,3,3
20028,17917,17918,17,3
20029,17918,17909,48,3
20030,11233,17919,5,3
20031,17919,17920,36,3
20032,17920,17910,3,3
20033,10881,17842,35,3
20034,10868,17921,32,3
20035,17921,17842,11,3
20036,17922,17865,34,3
20037,17922,17867,117,3
20038,10881,17923,21,3
20039,17923,17924,10,3
20040,17924,17867,54,3
20041,17925,17926,40,3
20042,17926,7693,6,3
20043,11251,17922,34,3
20044,4363,17927,11,3
20045,17927,17928,14,3
20046,17928,10881,18,3
20047,7689,17929,143,3
20048,17929,8761,5,3
20049,8766,17930,131,3
20050,17930,8761,6,3
20051,17931,17932,4,3
20052,17932,17933,3,3
20053,17933,17934,5,3
20054,17934,17935,2,3
20055,17935,17936,12,3
20056,17936,17937,9,3
20057,17937,17938,7,3
20058,17938,8761,6,3
20059,7686,17939,4,3
20060,17939,17940,85,3
20061,17940,17941,53,3
20062,17941,8764,6,3
20063,4364,17942,61,3
20064,17942,11251,6,3
20065,4357,17943,10,3
20066,17943,4364,23,3
20067,4368,17944,29,3
20068,17944,17945,2,3
20069,17945,4363,10,3
20070,4354,17946,5,3
20071,17946,17947,4,3
20072,17947,17948,33,3
20073,17948,17949,18,3
20074,17949,4368,40,3
20075,11257,12159,53,3
20076,17950,17951,5,3
20077,17951,17952,3,3
20078,17952,17953,20,3
20079,17953,17954,7,3
20080,17954,17955,21,3
20081,17955,17956,19,3
20082,17956,17957,3,3
20083,17957,11257,3,3
20084,17958,17959,46,3
20085,17959,7695,5,3
20086,17960,17961,6,3
20087,17961,17962,6,3
20088,17962,17963,5,3
20089,17963,17964,3,3
20090,17964,17965,1,3
20091,17965,17966,2,3
20092,17966,17967,5,3
20093,17967,17968,5,3
20094,17968,17969,5,3
20095,17969,17970,6,3
20096,17970,17971,5,3
20097,17971,17972,3,3
20098,17972,17973,2,3
20099,17973,17974,4,3
20100,17974,17975,4,3
20101,17975,17976,3,3
20102,17976,17977,2,3
20103,17977,17978,3,3
20104,17978,7695,4,3
20105,17958,17925,57,3
20106,17979,17925,74,3
20107,10809,4354,66,3
20108,10930,17980,4,3
20109,17980,17981,20,3
20110,17981,4354,4,3
20111,17982,17983,1,3
20112,17983,11260,26,3
20113,17984,17958,38,3
20114,7665,17985,8,3
20115,17985,17986,8,3
20116,17986,17987,186,3
20117,17987,17960,4,3
20118,17988,17989,3,3
20119,17989,17990,5,3
20120,17990,17991,1,3
20121,17991,17992,3,3
20122,17992,17993,3,3
20123,17993,17994,3,3
20124,17994,17995,5,3
20125,17995,17960,4,3
20126,4131,8759,77,3
20127,1878,17996,17,3
20128,17996,8759,73,3
20129,17997,17998,2,3
20130,17998,17984,30,3
20131,17999,18000,18,3
20132,18000,18001,38,3
20133,18001,17984,75,3
20134,1878,18002,38,3
20135,18002,4131,67,3
20136,17999,17979,37,3
20137,11241,18003,6,3
20138,18003,18004,36,3
20139,18004,17979,3,3
20140,18005,8766,45,3
20141,18006,8768,46,3
20142,18007,18008,5,3
20143,18008,18009,43,3
20144,18009,8768,41,3
20145,18010,17999,35,3
20146,18011,18012,32,3
20147,18012,11241,77,3
20148,18006,18005,45,3
20149,17931,18013,4,3
20150,18013,18014,5,3
20151,18014,18005,137,3
20152,18015,18016,3,3
20153,18016,11266,35,3
20154,18017,11266,93,3
20155,18018,18019,37,3
20156,18019,18020,3,3
20157,18020,18021,2,3
20158,18021,11266,5,3
20159,7668,7689,52,3
20160,18022,18023,4,3
20161,18023,18024,4,3
20162,18024,18025,28,3
20163,18025,17931,4,3
20164,7668,18026,140,3
20165,18026,18027,4,3
20166,18027,17931,4,3
20167,17950,18028,5,3
20168,18028,18029,7,3
20169,18029,18030,10,3
20170,18030,18031,15,3
20171,18031,18032,17,3
20172,18032,18033,3,3
20173,18033,18034,15,3
20174,18034,4357,35,3
20175,11229,18035,57,3
20176,18035,18036,19,3
20177,18036,18037,20,3
20178,18017,18038,3,3
20179,18038,18039,37,3
20180,18039,11229,5,3
20181,18040,18041,40,3
20182,18041,18037,5,3
20183,18037,18042,68,3
20184,18042,18043,11,3
20185,18043,4632,4,3
20186,18044,18017,48,3
20187,18015,18045,3,3
20188,18045,18044,100,3
20189,18040,18046,26,3
20190,18046,18047,11,3
20191,18047,18044,5,3
20192,18048,18049,34,3
20193,18049,18050,3,3
20194,18050,18051,1,3
20195,18051,18052,4,3
20196,18052,18015,3,3
20197,18053,18054,6,3
20198,18054,18055,27,3
20199,18055,18015,3,3
20200,18048,18018,33,3
20201,17982,18056,2,3
20202,18056,18057,3,3
20203,18057,18018,75,3
20204,18058,18006,49,3
20205,18059,18006,92,3
20206,18060,18061,37,3
20207,18061,17997,2,3
20208,18010,18062,18,3
20209,18062,18063,41,3
20210,18063,18064,72,3
20211,18064,17997,2,3
20212,18065,18066,32,3
20213,18066,18010,5,3
20214,12153,18067,23,3
20215,18067,18068,17,3
20216,18068,18069,13,3
20217,18069,18070,10,3
20218,18070,18071,8,3
20219,18071,18072,2,3
20220,18072,17950,5,3
20221,12145,17982,40,3
20222,18048,18073,52,3
20223,18073,18074,2,3
20224,18074,12145,3,3
20225,12146,18048,33,3
20226,18075,18076,6,3
20227,18076,18077,21,3
20228,18077,18078,9,3
20229,18078,7665,8,3
20230,18079,18080,165,3
20231,18080,18081,8,3
20232,18081,7665,8,3
20233,18082,18083,55,3
20234,18083,18084,8,3
20235,18084,7665,8,3
20236,18060,18085,21,3
20237,18085,18086,24,3
20238,18086,17988,6,3
20239,18087,18088,5,3
20240,18088,18089,4,3
20241,18089,18090,3,3
20242,18090,18091,2,3
20243,18091,18092,6,3
20244,18092,17988,5,3
20245,18093,18007,43,3
20246,4135,18094,6,3
20247,18094,18095,9,3
20248,18095,18096,5,3
20249,18096,18097,5,3
20250,18097,18098,4,3
20251,18098,18099,8,3
20252,18099,18100,6,3
20253,18100,18007,4,3
20254,18093,18058,39,3
20255,18101,18058,91,3
20256,18101,18059,48,3
20257,18022,18102,4,3
20258,18102,18103,2,3
20259,18103,18059,48,3
20260,18104,18105,5,3
20261,18105,18106,2,3
20262,18106,18101,55,3
20263,18079,18107,135,3
20264,18107,18108,3,3
20265,18108,18022,5,3
20266,18109,18110,5,3
20267,18110,18111,11,3
20268,18111,18112,2,3
20269,18112,18022,3,3
20270,18113,18114,53,3
20271,18114,18115,7,3
20272,18115,18075,6,3
20273,3724,18116,63,3
20274,18116,18075,6,3
20275,18117,18118,3,3
20276,18118,18119,46,3
20277,18119,18120,3,3
20278,18120,18121,7,3
20279,18121,18075,6,3
20280,7668,18079,38,3
20281,18122,18123,11,3
20282,18123,18079,21,3
20283,18117,18082,40,3
20284,18124,18125,39,3
20285,18125,18082,82,3
20286,18104,18109,23,3
20287,18122,18126,11,3
20288,18126,18127,139,3
20289,18127,18109,4,3
20290,18128,18129,92,3
20291,18129,18122,11,3
20292,18130,18131,25,3
20293,18131,18122,11,3
20294,18113,18132,113,3
20295,18132,18122,2,3
20296,4351,18133,5,3
20297,18133,18134,99,3
20298,18134,10930,4,3
20299,10776,18135,9,3
20300,18135,18136,22,3
20301,18136,10930,4,3
20302,18137,18138,1,3
20303,18138,18139,18,3
20304,18139,18140,5,3
20305,18140,4351,5,3
20306,11304,18141,32,3
20307,18141,18142,3,3
20308,18142,18143,14,3
20309,18143,4351,5,3
20310,18040,18144,106,3
20311,18144,18053,6,3
20312,12142,18145,8,3
20313,18145,18146,12,3
20314,18146,18053,6,3
20315,12146,18147,31,3
20316,18147,18148,4,3
20317,18148,18149,1,3
20318,18149,18150,4,3
20319,18150,18053,6,3
20320,18151,18040,20,3
20321,18151,12142,109,3
20322,18065,18060,130,3
20323,18152,18060,41,3
20324,18153,18065,41,3
20325,18011,18154,5,3
20326,18154,18065,40,3
20327,18153,18152,129,3
20328,18155,18156,11,3
20329,18156,18152,38,3
20330,12143,18151,30,3
20331,18157,18158,24,3
20332,18158,18153,17,3
20333,4632,18159,4,3
20334,18159,18160,12,3
20335,18160,18161,10,3
20336,18161,18011,57,3
20337,12130,18162,39,3
20338,18162,18163,6,3
20339,18163,4632,4,3
20340,4632,18164,4,3
20341,18164,18165,13,3
20342,18165,4624,37,3
20343,18157,18166,33,3
20344,18166,18167,4,3
20345,18167,18168,8,3
20346,18168,4632,4,3
20347,12130,12143,30,3
20348,18169,18093,104,3
20349,18170,18171,3,3
20350,18171,18172,3,3
20351,18172,18173,8,3
20352,18173,18104,24,3
20353,18128,18174,45,3
20354,18174,18104,5,3
20355,18169,18175,45,3
20356,18175,18170,5,3
20357,3690,18176,33,3
20358,18176,18177,4,3
20359,18177,18178,6,3
20360,18178,18179,4,3
20361,18179,18170,7,3
20362,18180,18128,25,3
20363,18181,18182,2,3
20364,18182,18155,33,3
20365,18183,18184,4,3
20366,18184,18185,1,3
20367,18185,18155,44,3
20368,18157,18186,90,3
20369,18186,18155,38,3
20370,18187,18157,36,3
20371,18188,18189,8,3
20372,18189,12130,50,3
20373,4133,4135,129,3
20374,4133,18169,46,3
20375,18190,18191,4,3
20376,18191,18192,5,3
20377,18192,18193,3,3
20378,18193,18194,2,3
20379,18194,18195,4,3
20380,18195,1879,7,3
20381,18196,18197,46,3
20382,18197,3690,5,3
20383,18188,18198,8,3
20384,18198,12132,95,3
20385,18199,18200,33,3
20386,18200,12132,8,3
20387,12222,18201,6,3
20388,18201,18202,33,3
20389,18202,18203,56,3
20390,18203,18204,35,3
20391,18204,18205,59,3
20392,18205,18206,18,3
20393,18206,12132,6,3
20394,12153,18207,13,3
20395,18207,18208,32,3
20396,18208,18209,18,3
20397,18209,18210,4,3
20398,18210,18211,12,3
20399,18211,18212,2,3
20400,18212,18213,2,3
20401,18213,18214,29,3
20402,18214,12135,4,3
20403,18215,18216,39,3
20404,18216,18188,8,3
20405,4624,18217,5,3
20406,18217,18218,19,3
20407,18218,18219,4,3
20408,18219,18188,8,3
20409,18183,18220,6,3
20410,18220,18221,177,3
20411,18221,3724,7,3
20412,18222,18223,52,3
20413,18223,3724,9,3
20414,18224,18225,5,3
20415,18225,18226,5,3
20416,18226,18227,9,3
20417,18227,18228,4,3
20418,18228,18229,2,3
20419,18229,18230,3,3
20420,18230,18183,5,3
20421,18087,18231,5,3
20422,18231,18232,4,3
20423,18232,18233,5,3
20424,18233,18234,6,3
20425,18234,18235,3,3
20426,18235,18236,3,3
20427,18236,18237,5,3
20428,18237,18238,6,3
20429,18238,18239,5,3
20430,18239,18240,5,3
20431,18240,18241,6,3
20432,18241,18242,4,3
20433,18242,18183,4,3
20434,18243,18222,38,3
20435,18244,18222,115,3
20436,18245,18246,112,3
20437,18246,18222,32,3
20438,18187,18181,128,3
20439,18247,18248,20,3
20440,18248,18181,19,3
20441,3725,18249,72,3
20442,18249,18250,15,3
20443,18250,18251,9,3
20444,18251,18252,10,3
20445,18252,18224,5,3
20446,5256,18253,4,3
20447,18253,18254,2,3
20448,18254,18255,4,3
20449,18255,18256,3,3
20450,18256,18257,2,3
20451,18257,18258,1,3
20452,18258,18259,2,3
20453,18259,18260,3,3
20454,18260,18261,3,3
20455,18261,18262,5,3
20456,18262,18224,7,3
20457,18124,18263,46,3
20458,18263,18087,4,3
20459,18264,18187,34,3
20460,18196,18245,91,3
20461,18244,18245,33,3
20462,3691,18245,43,3
20463,18265,18196,33,3
20464,18265,18244,93,3
20465,18130,18244,37,3
20466,18247,18264,128,3
20467,4633,18264,34,3
20468,3728,3725,35,3
20469,4633,18266,20,3
20470,18266,18267,24,3
20471,18267,18268,9,3
20472,18268,18269,55,3
20473,18269,18270,15,3
20474,18270,18271,2,3
20475,18271,18272,5,3
20476,18272,18247,28,3
20477,5256,18273,6,3
20478,18273,18247,49,3
20479,5256,18274,5,3
20480,18274,18275,2,3
20481,18275,18276,8,3
20482,18276,18277,9,3
20483,18277,18278,15,3
20484,18278,18279,4,3
20485,18279,3728,66,3
20486,18215,18280,42,3
20487,18280,18281,90,3
20488,18199,18282,28,3
20489,18282,18281,15,3
20490,4596,18283,2,3
20491,18283,18281,32,3
20492,18199,18215,100,3
20493,18284,18285,40,3
20494,18285,18286,19,3
20495,18286,18287,5,3
20496,18287,3675,4,3
20497,18190,18288,1,3
20498,18288,18289,7,3
20499,18289,18290,49,3
20500,18290,3675,4,3
20501,18291,18292,1,3
20502,18292,3676,18,3
20503,18293,18294,40,3
20504,18294,18295,96,3
20505,18295,3676,6,3
20506,18296,18297,44,3
20507,18297,3721,6,3
20508,18298,18296,43,3
20509,5251,18299,4,3
20510,18299,18300,60,3
20511,18300,18301,16,3
20512,18301,18302,10,3
20513,18302,18296,44,3
20514,18303,18304,3,3
20515,18304,18305,66,3
20516,18305,18298,70,3
20517,3744,18306,5,3
20518,18306,18298,45,3
20519,18303,18307,31,3
20520,18307,5251,11,3
20521,18308,18309,4,3
20522,18309,18303,40,3
20523,3819,18310,93,3
20524,18310,18311,4,3
20525,18293,18312,44,3
20526,18312,18311,4,3
20527,3749,18313,4,3
20528,18313,18314,38,3
20529,18314,18311,4,3
20530,18315,18316,4,3
20531,18316,18317,136,3
20532,18317,18311,4,3
20533,5261,3819,47,3
20534,3686,18318,6,3
20535,18318,18293,49,3
20536,5261,18319,8,3
20537,18319,18293,91,3
20538,18320,18321,5,3
20539,18321,18322,5,3
20540,18322,18323,5,3
20541,18323,18324,6,3
20542,18324,18325,4,3
20543,18325,18326,4,3
20544,18326,3744,15,3
20545,18327,18328,36,3
20546,18328,18329,4,3
20547,18329,18330,3,3
20548,18330,18308,2,3
20549,18320,18331,5,3
20550,18331,18332,5,3
20551,18332,18333,3,3
20552,18333,18334,4,3
20553,18334,18335,3,3
20554,18335,18336,4,3
20555,18336,18337,4,3
20556,18337,18338,5,3
20557,18338,18339,5,3
20558,18339,18340,4,3
20559,18340,18341,3,3
20560,18341,18342,3,3
20561,18342,18343,4,3
20562,18343,18344,5,3
20563,18344,18345,4,3
20564,18345,18346,4,3
20565,18346,18347,5,3
20566,18347,18348,5,3
20567,18348,18349,6,3
20568,18349,18308,6,3
20569,18350,18351,41,3
20570,18351,18352,6,3
20571,3749,18353,5,3
20572,18353,18354,6,3
20573,18354,18355,5,3
20574,18355,18356,5,3
20575,18356,18357,4,3
20576,18357,18358,5,3
20577,18358,18359,5,3
20578,18359,18360,4,3
20579,18360,18361,4,3
20580,18361,18362,4,3
20581,18362,18363,4,3
20582,18363,18364,5,3
20583,18364,18365,5,3
20584,18365,18366,3,3
20585,18366,18367,2,3
20586,18367,18368,1,3
20587,18368,18369,1,3
20588,18369,18370,4,3
20589,18370,18371,3,3
20590,18371,18372,3,3
20591,18372,18352,3,3
20592,18373,18374,9,3
20593,18374,18375,9,3
20594,18375,18376,2,3
20595,18376,18377,3,3
20596,18377,18378,3,3
20597,18378,18379,3,3
20598,18379,18380,4,3
20599,18380,18381,3,3
20600,18381,18382,3,3
20601,18382,18383,5,3
20602,18383,18352,5,3
20603,18384,18350,97,3
20604,18385,18350,44,3
20605,18384,18386,41,3
20606,18386,3749,5,3
20607,18315,18387,4,3
20608,18387,18388,5,3
20609,18388,18389,7,3
20610,18389,18390,14,3
20611,18390,18373,8,3
20612,18391,18392,5,3
20613,18392,18393,20,3
20614,18393,18394,2,3
20615,18394,18373,2,3
20616,18395,18396,39,3
20617,18396,18320,5,3
20618,18397,18395,41,3
20619,18327,18398,37,3
20620,18398,18395,64,3
20621,3746,18399,87,3
20622,18399,18400,13,3
20623,18400,18395,11,3
20624,18401,18327,39,3
20625,18402,18403,100,3
20626,18403,18404,12,3
20627,18404,18405,16,3
20628,18405,18406,12,3
20629,18406,18385,15,3
20630,18391,18407,31,3
20631,18407,18385,26,3
20632,18384,18402,38,3
20633,18408,18402,101,3
20634,3816,18409,56,3
20635,18409,18402,27,3
20636,18410,18391,89,3
20637,3778,18384,112,3
20638,18411,3746,41,3
20639,18397,18412,25,3
20640,18412,18411,97,3
20641,3794,18413,39,3
20642,18413,18411,35,3
20643,18408,3778,39,3
20644,18401,18397,101,3
20645,18414,18397,44,3
20646,12320,18401,33,3
20647,3816,18415,7,3
20648,18415,18416,8,3
20649,18416,18417,16,3
20650,18417,18418,3,3
20651,18418,18419,2,3
20652,18419,18420,2,3
20653,18420,18408,25,3
20654,12320,18421,33,3
20655,18421,18422,12,3
20656,18422,18423,9,3
20657,18423,18424,14,3
20658,18424,18425,11,3
20659,18425,18414,22,3
20660,3794,18426,2,3
20661,18426,18414,90,3
20662,16740,18427,8,3
20663,18427,18428,19,3
20664,18428,9043,5,3
20665,10988,11007,58,3
20666,4293,18429,5,3
20667,18429,18430,36,3
20668,18430,16704,6,3
20669,4291,16704,66,3
20670,2273,18431,5,3
20671,18431,18432,49,3
20672,18432,2239,9,3
20673,2236,18433,6,3
20674,18433,2273,37,3
20675,18434,18435,40,3
20676,18435,2236,6,3
20677,5173,10711,41,3
20678,18434,18436,7,3
20679,18436,10711,22,3
20680,2225,2237,43,3
20681,18434,18437,6,3
20682,18437,2237,57,3
20683,18438,18439,20,3
20684,18439,5173,10,3
20685,18438,18434,42,3
20686,18438,2225,64,3
20687,2220,18440,8,3
20688,18440,18438,55,3
20689,18441,4742,44,3
20690,18442,18443,6,3
20691,18443,18444,41,3
20692,18444,4742,5,3
20693,18442,18445,6,3
20694,18445,18446,1,3
20695,18446,18447,27,3
20696,18447,4738,6,3
20697,18448,18449,6,3
20698,18449,18450,36,3
20699,18450,2220,7,3
20700,5575,18451,17,3
20701,18451,5171,37,3
20702,18448,18452,22,3
20703,18452,5171,8,3
20704,18453,18454,7,3
20705,18454,18455,1,3
20706,18455,18456,24,3
20707,18456,18457,1,3
20708,18457,7900,8,3
20709,6807,18458,5,3
20710,18458,18459,2,3
20711,18459,18460,6,3
20712,18460,18461,103,3
20713,18461,7900,11,3
20714,18442,18462,7,3
20715,18462,18463,41,3
20716,18463,18464,26,3
20717,18464,7900,8,3
20718,4302,2223,52,3
20719,18448,2223,65,3
20720,18453,18465,9,3
20721,18465,18466,24,3
20722,18466,18467,101,3
20723,18467,18441,5,3
20724,8996,18468,7,3
20725,18468,18441,34,3
20726,5572,18469,6,3
20727,18469,18470,19,3
20728,18470,5175,6,3
20729,5575,18471,17,3
20730,18471,18472,27,3
20731,18472,18473,59,3
20732,18473,5175,8,3
20733,18474,18475,33,3
20734,18475,5575,2,3
20735,5572,18476,7,3
20736,18476,18477,65,3
20737,18477,18478,20,3
20738,18478,5575,17,3
20739,18474,18479,8,3
20740,18479,18480,39,3
20741,18480,18448,7,3
20742,18481,4302,52,3
20743,18474,4302,64,3
20744,18482,18483,5,3
20745,18483,18484,10,3
20746,18484,18453,29,3
20747,18485,18486,19,3
20748,18486,18487,2,3
20749,18487,18488,115,3
20750,18488,18453,9,3
20751,6807,18489,5,3
20752,18489,18490,40,3
20753,18490,18485,19,3
20754,18485,18491,6,3
20755,18491,18492,55,3
20756,18492,6807,5,3
20757,5401,18493,10,3
20758,18493,18494,75,3
20759,18494,18495,4,3
20760,18495,18496,5,3
20761,18496,6807,5,3
20762,4299,4317,56,3
20763,5452,4299,49,3
20764,5445,18497,8,3
20765,18497,18498,3,3
20766,18498,4299,111,3
20767,18499,18500,64,3
20768,18500,8996,8,3
20769,8992,18501,96,3
20770,18501,8996,8,3
20771,5445,5401,29,3
20772,5572,18502,7,3
20773,18502,18503,85,3
20774,18503,5581,5,3
20775,18504,18505,37,3
20776,18505,18506,9,3
20777,18506,18482,5,3
20778,18507,18508,9,3
20779,18508,18509,8,3
20780,18509,18510,5,3
20781,18510,18511,23,3
20782,18511,18512,7,3
20783,18512,18482,5,3
20784,18499,18513,64,3
20785,18513,18514,8,3
20786,18514,18482,5,3
20787,5445,18515,6,3
20788,18515,18516,3,3
20789,18516,18517,3,3
20790,18517,18518,82,3
20791,18518,18519,5,3
20792,18519,18485,6,3
20793,18485,18520,14,3
20794,18520,18521,36,3
20795,18521,5451,5,3
20796,5451,18522,5,3
20797,18522,18523,34,3
20798,18523,18485,15,3
20799,18504,18524,73,3
20800,18524,18525,7,3
20801,18525,18526,3,3
20802,18526,18485,14,3
20803,18481,18527,9,3
20804,18527,18528,39,3
20805,18528,18529,5,3
20806,18529,18530,2,3
20807,18530,18531,4,3
20808,18531,18532,5,3
20809,18532,18533,30,3
20810,18533,18474,8,3
20811,4305,18534,9,3
20812,18534,18535,9,3
20813,18535,18481,36,3
20814,12088,18536,5,3
20815,18536,18537,11,3
20816,18537,18538,57,3
20817,18538,18499,6,3
20818,4298,18539,9,3
20819,18539,18540,29,3
20820,18540,5452,20,3
20821,18541,18504,54,3
20822,18541,18542,83,3
20823,18542,5451,5,3
20824,18507,18541,49,3
20825,12088,18543,72,3
20826,18543,18507,8,3
20827,6244,18544,47,3
20828,18544,6261,11,3
20829,8367,6244,57,3
20830,8145,18545,8,3
20831,18545,18546,26,3
20832,18546,6244,15,3
20833,18547,8367,47,3
20834,18548,18549,10,3
20835,18549,8481,22,3
20836,18547,18550,51,3
20837,18550,8145,9,3
20838,18551,18552,7,3
20839,18552,18553,51,3
20840,18553,8111,8,3
20841,18554,18555,13,3
20842,18555,18556,26,3
20843,18556,8111,7,3
20844,18551,18557,13,3
20845,18557,18548,8,3
20846,8356,18558,6,3
20847,18558,18559,29,3
20848,18559,18548,8,3
20849,8368,18547,60,3
20850,8356,8368,26,3
20851,10382,18560,7,3
20852,18560,18561,26,3
20853,18561,8368,9,3
20854,10233,18562,64,3
20855,18562,10382,9,3
20856,6824,18563,8,3
20857,18563,18564,8,3
20858,18564,18565,29,3
20859,18565,18566,8,3
20860,18566,6667,4,3
20861,6824,18567,8,3
20862,18567,18568,37,3
20863,18568,6667,14,3
20864,6835,18569,8,3
20865,18569,18570,39,3
20866,18570,18571,4,3
20867,18571,18572,4,3
20868,18572,6667,14,3
20869,18573,18574,16,3
20870,18574,18575,20,3
20871,18575,18576,5,3
20872,18576,6667,14,3
20873,10394,18551,51,3
20874,18554,18577,19,3
20875,18577,18578,8,3
20876,18578,18579,3,3
20877,18579,18580,5,3
20878,18580,18581,32,3
20879,18581,10394,6,3
20880,11026,18582,7,3
20881,18582,18583,11,3
20882,18583,18584,10,3
20883,18584,18585,14,3
20884,18585,6853,29,3
20885,10371,18586,14,3
20886,18586,18554,20,3
20887,18587,18588,49,3
20888,18588,18589,7,3
20889,18589,6829,14,3
20890,18590,18591,6,3
20891,18591,18592,28,3
20892,18592,6829,15,3
20893,11624,18593,4,3
20894,18593,18594,33,3
20895,18594,18595,23,3
20896,18595,18596,38,3
20897,18596,6829,15,3
20898,18597,18598,9,3
20899,18598,18599,1,3
20900,18599,18600,10,3
20901,18600,18601,5,3
20902,18601,18602,3,3
20903,18602,18603,10,3
20904,18603,18604,20,3
20905,18604,6829,15,3
20906,10371,18605,1,3
20907,18605,18606,49,3
20908,18606,18607,28,3
20909,18607,18608,8,3
20910,18608,6829,4,3
20911,6755,18609,17,3
20912,18609,18610,86,3
20913,18610,18611,11,3
20914,18611,17765,3,3
20915,17765,18612,14,3
20916,18612,18613,12,3
20917,18613,18614,25,3
20918,18614,18615,58,3
20919,18615,6755,2,3
20920,2090,18616,21,3
20921,18616,17765,15,3
20922,2100,18617,18,3
20923,18617,18618,2,3
20924,18618,18619,114,3
20925,18619,18620,13,3
20926,18620,17765,15,3
20927,17660,18621,1,3
20928,18621,18622,20,3
20929,18622,17765,14,3
20930,6755,18623,17,3
20931,18623,18624,6,3
20932,18624,18625,51,3
20933,18626,18627,4,3
20934,18627,18628,30,3
20935,18628,18629,30,3
20936,18629,18630,3,3
20937,18630,18631,5,3
20938,18631,6755,17,3
20939,10377,18632,13,3
20940,18632,18633,17,3
20941,18633,18634,12,3
20942,18634,10233,8,3
20943,18635,18636,35,3
20944,18636,18625,2,3
20945,18625,18637,31,3
20946,18637,18638,12,3
20947,18638,17660,1,3
20948,17858,18635,31,3
20949,18626,18639,4,3
20950,18639,18640,18,3
20951,18640,18641,3,3
20952,18641,18642,51,3
20953,18642,18635,73,3
20954,11026,18643,20,3
20955,18643,6824,8,3
20956,6754,18644,33,3
20957,18644,18626,7,3
20958,18645,18646,37,3
20959,18646,6754,3,3
20960,4952,18647,5,3
20961,18647,18645,30,3
20962,17858,18648,81,3
20963,18648,18649,79,3
20964,18649,18645,25,3
20965,10371,18650,14,3
20966,18650,18651,29,3
20967,18651,18652,4,3
20968,18652,18587,3,3
20969,10371,18653,6,3
20970,18653,18587,28,3
20971,10439,18654,44,3
20972,18654,18655,5,3
20973,18655,18656,6,3
20974,18656,18657,10,3
20975,18657,18658,12,3
20976,18658,10371,14,3
20977,18659,18660,13,3
20978,18660,18661,9,3
20979,18661,10371,14,3
20980,18662,18663,18,3
20981,18663,6835,7,3
20982,18664,18665,44,3
20983,18665,18573,16,3
20984,18666,18667,8,3
20985,18667,18668,37,3
20986,18668,18573,18,3
20987,18669,18670,4,3
20988,18670,18671,14,3
20989,18671,18672,21,3
20990,18672,18573,18,3
20991,18662,18673,55,3
20992,18673,18573,12,3
20993,18674,18675,7,3
20994,18675,18664,50,3
20995,18674,18676,8,3
20996,18676,18677,34,3
20997,18677,18678,3,3
20998,18678,18679,2,3
20999,18679,18664,2,3
21000,6678,18680,8,3
21001,18680,18681,78,3
21002,18681,18682,25,3
21003,18682,18674,7,3
21004,18669,18683,4,3
21005,18683,18684,16,3
21006,18684,18685,10,3
21007,18685,18686,11,3
21008,18686,18674,8,3
21009,18687,18688,6,3
21010,18688,18689,38,3
21011,18689,18674,6,3
21012,4873,18690,42,3
21013,4876,18691,38,3
21014,18691,18690,4,3
21015,6678,18692,8,3
21016,18692,18693,47,3
21017,18693,18690,14,3
21018,5143,4873,23,3
21019,18687,18694,6,3
21020,18694,4876,155,3
21021,5143,18695,54,3
21022,18695,18696,26,3
21023,18696,18697,23,3
21024,18697,6678,8,3
21025,18687,18698,6,3
21026,18698,18699,4,3
21027,18699,18700,42,3
21028,18700,18669,4,3
21029,18701,18702,34,3
21030,18702,18669,4,3
21031,6984,18703,7,3
21032,18703,18704,4,3
21033,18704,18705,2,3
21034,18705,18706,3,3
21035,18706,18707,45,3
21036,18707,18708,27,3
21037,18708,18709,10,3
21038,18709,18710,3,3
21039,18710,6847,6,3
21040,6969,18711,6,3
21041,18711,18712,19,3
21042,18712,6847,6,3
21043,4878,18713,21,3
21044,18713,18714,28,3
21045,18714,18715,4,3
21046,18715,18716,5,3
21047,18716,18687,6,3
21048,18717,16422,33,3
21049,10131,18718,23,3
21050,18718,16422,31,3
21051,18719,18720,20,3
21052,18720,18721,8,3
21053,18721,4952,5,3
21054,10125,10325,30,3
21055,18590,18722,6,3
21056,18722,18659,23,3
21057,6971,18723,2,3
21058,18723,18724,3,3
21059,18724,11624,63,3
21060,6971,18725,46,3
21061,18725,18726,11,3
21062,18726,18727,11,3
21063,18727,18728,26,3
21064,18728,18597,9,3
21065,6969,18729,14,3
21066,18729,18730,5,3
21067,18730,18731,2,3
21068,18731,18732,16,3
21069,18732,18733,2,3
21070,18733,18734,2,3
21071,18734,18735,12,3
21072,18735,18736,4,3
21073,18736,18737,3,3
21074,18737,18597,9,3
21075,18666,18701,33,3
21076,8740,18738,2,3
21077,18738,18739,6,3
21078,18739,18701,43,3
21079,18666,18662,29,3
21080,8776,18740,15,3
21081,18740,18662,38,3
21082,8776,18741,14,3
21083,18741,18742,33,3
21084,18742,18666,8,3
21085,8776,18743,14,3
21086,18743,18744,19,3
21087,18744,8740,5,3
21088,4839,4878,28,3
21089,10304,18745,2,3
21090,18745,10125,79,3
21091,10874,18719,70,3
21092,18746,18747,23,3
21093,18747,18719,6,3
21094,18748,10874,29,3
21095,18748,18746,69,3
21096,18749,18750,8,3
21097,18750,18751,26,3
21098,18751,18746,3,3
21099,10883,18752,7,3
21100,18752,18748,31,3
21101,18749,18753,15,3
21102,18753,4928,20,3
21103,10952,18754,32,3
21104,18754,4928,10,3
21105,10883,18749,67,3
21106,18755,18756,2,3
21107,18756,10131,35,3
21108,10963,18757,8,3
21109,18757,18758,2,3
21110,18758,18759,20,3
21111,18759,4922,26,3
21112,10448,11638,103,3
21113,16532,10128,27,3
21114,9272,10963,76,3
21115,9274,18760,7,3
21116,18760,10963,30,3
21117,9129,18761,28,3
21118,18761,18762,40,3
21119,18762,18763,6,3
21120,18763,9274,7,3
21121,18764,18765,23,3
21122,18765,18766,8,3
21123,18766,9274,7,3
21124,18764,18767,11,3
21125,18767,18768,36,3
21126,18768,9129,14,3
21127,9131,18764,57,3
21128,7237,18769,4,3
21129,18769,18770,31,3
21130,18770,7253,4,3
21131,7362,18771,2,3
21132,18771,18772,6,3
21133,18772,18773,95,3
21134,18773,18774,2,3
21135,18774,7253,51,3
21136,8399,18775,2,3
21137,18775,16562,54,3
21138,10302,16562,30,3
21139,6428,16562,29,3
21140,11639,10448,30,3
21141,11645,18776,5,3
21142,18776,18777,74,3
21143,18777,11633,5,3
21144,18778,18779,4,3
21145,18779,18780,88,3
21146,18780,18781,5,3
21147,18781,7362,2,3
21148,7245,18782,19,3
21149,18782,18783,4,3
21150,18783,7362,2,3
21151,11355,18784,4,3
21152,18784,11645,26,3
21153,11361,18785,5,3
21154,18785,18786,63,3
21155,18786,11645,6,3
21156,11361,18787,35,3
21157,18787,11562,6,3
21158,8799,18788,73,3
21159,18788,11562,6,3
21160,11623,18789,71,3
21161,18789,11361,4,3
21162,11623,8799,34,3
21163,10897,18790,26,3
21164,18790,18791,2,3
21165,18791,18792,3,3
21166,18792,18793,4,3
21167,18793,18794,4,3
21168,18794,9238,4,3
21169,9255,18795,40,3
21170,18795,9238,5,3
21171,10916,18796,4,3
21172,18796,10897,42,3
21173,10916,18797,4,3
21174,18797,18798,40,3
21175,18798,9255,2,3
21176,18799,18800,8,3
21177,18800,18801,20,3
21178,18801,18802,33,3
21179,18802,10957,8,3
21180,18799,18803,8,3
21181,18803,18804,52,3
21182,18804,10957,8,3
21183,18805,18806,12,3
21184,18806,18807,9,3
21185,18807,10957,8,3
21186,4936,18808,7,3
21187,18808,18809,15,3
21188,18809,9236,35,3
21189,18805,18810,13,3
21190,18810,18811,16,3
21191,18811,18812,17,3
21192,18812,18813,1,3
21193,18813,9236,8,3
21194,7350,18814,10,3
21195,18814,18815,32,3
21196,18815,18778,4,3
21197,10830,18816,15,3
21198,18816,18778,6,3
21199,10832,18817,44,3
21200,18817,18778,5,3
21201,7245,18818,5,3
21202,18818,10830,92,3
21203,8177,10832,57,3
21204,8407,8178,32,3
21205,18819,8407,28,3
21206,18820,18821,9,3
21207,18821,7358,46,3
21208,18822,18823,5,3
21209,18823,18824,46,3
21210,18824,18825,12,3
21211,18825,8173,6,3
21212,8404,18826,30,3
21213,18826,8173,5,3
21214,11404,8504,28,3
21215,8801,18827,23,3
21216,18827,18828,85,3
21217,18828,8504,6,3
21218,18820,18829,9,3
21219,18829,8801,88,3
21220,9203,18830,10,3
21221,18830,7357,10,3
21222,18820,18831,9,3
21223,18831,18832,157,3
21224,18832,7357,6,3
21225,9199,18833,22,3
21226,18833,18822,5,3
21227,9203,18834,5,3
21228,18834,18835,22,3
21229,18835,18836,14,3
21230,18836,18837,30,3
21231,18837,18822,6,3
21232,10945,8404,43,3
21233,11413,18838,20,3
21234,18838,18820,9,3
21235,18839,18840,40,3
21236,18840,18820,9,3
21237,11403,18841,91,3
21238,18841,11404,5,3
21239,18842,18839,36,3
21240,9188,18839,61,3
21241,18842,18843,44,3
21242,18843,18844,13,3
21243,18844,18845,12,3
21244,18845,18846,2,3
21245,18846,18847,8,3
21246,18847,9203,5,3
21247,1773,2429,88,3
21248,2476,1773,21,3
21249,18848,18849,4,3
21250,18849,18850,10,3
21251,18850,18851,8,3
21252,18851,18852,7,3
21253,18852,18853,7,3
21254,18853,16338,13,3
21255,18848,18854,55,3
21256,18848,18855,19,3
21257,18855,18856,33,3
21258,18856,18857,31,3
21259,18857,18858,36,3
21260,18858,18854,27,3
21261,9459,18859,5,3
21262,18859,18860,7,3
21263,18860,18861,17,3
21264,18861,18862,5,3
21265,18862,18854,12,3
21266,7773,11203,86,3
21267,18117,18863,3,3
21268,18863,18124,79,3
21269,457,18864,5,3
21270,18864,18865,4,3
21271,18865,18866,4,3
21272,18866,18867,4,3
21273,18867,18868,3,3
21274,18868,441,3,3
21275,311,18869,8,3
21276,18869,18870,8,3
21277,18870,18871,27,3
21278,18871,18872,8,3
21279,18872,18873,7,3
21280,18873,18874,9,3
21281,18874,18875,8,3
21282,18875,18876,23,3
21283,18876,10081,7,3
21284,10081,18877,17,3
21285,18877,18878,17,3
21286,18878,10078,12,3
21287,438,18879,8,3
21288,18879,18880,38,3
21289,18880,18881,31,3
21290,18881,18882,20,3
21291,18882,18883,21,3
21292,18883,18884,4,3
21293,18884,18885,29,3
21294,18885,18886,6,3
21295,18886,18887,7,3
21296,18887,18888,4,3
21297,18888,18889,31,3
21298,18889,18890,11,3
21299,18890,18891,7,3
21300,18891,18892,9,3
21301,18892,18893,9,3
21302,18893,18894,5,3
21303,18894,18895,19,3
21304,18895,18896,6,3
21305,18896,15333,16,3
21306,17191,17197,60,3
21307,3519,18897,51,3
21308,18897,1450,40,3
21309,14435,7512,89,3
21310,17395,7773,50,3
21311,7571,17452,41,3
21312,11274,17395,37,3
21313,17321,17395,60,3
21314,17355,11274,30,3
21315,17319,17321,37,3
21316,18291,18898,2,3
21317,18898,18899,5,3
21318,18899,18900,4,3
21319,18900,18901,3,3
21320,18901,18902,4,3
21321,18902,18903,3,3
21322,18903,18315,2,3
21323,17300,18904,40,3
21324,18905,18906,3,3
21325,18906,18904,80,3
21326,17383,18907,5,3
21327,18907,18904,33,3
21328,18908,18909,78,3
21329,18909,17300,1,3
21330,17419,18910,4,3
21331,18910,18911,1,3
21332,18911,18912,1,3
21333,18912,18913,29,3
21334,18913,18905,3,3
21335,18908,18914,25,3
21336,18914,18905,3,3
21337,17374,18915,108,3
21338,18915,18905,3,3
21339,17419,18916,3,3
21340,18916,18917,3,3
21341,18917,17383,78,3
21342,17430,18918,26,3
21343,18918,17383,6,3
21344,17368,18919,5,3
21345,18919,17377,37,3
21346,17328,18920,29,3
21347,18920,18908,14,3
21348,18180,18265,36,3
21349,18180,18130,92,3
21350,18243,18130,114,3
21351,17368,18921,6,3
21352,18921,18922,6,3
21353,18922,18923,4,3
21354,18923,18924,4,3
21355,18924,18925,7,3
21356,18925,18926,3,3
21357,18926,18927,32,3
21358,18927,18928,5,3
21359,18928,18929,3,3
21360,18929,17419,2,3
21361,17374,17327,27,3
21362,17328,17327,77,3
21363,18243,18113,37,3
21364,18930,18931,4,3
21365,18931,10952,26,3
21366,15694,2946,23,3
21367,15860,2946,40,3
21368,15769,15860,27,3
21369,15960,18932,45,3
21370,18932,2951,5,3
21371,2952,15960,42,3
21372,18933,18934,7,3
21373,18934,18935,50,3
21374,18935,10776,9,3
21375,18936,18937,2,3
21376,18937,12337,20,3
21377,12162,12222,27,3
21378,15575,15416,107,3
21379,15575,5371,111,3
21380,5325,18938,4,3
21381,18938,18939,29,3
21382,18939,18940,4,3
21383,18940,5371,35,3
21384,18941,18942,10,3
21385,18942,18943,6,3
21386,18943,18944,2,3
21387,18944,18945,6,3
21388,18945,18946,7,3
21389,18946,18947,33,3
21390,18947,10169,2,3
21391,10165,18948,28,3
21392,18948,10294,15,3
21393,18930,18949,6,3
21394,18949,18950,12,3
21395,18950,4930,2,3
21396,18799,18951,8,3
21397,18951,18952,10,3
21398,18952,18953,2,3
21399,18953,18954,11,3
21400,18954,18930,16,3
21401,10113,18955,22,3
21402,18955,10078,10,3
21403,18956,10807,37,3
21404,10884,18957,26,3
21405,18957,18956,21,3
21406,17782,18958,39,3
21407,18958,17609,28,3
21408,18959,18960,4,3
21409,18960,2100,28,3
21410,15026,18961,35,3
21411,18961,15025,18,3
21412,18962,14927,43,3
21413,14928,18962,33,3
21414,14995,18962,32,3
21415,15164,15170,31,3
21416,15247,18963,3,3
21417,18963,15170,74,3
21418,15768,15813,31,3
21419,15769,15768,33,3
21420,15694,15769,52,3
21421,14812,14739,29,3
21422,18964,14812,37,3
21423,14761,18965,8,3
21424,18965,18966,29,3
21425,18966,14775,9,3
21426,14761,18967,13,3
21427,18967,18968,30,3
21428,18968,14775,8,3
21429,14729,7914,43,3
21430,11788,18969,2,3
21431,18969,18970,3,3
21432,18970,18971,10,3
21433,18971,18972,21,3
21434,14653,18973,8,3
21435,18973,18974,13,3
21436,18974,18975,7,3
21437,18975,18976,7,3
21438,18976,18977,10,3
21439,18977,18978,27,3
21440,18978,18979,39,3
21441,18979,18980,7,3
21442,18980,14640,9,3
21443,14653,18981,18,3
21444,18981,11788,4,3
21445,15142,15268,36,3
21446,5849,18982,2,3
21447,18982,5836,30,3
21448,18983,15177,20,3
21449,10466,18984,3,3
21450,18984,18985,23,3
21451,18985,15761,3,3
21452,9854,18986,8,3
21453,18986,18987,39,3
21454,18987,18988,4,3
21455,18988,18989,14,3
21456,18989,18990,7,3
21457,18990,18991,49,3
21458,18991,18992,22,3
21459,18992,9861,22,3
21460,16718,18993,46,3
21461,18993,18994,2,3
21462,18994,18995,20,3
21463,18995,16740,33,3
21464,9306,12600,47,3
21465,3265,18996,4,3
21466,18996,18997,12,3
21467,18997,3243,54,3
21468,18998,18999,29,3
21469,18999,3265,4,3
21470,13664,19000,5,3
21471,19000,19001,10,3
21472,19001,19002,8,3
21473,19002,19003,7,3
21474,19003,19004,10,3
21475,19004,19005,15,3
21476,19005,19006,7,3
21477,19006,19007,4,3
21478,19007,19008,3,3
21479,19008,19009,7,3
21480,19009,18998,14,3
21481,12572,19010,10,3
21482,19010,19011,4,3
21483,19011,19012,3,3
21484,19012,19013,2,3
21485,19013,19014,2,3
21486,19014,12358,6,3
21487,4616,12162,103,3
21488,3215,19015,4,3
21489,19015,19016,33,3
21490,15738,19017,13,3
21491,19017,19018,10,3
21492,19018,19019,4,3
21493,19019,19020,19,3
21494,19020,19021,12,3
21495,19021,19022,13,3
21496,19022,19023,12,3
21497,19023,19024,8,3
21498,19024,19025,12,3
21499,19025,19026,16,3
21500,19026,19027,7,3
21501,16606,19028,57,3
21502,19028,16660,45,3
21503,19029,19030,3,3
21504,19030,19031,7,3
21505,19031,19032,12,3
21506,19032,19033,4,3
21507,19033,19034,4,3
21508,19034,16660,4,3
21509,16609,19035,5,3
21510,19035,19036,43,3
21511,19036,19037,3,3
21512,19037,16606,7,3
21513,19038,19039,21,3
21514,19039,16609,16,3
21515,18284,19040,45,3
21516,19040,18291,5,3
21517,18410,18284,27,3
21518,18190,19041,16,3
21519,19041,19042,16,3
21520,19042,18410,53,3
21521,4668,19043,6,3
21522,19043,4712,20,3
21523,6883,19044,54,3
21524,6900,19045,14,3
21525,19045,19044,26,3
21526,12443,12278,23,3
21527,12277,12495,34,3
21528,12661,12915,92,3
21529,12919,12336,24,3
21530,19046,12923,34,3
21531,12315,19047,4,3
21532,19047,19048,45,3
21533,19048,12443,15,3
21534,5188,19049,15,3
21535,19049,19050,13,3
21536,19050,19051,8,3
21537,19051,19052,23,3
21538,19052,19053,1,3
21539,19053,19054,4,3
21540,19054,19055,1,3
21541,19055,19056,1,3
21542,19056,19057,7,3
21543,19057,19058,6,3
21544,19058,19059,6,3
21545,19059,4668,6,3
21546,3901,19060,9,3
21547,19060,19061,3,3
21548,19061,19062,22,3
21549,19062,19063,3,3
21550,19063,19064,2,3
21551,19064,19065,15,3
21552,19065,19066,27,3
21553,19066,5188,24,3
21554,4661,19067,93,3
21555,19067,3901,9,3
21556,12242,19068,11,3
21557,19068,12450,13,3
21558,12502,19069,30,3
21559,19070,19071,21,3
21560,19071,19072,34,3
21561,19072,13650,1,3
21562,19073,16266,34,3
21563,16180,19074,28,3
21564,19074,19075,4,3
21565,19075,19073,10,3
21566,11483,19076,2,3
21567,19076,19077,18,3
21568,19077,19078,8,3
21569,19078,16651,2,3
21570,11483,19079,2,3
21571,19079,19080,33,3
21572,19080,16665,3,3
21573,19081,19082,6,3
21574,19082,19083,5,3
21575,19083,19084,5,3
21576,19084,19085,5,3
21577,19085,19086,4,3
21578,19086,19087,12,3
21579,19087,19088,3,3
21580,19088,19089,13,3
21581,19089,3255,3,3
21582,19090,19091,13,3
21583,19091,19092,5,3
21584,19092,19093,6,3
21585,19093,19081,15,3
21586,19094,19095,9,3
21587,19095,19096,7,3
21588,19096,19097,10,3
21589,19097,19081,8,3
21590,19098,19099,4,3
21591,19099,19100,3,3
21592,19100,19101,10,3
21593,19101,19102,15,3
21594,19102,19103,12,3
21595,19103,19104,8,3
21596,19104,19105,9,3
21597,19105,19106,12,3
21598,19106,19107,1,3
21599,19107,1558,7,3
21600,11612,19108,43,3
21601,19108,11582,10,3
21602,19109,19110,15,3
21603,19110,19111,2,3
21604,19111,19112,2,3
21605,19112,19113,8,3
21606,19113,11582,10,3
21607,19109,19114,29,3
21608,19115,19116,18,3
21609,19116,19117,5,3
21610,19117,13321,15,3
21611,19118,19119,40,3
21612,19119,2354,7,3
21613,19120,19121,4,3
21614,19121,19122,5,3
21615,19122,19123,3,3
21616,19123,19124,2,3
21617,19124,19125,2,3
21618,19125,19126,18,3
21619,19126,2354,7,3
21620,19098,19127,4,3
21621,19127,19128,28,3
21622,19128,19129,11,3
21623,19129,19120,12,3
21624,19130,19131,22,3
21625,19131,19120,7,3
21626,19118,19132,1,3
21627,19132,19133,13,3
21628,19133,19130,11,3
21629,19134,19135,22,3
21630,19135,19136,17,3
21631,19136,3083,3,3
21632,19137,11648,30,3
21633,7165,19138,3,3
21634,19138,19139,16,3
21635,19139,9324,87,3
21636,18137,19140,58,3
21637,19140,18933,7,3
21638,18137,19141,13,3
21639,19141,19142,56,3
21640,19142,18933,7,3
21641,16808,16831,36,3
21642,13260,19143,4,3
21643,19143,19144,52,3
21644,19144,19145,15,3
21645,19145,19146,17,3
21646,19146,19147,37,3
21647,19147,13099,6,3
21648,13834,19148,10,3
21649,19148,19149,5,3
21650,19149,19150,21,3
21651,19150,13260,3,3
21652,13298,19151,32,3
21653,19151,19152,40,3
21654,19152,13354,2,3
21655,13808,19153,32,3
21656,19153,13252,4,3
21657,13574,19154,6,3
21658,19154,19155,43,3
21659,19155,13252,4,3
21660,19156,19157,20,3
21661,19157,17289,1,3
21662,14011,19158,15,3
21663,19158,19159,9,3
21664,19159,13938,12,3
21665,3956,19160,6,3
21666,19160,19161,6,3
21667,19161,19162,20,3
21668,19162,19163,24,3
21669,19163,19164,1,3
21670,19164,19165,1,3
21671,19165,19166,14,3
21672,19166,2260,11,3
21673,19167,19168,31,3
21674,19168,2260,8,3
21675,5047,19169,25,3
21676,19169,19170,77,3
21677,19170,19171,24,3
21678,19171,5047,76,3
21679,3956,7838,34,3
21680,19172,19173,48,3
21681,19173,7838,5,3
21682,19174,19172,23,3
21683,19175,19176,2,3
21684,19176,19177,17,3
21685,19177,19178,36,3
21686,14518,19179,2,3
21687,19179,19180,15,3
21688,19180,19175,4,3
21689,17319,17355,30,3
21690,19181,19182,21,3
21691,19182,18755,2,3
21692,18717,19183,18,3
21693,19183,19184,42,3
21694,19184,18755,2,3
21695,16428,19185,8,3
21696,19185,19186,9,3
21697,19186,19187,11,3
21698,19187,18717,11,3
21699,19188,19189,14,3
21700,19189,19190,12,3
21701,19190,9324,7,3
21702,16568,19191,33,3
21703,19191,16527,8,3
21704,16487,19192,8,3
21705,19192,19193,14,3
21706,19193,19194,2,3
21707,19194,19195,21,3
21708,19195,19196,4,3
21709,19196,19197,12,3
21710,19197,19198,16,3
21711,19198,19199,27,3
21712,19199,16568,27,3
21713,16501,16492,20,3
21714,19200,19201,24,3
21715,19201,19202,14,3
21716,19202,16506,6,3
21717,19203,19204,12,3
21718,19204,19205,13,3
21719,19205,16391,2,3
21720,19206,16364,30,3
